Investment, RootNode, BuildGen, 'C-Biomass_IGCC':2020, 0.0
Investment, RootNode, BuildGen, 'C-Biomass_IGCC':2030, 0.0
Investment, RootNode, BuildGen, 'C-Central_PV-1':2020, 1.87890784915724
Investment, RootNode, BuildGen, 'C-Central_PV-1':2030, 0.0
Investment, RootNode, BuildGen, 'C-Central_PV-2':2020, 0.180201393875986
Investment, RootNode, BuildGen, 'C-Central_PV-2':2030, 0.0
Investment, RootNode, BuildGen, 'C-Coal_IGCC':2020, 0.0
Investment, RootNode, BuildGen, 'C-Coal_IGCC':2030, 0.0
Investment, RootNode, BuildGen, 'C-Coal_ST':1985, 2.0
Investment, RootNode, BuildGen, 'C-Commercial_PV':2020, 0.0
Investment, RootNode, BuildGen, 'C-Commercial_PV':2030, 0.0
Investment, RootNode, BuildGen, 'C-NG_CC':2005, 2.0
Investment, RootNode, BuildGen, 'C-NG_CC':2020, 0.522104034329255
Investment, RootNode, BuildGen, 'C-NG_CC':2030, 7.28995506387364
Investment, RootNode, BuildGen, 'C-NG_GT':2005, 2.0
Investment, RootNode, BuildGen, 'C-NG_GT':2020, 0.0
Investment, RootNode, BuildGen, 'C-NG_GT':2030, 0.0
Investment, RootNode, BuildGen, 'C-Nuclear':2030, 0.0
Investment, RootNode, BuildGen, 'C-Residential_PV':2020, 0.0
Investment, RootNode, BuildGen, 'C-Residential_PV':2030, 0.0
Investment, RootNode, BuildGen, 'C-Wind-1':2020, 0.269327202379826
Investment, RootNode, BuildGen, 'C-Wind-1':2030, 3.73067279762017
Investment, RootNode, BuildGen, 'C-Wind-2':2020, 0.0686918877500861
Investment, RootNode, BuildGen, 'C-Wind-2':2030, 2.93130811224991
Investment, RootNode, BuildGen, 'N-Biomass_IGCC':2020, 0.0
Investment, RootNode, BuildGen, 'N-Biomass_IGCC':2030, 0.0
Investment, RootNode, BuildGen, 'N-Biomass_IGCC_CCS':2030, 0.0
Investment, RootNode, BuildGen, 'N-Central_PV-1':2020, 0.0
Investment, RootNode, BuildGen, 'N-Central_PV-1':2030, 0.0
Investment, RootNode, BuildGen, 'N-Central_PV-2':2020, 0.0
Investment, RootNode, BuildGen, 'N-Central_PV-2':2030, 0.0
Investment, RootNode, BuildGen, 'N-Coal_IGCC':2020, 0.0
Investment, RootNode, BuildGen, 'N-Coal_IGCC':2030, 0.0
Investment, RootNode, BuildGen, 'N-Coal_IGCC_CCS':2030, 0.0
Investment, RootNode, BuildGen, 'N-Coal_ST':1995, 2.0
Investment, RootNode, BuildGen, 'N-Commercial_PV':2020, 0.0
Investment, RootNode, BuildGen, 'N-Commercial_PV':2030, 0.0
Investment, RootNode, BuildGen, 'N-Geothermal':2000, 1.0
Investment, RootNode, BuildGen, 'N-Geothermal':2020, 0.0
Investment, RootNode, BuildGen, 'N-Geothermal':2030, 0.0
Investment, RootNode, BuildGen, 'N-NG_CC':2008, 2.0
Investment, RootNode, BuildGen, 'N-NG_CC':2020, 0.078094358336279
Investment, RootNode, BuildGen, 'N-NG_CC':2030, 0.0
Investment, RootNode, BuildGen, 'N-NG_CC_CCS':2030, 0.0
Investment, RootNode, BuildGen, 'N-NG_GT':2009, 2.0
Investment, RootNode, BuildGen, 'N-NG_GT':2020, 0.0
Investment, RootNode, BuildGen, 'N-NG_GT':2030, 0.0
Investment, RootNode, BuildGen, 'N-Nuclear':2030, 0.0
Investment, RootNode, BuildGen, 'N-Residential_PV':2020, 0.0
Investment, RootNode, BuildGen, 'N-Residential_PV':2030, 0.0
Investment, RootNode, BuildGen, 'N-Wind-1':2020, 0.0
Investment, RootNode, BuildGen, 'N-Wind-1':2030, 3.6698926398474905
Investment, RootNode, BuildGen, 'N-Wind-2':2020, 1.0
Investment, RootNode, BuildGen, 'N-Wind-2':2030, 0.0
Investment, RootNode, BuildGen, 'S-Biomass_IGCC':2020, 0.0
Investment, RootNode, BuildGen, 'S-Biomass_IGCC':2030, 0.0
Investment, RootNode, BuildGen, 'S-Biomass_IGCC_CCS':2030, 0.0
Investment, RootNode, BuildGen, 'S-Central_PV-1':2020, 0.0
Investment, RootNode, BuildGen, 'S-Central_PV-1':2030, 0.0
Investment, RootNode, BuildGen, 'S-Central_PV-2':2020, 0.0
Investment, RootNode, BuildGen, 'S-Central_PV-2':2030, 0.0
Investment, RootNode, BuildGen, 'S-Commercial_PV':2020, 0.0
Investment, RootNode, BuildGen, 'S-Commercial_PV':2030, 0.0
Investment, RootNode, BuildGen, 'S-Geothermal':1998, 3.0
Investment, RootNode, BuildGen, 'S-Geothermal':2020, 0.0
Investment, RootNode, BuildGen, 'S-Geothermal':2030, 0.0
Investment, RootNode, BuildGen, 'S-NG_CC':2000, 5.0
Investment, RootNode, BuildGen, 'S-NG_CC':2020, 0.0
Investment, RootNode, BuildGen, 'S-NG_CC':2030, 0.306698756528206
Investment, RootNode, BuildGen, 'S-NG_CC_CCS':2030, 0.0
Investment, RootNode, BuildGen, 'S-NG_GT':1990, 3.0
Investment, RootNode, BuildGen, 'S-NG_GT':2002, 2.0
Investment, RootNode, BuildGen, 'S-NG_GT':2020, 0.0
Investment, RootNode, BuildGen, 'S-NG_GT':2030, 0.0
Investment, RootNode, BuildGen, 'S-Residential_PV':2020, 0.0
Investment, RootNode, BuildGen, 'S-Residential_PV':2030, 0.0
Investment, RootNode, BuildLocalTD, 'Central':2020, 0.723864836325238
Investment, RootNode, BuildLocalTD, 'Central':2030, 2.11193241816262
Investment, RootNode, BuildLocalTD, 'North':2020, 0.8357972544878569
Investment, RootNode, BuildLocalTD, 'North':2030, 2.11193241816262
Investment, RootNode, BuildLocalTD, 'South':2020, 1.05966209081309
Investment, RootNode, BuildLocalTD, 'South':2030, 2.11193241816262
Investment, RootNode, BuildTx, 'C-S':2020, 0.0
Investment, RootNode, BuildTx, 'C-S':2030, 2.39745331299706
Investment, RootNode, BuildTx, 'N-C':2020, 0.0
Investment, RootNode, BuildTx, 'N-C':2030, 0.0
Operation, HighFuelCosts, DispatchGen, 'C-Biomass_IGCC':1, 0.0
Operation, HighFuelCosts, DispatchGen, 'C-Biomass_IGCC':2, 0.0
Operation, HighFuelCosts, DispatchGen, 'C-Biomass_IGCC':3, 0.0
Operation, HighFuelCosts, DispatchGen, 'C-Biomass_IGCC':4, 0.0
Operation, HighFuelCosts, DispatchGen, 'C-Biomass_IGCC':5, 0.0
Operation, HighFuelCosts, DispatchGen, 'C-Biomass_IGCC':6, 0.0
Operation, HighFuelCosts, DispatchGen, 'C-Biomass_IGCC':7, 0.0
Operation, HighFuelCosts, DispatchGen, 'C-Central_PV-1':1, 0.0
Operation, HighFuelCosts, DispatchGen, 'C-Central_PV-1':2, 1.1232111122262
Operation, HighFuelCosts, DispatchGen, 'C-Central_PV-1':3, 0.0
Operation, HighFuelCosts, DispatchGen, 'C-Central_PV-1':4, 1.17845100299142
Operation, HighFuelCosts, DispatchGen, 'C-Central_PV-1':5, 0.0
Operation, HighFuelCosts, DispatchGen, 'C-Central_PV-1':6, 1.45465045681753
Operation, HighFuelCosts, DispatchGen, 'C-Central_PV-1':7, 0.718118579947896
Operation, HighFuelCosts, DispatchGen, 'C-Central_PV-2':1, 0.0
Operation, HighFuelCosts, DispatchGen, 'C-Central_PV-2':2, 0.113022314239018
Operation, HighFuelCosts, DispatchGen, 'C-Central_PV-2':3, 0.0
Operation, HighFuelCosts, DispatchGen, 'C-Central_PV-2':4, 0.120086208878957
Operation, HighFuelCosts, DispatchGen, 'C-Central_PV-2':5, 0.0
Operation, HighFuelCosts, DispatchGen, 'C-Central_PV-2':6, 0.127150103518896
Operation, HighFuelCosts, DispatchGen, 'C-Central_PV-2':7, 0.0724049200593712
Operation, HighFuelCosts, DispatchGen, 'C-Coal_IGCC':1, 0.0
Operation, HighFuelCosts, DispatchGen, 'C-Coal_IGCC':2, 0.0
Operation, HighFuelCosts, DispatchGen, 'C-Coal_IGCC':3, 0.0
Operation, HighFuelCosts, DispatchGen, 'C-Coal_IGCC':4, 0.0
Operation, HighFuelCosts, DispatchGen, 'C-Coal_IGCC':5, 0.0
Operation, HighFuelCosts, DispatchGen, 'C-Coal_IGCC':6, 0.0
Operation, HighFuelCosts, DispatchGen, 'C-Coal_IGCC':7, 0.0
Operation, HighFuelCosts, DispatchGen, 'C-Coal_ST':1, 1.8
Operation, HighFuelCosts, DispatchGen, 'C-Coal_ST':2, 1.8
Operation, HighFuelCosts, DispatchGen, 'C-Coal_ST':3, 1.8
Operation, HighFuelCosts, DispatchGen, 'C-Coal_ST':4, 1.8
Operation, HighFuelCosts, DispatchGen, 'C-Coal_ST':5, 1.8
Operation, HighFuelCosts, DispatchGen, 'C-Coal_ST':6, 1.8
Operation, HighFuelCosts, DispatchGen, 'C-Commercial_PV':1, 0.0
Operation, HighFuelCosts, DispatchGen, 'C-Commercial_PV':2, 0.0
Operation, HighFuelCosts, DispatchGen, 'C-Commercial_PV':3, 0.0
Operation, HighFuelCosts, DispatchGen, 'C-Commercial_PV':4, 0.0
Operation, HighFuelCosts, DispatchGen, 'C-Commercial_PV':5, 0.0
Operation, HighFuelCosts, DispatchGen, 'C-Commercial_PV':6, 0.0
Operation, HighFuelCosts, DispatchGen, 'C-Commercial_PV':7, 0.0
Operation, HighFuelCosts, DispatchGen, 'C-NG_CC':1, 1.88805211916896
Operation, HighFuelCosts, DispatchGen, 'C-NG_CC':2, 0.0
Operation, HighFuelCosts, DispatchGen, 'C-NG_CC':3, 1.7609845220623
Operation, HighFuelCosts, DispatchGen, 'C-NG_CC':4, 0.219521385031848
Operation, HighFuelCosts, DispatchGen, 'C-NG_CC':5, 2.1951742922202
Operation, HighFuelCosts, DispatchGen, 'C-NG_CC':6, 2.3707777922695
Operation, HighFuelCosts, DispatchGen, 'C-NG_CC':7, 7.34333555231072
Operation, HighFuelCosts, DispatchGen, 'C-NG_GT':1, 0.0
Operation, HighFuelCosts, DispatchGen, 'C-NG_GT':2, 0.0
Operation, HighFuelCosts, DispatchGen, 'C-NG_GT':3, 0.0
Operation, HighFuelCosts, DispatchGen, 'C-NG_GT':4, 0.0
Operation, HighFuelCosts, DispatchGen, 'C-NG_GT':5, 0.0
Operation, HighFuelCosts, DispatchGen, 'C-NG_GT':6, 0.0
Operation, HighFuelCosts, DispatchGen, 'C-NG_GT':7, 0.0
Operation, HighFuelCosts, DispatchGen, 'C-Nuclear':7, 0.0
Operation, HighFuelCosts, DispatchGen, 'C-Residential_PV':1, 0.0
Operation, HighFuelCosts, DispatchGen, 'C-Residential_PV':2, 0.0
Operation, HighFuelCosts, DispatchGen, 'C-Residential_PV':3, 0.0
Operation, HighFuelCosts, DispatchGen, 'C-Residential_PV':4, 0.0
Operation, HighFuelCosts, DispatchGen, 'C-Residential_PV':5, 0.0
Operation, HighFuelCosts, DispatchGen, 'C-Residential_PV':6, 0.0
Operation, HighFuelCosts, DispatchGen, 'C-Residential_PV':7, 0.0
Operation, HighFuelCosts, DispatchGen, 'C-Wind-1':1, 0.176689417849261
Operation, HighFuelCosts, DispatchGen, 'C-Wind-1':2, 0.107084495666219
Operation, HighFuelCosts, DispatchGen, 'C-Wind-1':3, 0.195429204590849
Operation, HighFuelCosts, DispatchGen, 'C-Wind-1':4, 0.133855619582774
Operation, HighFuelCosts, DispatchGen, 'C-Wind-1':5, 0.0588964726164204
Operation, HighFuelCosts, DispatchGen, 'C-Wind-1':6, 0.0133855619582774
Operation, HighFuelCosts, DispatchGen, 'C-Wind-1':7, 3.1808000000000005
Operation, HighFuelCosts, DispatchGen, 'C-Wind-2':1, 0.0423334365826231
Operation, HighFuelCosts, DispatchGen, 'C-Wind-2':2, 0.0245807051124908
Operation, HighFuelCosts, DispatchGen, 'C-Wind-2':3, 0.0450646260395665
Operation, HighFuelCosts, DispatchGen, 'C-Wind-2':4, 0.0327742734833211
Operation, HighFuelCosts, DispatchGen, 'C-Wind-2':5, 0.00955916309930198
Operation, HighFuelCosts, DispatchGen, 'C-Wind-2':6, 0.00341398682117928
Operation, HighFuelCosts, DispatchGen, 'C-Wind-2':7, 2.56452
Operation, HighFuelCosts, DispatchGen, 'N-Biomass_IGCC':1, 0.0
Operation, HighFuelCosts, DispatchGen, 'N-Biomass_IGCC':2, 0.0
Operation, HighFuelCosts, DispatchGen, 'N-Biomass_IGCC':3, 0.0
Operation, HighFuelCosts, DispatchGen, 'N-Biomass_IGCC':4, 0.0
Operation, HighFuelCosts, DispatchGen, 'N-Biomass_IGCC':5, 0.0
Operation, HighFuelCosts, DispatchGen, 'N-Biomass_IGCC':6, 0.0
Operation, HighFuelCosts, DispatchGen, 'N-Biomass_IGCC':7, 0.0
Operation, HighFuelCosts, DispatchGen, 'N-Biomass_IGCC_CCS':7, 0.0
Operation, HighFuelCosts, DispatchGen, 'N-Central_PV-1':1, 0.0
Operation, HighFuelCosts, DispatchGen, 'N-Central_PV-1':2, 0.0
Operation, HighFuelCosts, DispatchGen, 'N-Central_PV-1':3, 0.0
Operation, HighFuelCosts, DispatchGen, 'N-Central_PV-1':4, 0.0
Operation, HighFuelCosts, DispatchGen, 'N-Central_PV-1':5, 0.0
Operation, HighFuelCosts, DispatchGen, 'N-Central_PV-1':6, 0.0
Operation, HighFuelCosts, DispatchGen, 'N-Central_PV-1':7, 0.0
Operation, HighFuelCosts, DispatchGen, 'N-Central_PV-2':1, 0.0
Operation, HighFuelCosts, DispatchGen, 'N-Central_PV-2':2, 0.0
Operation, HighFuelCosts, DispatchGen, 'N-Central_PV-2':3, 0.0
Operation, HighFuelCosts, DispatchGen, 'N-Central_PV-2':4, 0.0
Operation, HighFuelCosts, DispatchGen, 'N-Central_PV-2':5, 0.0
Operation, HighFuelCosts, DispatchGen, 'N-Central_PV-2':6, 0.0
Operation, HighFuelCosts, DispatchGen, 'N-Central_PV-2':7, 0.0
Operation, HighFuelCosts, DispatchGen, 'N-Coal_IGCC':1, 0.0
Operation, HighFuelCosts, DispatchGen, 'N-Coal_IGCC':2, 0.0
Operation, HighFuelCosts, DispatchGen, 'N-Coal_IGCC':3, 0.0
Operation, HighFuelCosts, DispatchGen, 'N-Coal_IGCC':4, 0.0
Operation, HighFuelCosts, DispatchGen, 'N-Coal_IGCC':5, 0.0
Operation, HighFuelCosts, DispatchGen, 'N-Coal_IGCC':6, 0.0
Operation, HighFuelCosts, DispatchGen, 'N-Coal_IGCC':7, 0.0
Operation, HighFuelCosts, DispatchGen, 'N-Coal_IGCC_CCS':7, 0.0
Operation, HighFuelCosts, DispatchGen, 'N-Coal_ST':1, 1.8
Operation, HighFuelCosts, DispatchGen, 'N-Coal_ST':2, 1.8
Operation, HighFuelCosts, DispatchGen, 'N-Coal_ST':3, 1.8
Operation, HighFuelCosts, DispatchGen, 'N-Coal_ST':4, 1.8
Operation, HighFuelCosts, DispatchGen, 'N-Coal_ST':5, 1.8
Operation, HighFuelCosts, DispatchGen, 'N-Coal_ST':6, 1.8
Operation, HighFuelCosts, DispatchGen, 'N-Coal_ST':7, 0.0
Operation, HighFuelCosts, DispatchGen, 'N-Commercial_PV':1, 0.0
Operation, HighFuelCosts, DispatchGen, 'N-Commercial_PV':2, 0.0
Operation, HighFuelCosts, DispatchGen, 'N-Commercial_PV':3, 0.0
Operation, HighFuelCosts, DispatchGen, 'N-Commercial_PV':4, 0.0
Operation, HighFuelCosts, DispatchGen, 'N-Commercial_PV':5, 0.0
Operation, HighFuelCosts, DispatchGen, 'N-Commercial_PV':6, 0.0
Operation, HighFuelCosts, DispatchGen, 'N-Commercial_PV':7, 0.0
Operation, HighFuelCosts, DispatchGen, 'N-Geothermal':1, 0.96858075
Operation, HighFuelCosts, DispatchGen, 'N-Geothermal':2, 0.96858075
Operation, HighFuelCosts, DispatchGen, 'N-Geothermal':3, 0.96858075
Operation, HighFuelCosts, DispatchGen, 'N-Geothermal':4, 0.96858075
Operation, HighFuelCosts, DispatchGen, 'N-Geothermal':5, 0.96858075
Operation, HighFuelCosts, DispatchGen, 'N-Geothermal':6, 0.96858075
Operation, HighFuelCosts, DispatchGen, 'N-Geothermal':7, 6.99440505513849e-15
Operation, HighFuelCosts, DispatchGen, 'N-NG_CC':1, 1.83533029540655
Operation, HighFuelCosts, DispatchGen, 'N-NG_CC':2, 1.12726408632524
Operation, HighFuelCosts, DispatchGen, 'N-NG_CC':3, 1.27752719086589
Operation, HighFuelCosts, DispatchGen, 'N-NG_CC':4, 1.2092373281415
Operation, HighFuelCosts, DispatchGen, 'N-NG_CC':5, 1.28630408632524
Operation, HighFuelCosts, DispatchGen, 'N-NG_CC':6, 1.9534086968361002
Operation, HighFuelCosts, DispatchGen, 'N-NG_CC':7, 1.9534086968361002
Operation, HighFuelCosts, DispatchGen, 'N-NG_CC_CCS':7, 0.0
Operation, HighFuelCosts, DispatchGen, 'N-NG_GT':1, 0.0
Operation, HighFuelCosts, DispatchGen, 'N-NG_GT':2, 0.0
Operation, HighFuelCosts, DispatchGen, 'N-NG_GT':3, 0.0
Operation, HighFuelCosts, DispatchGen, 'N-NG_GT':4, 0.0
Operation, HighFuelCosts, DispatchGen, 'N-NG_GT':5, 0.0
Operation, HighFuelCosts, DispatchGen, 'N-NG_GT':6, 1.09766446432228
Operation, HighFuelCosts, DispatchGen, 'N-NG_GT':7, 0.0
Operation, HighFuelCosts, DispatchGen, 'N-Nuclear':7, 0.0
Operation, HighFuelCosts, DispatchGen, 'N-Residential_PV':1, 0.0
Operation, HighFuelCosts, DispatchGen, 'N-Residential_PV':2, 0.0
Operation, HighFuelCosts, DispatchGen, 'N-Residential_PV':3, 0.0
Operation, HighFuelCosts, DispatchGen, 'N-Residential_PV':4, 0.0
Operation, HighFuelCosts, DispatchGen, 'N-Residential_PV':5, 0.0
Operation, HighFuelCosts, DispatchGen, 'N-Residential_PV':6, 0.0
Operation, HighFuelCosts, DispatchGen, 'N-Residential_PV':7, 0.0
Operation, HighFuelCosts, DispatchGen, 'N-Wind-1':1, 0.0
Operation, HighFuelCosts, DispatchGen, 'N-Wind-1':2, 0.0
Operation, HighFuelCosts, DispatchGen, 'N-Wind-1':3, 0.0
Operation, HighFuelCosts, DispatchGen, 'N-Wind-1':4, 0.0
Operation, HighFuelCosts, DispatchGen, 'N-Wind-1':5, 0.0
Operation, HighFuelCosts, DispatchGen, 'N-Wind-1':6, 0.0
Operation, HighFuelCosts, DispatchGen, 'N-Wind-1':7, 2.91829862720672
Operation, HighFuelCosts, DispatchGen, 'N-Wind-2':1, 0.67592
Operation, HighFuelCosts, DispatchGen, 'N-Wind-2':2, 0.32802
Operation, HighFuelCosts, DispatchGen, 'N-Wind-2':3, 0.70574
Operation, HighFuelCosts, DispatchGen, 'N-Wind-2':4, 0.457240000000001
Operation, HighFuelCosts, DispatchGen, 'N-Wind-2':5, 0.16898
Operation, HighFuelCosts, DispatchGen, 'N-Wind-2':6, 0.12922
Operation, HighFuelCosts, DispatchGen, 'N-Wind-2':7, 0.86478
Operation, HighFuelCosts, DispatchGen, 'S-Biomass_IGCC':1, 0.0
Operation, HighFuelCosts, DispatchGen, 'S-Biomass_IGCC':2, 0.0
Operation, HighFuelCosts, DispatchGen, 'S-Biomass_IGCC':3, 0.0
Operation, HighFuelCosts, DispatchGen, 'S-Biomass_IGCC':4, 0.0
Operation, HighFuelCosts, DispatchGen, 'S-Biomass_IGCC':5, 0.0
Operation, HighFuelCosts, DispatchGen, 'S-Biomass_IGCC':6, 0.0
Operation, HighFuelCosts, DispatchGen, 'S-Biomass_IGCC':7, 0.0
Operation, HighFuelCosts, DispatchGen, 'S-Biomass_IGCC_CCS':7, 0.0
Operation, HighFuelCosts, DispatchGen, 'S-Central_PV-1':1, 0.0
Operation, HighFuelCosts, DispatchGen, 'S-Central_PV-1':2, 0.0
Operation, HighFuelCosts, DispatchGen, 'S-Central_PV-1':3, 0.0
Operation, HighFuelCosts, DispatchGen, 'S-Central_PV-1':4, 0.0
Operation, HighFuelCosts, DispatchGen, 'S-Central_PV-1':5, 0.0
Operation, HighFuelCosts, DispatchGen, 'S-Central_PV-1':6, 0.0
Operation, HighFuelCosts, DispatchGen, 'S-Central_PV-1':7, 0.0
Operation, HighFuelCosts, DispatchGen, 'S-Central_PV-2':1, 0.0
Operation, HighFuelCosts, DispatchGen, 'S-Central_PV-2':2, 0.0
Operation, HighFuelCosts, DispatchGen, 'S-Central_PV-2':3, 0.0
Operation, HighFuelCosts, DispatchGen, 'S-Central_PV-2':4, 0.0
Operation, HighFuelCosts, DispatchGen, 'S-Central_PV-2':5, 0.0
Operation, HighFuelCosts, DispatchGen, 'S-Central_PV-2':6, 0.0
Operation, HighFuelCosts, DispatchGen, 'S-Central_PV-2':7, 0.0
Operation, HighFuelCosts, DispatchGen, 'S-Commercial_PV':1, 0.0
Operation, HighFuelCosts, DispatchGen, 'S-Commercial_PV':2, 0.0
Operation, HighFuelCosts, DispatchGen, 'S-Commercial_PV':3, 0.0
Operation, HighFuelCosts, DispatchGen, 'S-Commercial_PV':4, 0.0
Operation, HighFuelCosts, DispatchGen, 'S-Commercial_PV':5, 0.0
Operation, HighFuelCosts, DispatchGen, 'S-Commercial_PV':6, 0.0
Operation, HighFuelCosts, DispatchGen, 'S-Commercial_PV':7, 0.0
Operation, HighFuelCosts, DispatchGen, 'S-Geothermal':1, 2.90574225
Operation, HighFuelCosts, DispatchGen, 'S-Geothermal':2, 2.90574225
Operation, HighFuelCosts, DispatchGen, 'S-Geothermal':3, 2.90574225
Operation, HighFuelCosts, DispatchGen, 'S-Geothermal':4, 2.90574225
Operation, HighFuelCosts, DispatchGen, 'S-Geothermal':5, 2.90574225
Operation, HighFuelCosts, DispatchGen, 'S-Geothermal':6, 2.90574225
Operation, HighFuelCosts, DispatchGen, 'S-Geothermal':7, 2.90574225
Operation, HighFuelCosts, DispatchGen, 'S-NG_CC':1, 3.43005500448786
Operation, HighFuelCosts, DispatchGen, 'S-NG_CC':2, 4.48602121356917
Operation, HighFuelCosts, DispatchGen, 'S-NG_CC':3, 3.9580381090285104
Operation, HighFuelCosts, DispatchGen, 'S-NG_CC':4, 4.69721445538543
Operation, HighFuelCosts, DispatchGen, 'S-NG_CC':5, 4.7
Operation, HighFuelCosts, DispatchGen, 'S-NG_CC':6, 4.7
Operation, HighFuelCosts, DispatchGen, 'S-NG_CC':7, 0.288296831136514
Operation, HighFuelCosts, DispatchGen, 'S-NG_CC_CCS':7, 0.0
Operation, HighFuelCosts, DispatchGen, 'S-NG_GT':1, 0.0
Operation, HighFuelCosts, DispatchGen, 'S-NG_GT':2, 0.0
Operation, HighFuelCosts, DispatchGen, 'S-NG_GT':3, 0.0
Operation, HighFuelCosts, DispatchGen, 'S-NG_GT':4, 0.0
Operation, HighFuelCosts, DispatchGen, 'S-NG_GT':5, 0.0
Operation, HighFuelCosts, DispatchGen, 'S-NG_GT':6, 1.88
Operation, HighFuelCosts, DispatchGen, 'S-NG_GT':7, 0.0
Operation, HighFuelCosts, DispatchGen, 'S-Residential_PV':1, 0.0
Operation, HighFuelCosts, DispatchGen, 'S-Residential_PV':2, 0.0
Operation, HighFuelCosts, DispatchGen, 'S-Residential_PV':3, 0.0
Operation, HighFuelCosts, DispatchGen, 'S-Residential_PV':4, 0.0
Operation, HighFuelCosts, DispatchGen, 'S-Residential_PV':5, 0.0
Operation, HighFuelCosts, DispatchGen, 'S-Residential_PV':6, 0.0
Operation, HighFuelCosts, DispatchGen, 'S-Residential_PV':7, 0.0
Operation, HighFuelCosts, GenFuelUseRate, 'C-Biomass_IGCC':1:'BioSolid', 0.0
Operation, HighFuelCosts, GenFuelUseRate, 'C-Biomass_IGCC':2:'BioSolid', 0.0
Operation, HighFuelCosts, GenFuelUseRate, 'C-Biomass_IGCC':3:'BioSolid', 0.0
Operation, HighFuelCosts, GenFuelUseRate, 'C-Biomass_IGCC':4:'BioSolid', 0.0
Operation, HighFuelCosts, GenFuelUseRate, 'C-Biomass_IGCC':5:'BioSolid', 0.0
Operation, HighFuelCosts, GenFuelUseRate, 'C-Biomass_IGCC':6:'BioSolid', 0.0
Operation, HighFuelCosts, GenFuelUseRate, 'C-Biomass_IGCC':7:'BioSolid', 0.0
Operation, HighFuelCosts, GenFuelUseRate, 'C-Coal_IGCC':1:'Coal', 0.0
Operation, HighFuelCosts, GenFuelUseRate, 'C-Coal_IGCC':2:'Coal', 0.0
Operation, HighFuelCosts, GenFuelUseRate, 'C-Coal_IGCC':3:'Coal', 0.0
Operation, HighFuelCosts, GenFuelUseRate, 'C-Coal_IGCC':4:'Coal', 0.0
Operation, HighFuelCosts, GenFuelUseRate, 'C-Coal_IGCC':5:'Coal', 0.0
Operation, HighFuelCosts, GenFuelUseRate, 'C-Coal_IGCC':6:'Coal', 0.0
Operation, HighFuelCosts, GenFuelUseRate, 'C-Coal_IGCC':7:'Coal', 0.0
Operation, HighFuelCosts, GenFuelUseRate, 'C-Coal_ST':1:'Coal', 17.1
Operation, HighFuelCosts, GenFuelUseRate, 'C-Coal_ST':2:'Coal', 17.1
Operation, HighFuelCosts, GenFuelUseRate, 'C-Coal_ST':3:'Coal', 17.1
Operation, HighFuelCosts, GenFuelUseRate, 'C-Coal_ST':4:'Coal', 17.1
Operation, HighFuelCosts, GenFuelUseRate, 'C-Coal_ST':5:'Coal', 17.1
Operation, HighFuelCosts, GenFuelUseRate, 'C-Coal_ST':6:'Coal', 17.1
Operation, HighFuelCosts, GenFuelUseRate, 'C-NG_CC':1:'NaturalGas', 12.6593894590279
Operation, HighFuelCosts, GenFuelUseRate, 'C-NG_CC':2:'NaturalGas', 0.0
Operation, HighFuelCosts, GenFuelUseRate, 'C-NG_CC':3:'NaturalGas', 11.8074012204277
Operation, HighFuelCosts, GenFuelUseRate, 'C-NG_CC':4:'NaturalGas', 1.47189088663854
Operation, HighFuelCosts, GenFuelUseRate, 'C-NG_CC':5:'NaturalGas', 14.7186436293365
Operation, HighFuelCosts, GenFuelUseRate, 'C-NG_CC':6:'NaturalGas', 15.896065097167
Operation, HighFuelCosts, GenFuelUseRate, 'C-NG_CC':7:'NaturalGas', 49.2370648782434
Operation, HighFuelCosts, GenFuelUseRate, 'C-NG_GT':1:'NaturalGas', 0.0
Operation, HighFuelCosts, GenFuelUseRate, 'C-NG_GT':2:'NaturalGas', 0.0
Operation, HighFuelCosts, GenFuelUseRate, 'C-NG_GT':3:'NaturalGas', 0.0
Operation, HighFuelCosts, GenFuelUseRate, 'C-NG_GT':4:'NaturalGas', 0.0
Operation, HighFuelCosts, GenFuelUseRate, 'C-NG_GT':5:'NaturalGas', 0.0
Operation, HighFuelCosts, GenFuelUseRate, 'C-NG_GT':6:'NaturalGas', 0.0
Operation, HighFuelCosts, GenFuelUseRate, 'C-NG_GT':7:'NaturalGas', 0.0
Operation, HighFuelCosts, GenFuelUseRate, 'C-Nuclear':7:'Uranium', 0.0
Operation, HighFuelCosts, GenFuelUseRate, 'N-Biomass_IGCC':1:'BioSolid', 0.0
Operation, HighFuelCosts, GenFuelUseRate, 'N-Biomass_IGCC':2:'BioSolid', 0.0
Operation, HighFuelCosts, GenFuelUseRate, 'N-Biomass_IGCC':3:'BioSolid', 0.0
Operation, HighFuelCosts, GenFuelUseRate, 'N-Biomass_IGCC':4:'BioSolid', 0.0
Operation, HighFuelCosts, GenFuelUseRate, 'N-Biomass_IGCC':5:'BioSolid', 0.0
Operation, HighFuelCosts, GenFuelUseRate, 'N-Biomass_IGCC':6:'BioSolid', 0.0
Operation, HighFuelCosts, GenFuelUseRate, 'N-Biomass_IGCC':7:'BioSolid', 0.0
Operation, HighFuelCosts, GenFuelUseRate, 'N-Biomass_IGCC_CCS':7:'BioSolid', 0.0
Operation, HighFuelCosts, GenFuelUseRate, 'N-Coal_IGCC':1:'Coal', 0.0
Operation, HighFuelCosts, GenFuelUseRate, 'N-Coal_IGCC':2:'Coal', 0.0
Operation, HighFuelCosts, GenFuelUseRate, 'N-Coal_IGCC':3:'Coal', 0.0
Operation, HighFuelCosts, GenFuelUseRate, 'N-Coal_IGCC':4:'Coal', 0.0
Operation, HighFuelCosts, GenFuelUseRate, 'N-Coal_IGCC':5:'Coal', 0.0
Operation, HighFuelCosts, GenFuelUseRate, 'N-Coal_IGCC':6:'Coal', 0.0
Operation, HighFuelCosts, GenFuelUseRate, 'N-Coal_IGCC':7:'Coal', 0.0
Operation, HighFuelCosts, GenFuelUseRate, 'N-Coal_IGCC_CCS':7:'Coal', 0.0
Operation, HighFuelCosts, GenFuelUseRate, 'N-Coal_ST':1:'Coal', 16.2
Operation, HighFuelCosts, GenFuelUseRate, 'N-Coal_ST':2:'Coal', 16.2
Operation, HighFuelCosts, GenFuelUseRate, 'N-Coal_ST':3:'Coal', 16.2
Operation, HighFuelCosts, GenFuelUseRate, 'N-Coal_ST':4:'Coal', 16.2
Operation, HighFuelCosts, GenFuelUseRate, 'N-Coal_ST':5:'Coal', 16.2
Operation, HighFuelCosts, GenFuelUseRate, 'N-Coal_ST':6:'Coal', 16.2
Operation, HighFuelCosts, GenFuelUseRate, 'N-Coal_ST':7:'Coal', 0.0
Operation, HighFuelCosts, GenFuelUseRate, 'N-NG_CC':1:'NaturalGas', 12.3058896307009
Operation, HighFuelCosts, GenFuelUseRate, 'N-NG_CC':2:'NaturalGas', 7.55830569881074
Operation, HighFuelCosts, GenFuelUseRate, 'N-NG_CC':3:'NaturalGas', 8.56581981475581
Operation, HighFuelCosts, GenFuelUseRate, 'N-NG_CC':4:'NaturalGas', 8.10793628518875
Operation, HighFuelCosts, GenFuelUseRate, 'N-NG_CC':5:'NaturalGas', 8.62466889881072
Operation, HighFuelCosts, GenFuelUseRate, 'N-NG_CC':6:'NaturalGas', 13.097605312286102
Operation, HighFuelCosts, GenFuelUseRate, 'N-NG_CC':7:'NaturalGas', 13.097605312286102
Operation, HighFuelCosts, GenFuelUseRate, 'N-NG_CC_CCS':7:'NaturalGas', 0.0
Operation, HighFuelCosts, GenFuelUseRate, 'N-NG_GT':1:'NaturalGas', 0.0
Operation, HighFuelCosts, GenFuelUseRate, 'N-NG_GT':2:'NaturalGas', 0.0
Operation, HighFuelCosts, GenFuelUseRate, 'N-NG_GT':3:'NaturalGas', 0.0
Operation, HighFuelCosts, GenFuelUseRate, 'N-NG_GT':4:'NaturalGas', 0.0
Operation, HighFuelCosts, GenFuelUseRate, 'N-NG_GT':5:'NaturalGas', 0.0
Operation, HighFuelCosts, GenFuelUseRate, 'N-NG_GT':6:'NaturalGas', 11.4047337843084
Operation, HighFuelCosts, GenFuelUseRate, 'N-NG_GT':7:'NaturalGas', 0.0
Operation, HighFuelCosts, GenFuelUseRate, 'N-Nuclear':7:'Uranium', 0.0
Operation, HighFuelCosts, GenFuelUseRate, 'S-Biomass_IGCC':1:'BioSolid', 0.0
Operation, HighFuelCosts, GenFuelUseRate, 'S-Biomass_IGCC':2:'BioSolid', 0.0
Operation, HighFuelCosts, GenFuelUseRate, 'S-Biomass_IGCC':3:'BioSolid', 0.0
Operation, HighFuelCosts, GenFuelUseRate, 'S-Biomass_IGCC':4:'BioSolid', 0.0
Operation, HighFuelCosts, GenFuelUseRate, 'S-Biomass_IGCC':5:'BioSolid', 0.0
Operation, HighFuelCosts, GenFuelUseRate, 'S-Biomass_IGCC':6:'BioSolid', 0.0
Operation, HighFuelCosts, GenFuelUseRate, 'S-Biomass_IGCC':7:'BioSolid', 0.0
Operation, HighFuelCosts, GenFuelUseRate, 'S-Biomass_IGCC_CCS':7:'BioSolid', 0.0
Operation, HighFuelCosts, GenFuelUseRate, 'S-NG_CC':1:'NaturalGas', 22.9985188050911
Operation, HighFuelCosts, GenFuelUseRate, 'S-NG_CC':2:'NaturalGas', 30.0787722369813
Operation, HighFuelCosts, GenFuelUseRate, 'S-NG_CC':3:'NaturalGas', 26.5386455210362
Operation, HighFuelCosts, GenFuelUseRate, 'S-NG_CC':4:'NaturalGas', 31.4948229233593
Operation, HighFuelCosts, GenFuelUseRate, 'S-NG_CC':5:'NaturalGas', 31.513500000000004
Operation, HighFuelCosts, GenFuelUseRate, 'S-NG_CC':6:'NaturalGas', 31.513500000000004
Operation, HighFuelCosts, GenFuelUseRate, 'S-NG_CC':7:'NaturalGas', 1.93303025277032
Operation, HighFuelCosts, GenFuelUseRate, 'S-NG_CC_CCS':7:'NaturalGas', 0.0
Operation, HighFuelCosts, GenFuelUseRate, 'S-NG_GT':1:'NaturalGas', 0.0
Operation, HighFuelCosts, GenFuelUseRate, 'S-NG_GT':2:'NaturalGas', 0.0
Operation, HighFuelCosts, GenFuelUseRate, 'S-NG_GT':3:'NaturalGas', 0.0
Operation, HighFuelCosts, GenFuelUseRate, 'S-NG_GT':4:'NaturalGas', 0.0
Operation, HighFuelCosts, GenFuelUseRate, 'S-NG_GT':5:'NaturalGas', 0.0
Operation, HighFuelCosts, GenFuelUseRate, 'S-NG_GT':6:'NaturalGas', 19.5332
Operation, HighFuelCosts, GenFuelUseRate, 'S-NG_GT':7:'NaturalGas', 0.0
Operation, LowFuelCosts, DispatchGen, 'C-Biomass_IGCC':1, 0.0
Operation, LowFuelCosts, DispatchGen, 'C-Biomass_IGCC':2, 0.0
Operation, LowFuelCosts, DispatchGen, 'C-Biomass_IGCC':3, 0.0
Operation, LowFuelCosts, DispatchGen, 'C-Biomass_IGCC':4, 0.0
Operation, LowFuelCosts, DispatchGen, 'C-Biomass_IGCC':5, 0.0
Operation, LowFuelCosts, DispatchGen, 'C-Biomass_IGCC':6, 0.0
Operation, LowFuelCosts, DispatchGen, 'C-Biomass_IGCC':7, 0.0
Operation, LowFuelCosts, DispatchGen, 'C-Central_PV-1':1, 0.0
Operation, LowFuelCosts, DispatchGen, 'C-Central_PV-1':2, 1.1232111122262
Operation, LowFuelCosts, DispatchGen, 'C-Central_PV-1':3, 0.0
Operation, LowFuelCosts, DispatchGen, 'C-Central_PV-1':4, 1.17845100299142
Operation, LowFuelCosts, DispatchGen, 'C-Central_PV-1':5, 0.0
Operation, LowFuelCosts, DispatchGen, 'C-Central_PV-1':6, 1.45465045681753
Operation, LowFuelCosts, DispatchGen, 'C-Central_PV-1':7, 0.718118579947896
Operation, LowFuelCosts, DispatchGen, 'C-Central_PV-2':1, 0.0
Operation, LowFuelCosts, DispatchGen, 'C-Central_PV-2':2, 0.113022314239018
Operation, LowFuelCosts, DispatchGen, 'C-Central_PV-2':3, 0.0
Operation, LowFuelCosts, DispatchGen, 'C-Central_PV-2':4, 0.120086208878957
Operation, LowFuelCosts, DispatchGen, 'C-Central_PV-2':5, 0.0
Operation, LowFuelCosts, DispatchGen, 'C-Central_PV-2':6, 0.127150103518896
Operation, LowFuelCosts, DispatchGen, 'C-Central_PV-2':7, 0.0724049200593712
Operation, LowFuelCosts, DispatchGen, 'C-Coal_IGCC':1, 0.0
Operation, LowFuelCosts, DispatchGen, 'C-Coal_IGCC':2, 0.0
Operation, LowFuelCosts, DispatchGen, 'C-Coal_IGCC':3, 0.0
Operation, LowFuelCosts, DispatchGen, 'C-Coal_IGCC':4, 0.0
Operation, LowFuelCosts, DispatchGen, 'C-Coal_IGCC':5, 0.0
Operation, LowFuelCosts, DispatchGen, 'C-Coal_IGCC':6, 0.0
Operation, LowFuelCosts, DispatchGen, 'C-Coal_IGCC':7, 0.0
Operation, LowFuelCosts, DispatchGen, 'C-Coal_ST':1, 1.8
Operation, LowFuelCosts, DispatchGen, 'C-Coal_ST':2, 1.8
Operation, LowFuelCosts, DispatchGen, 'C-Coal_ST':3, 1.8
Operation, LowFuelCosts, DispatchGen, 'C-Coal_ST':4, 1.8
Operation, LowFuelCosts, DispatchGen, 'C-Coal_ST':5, 1.8
Operation, LowFuelCosts, DispatchGen, 'C-Coal_ST':6, 1.8
Operation, LowFuelCosts, DispatchGen, 'C-Commercial_PV':1, 0.0
Operation, LowFuelCosts, DispatchGen, 'C-Commercial_PV':2, 0.0
Operation, LowFuelCosts, DispatchGen, 'C-Commercial_PV':3, 0.0
Operation, LowFuelCosts, DispatchGen, 'C-Commercial_PV':4, 0.0
Operation, LowFuelCosts, DispatchGen, 'C-Commercial_PV':5, 0.0
Operation, LowFuelCosts, DispatchGen, 'C-Commercial_PV':6, 0.0
Operation, LowFuelCosts, DispatchGen, 'C-Commercial_PV':7, 0.0
Operation, LowFuelCosts, DispatchGen, 'C-NG_CC':1, 2.3707777922695
Operation, LowFuelCosts, DispatchGen, 'C-NG_CC':2, 0.0
Operation, LowFuelCosts, DispatchGen, 'C-NG_CC':3, 1.7609845220622997
Operation, LowFuelCosts, DispatchGen, 'C-NG_CC':4, 0.21952138503184798
Operation, LowFuelCosts, DispatchGen, 'C-NG_CC':5, 2.1951742922202
Operation, LowFuelCosts, DispatchGen, 'C-NG_CC':6, 2.3707777922695
Operation, LowFuelCosts, DispatchGen, 'C-NG_CC':7, 6.719054374763819
Operation, LowFuelCosts, DispatchGen, 'C-NG_GT':1, 0.0
Operation, LowFuelCosts, DispatchGen, 'C-NG_GT':2, 0.0
Operation, LowFuelCosts, DispatchGen, 'C-NG_GT':3, 0.0
Operation, LowFuelCosts, DispatchGen, 'C-NG_GT':4, 0.0
Operation, LowFuelCosts, DispatchGen, 'C-NG_GT':5, 0.0
Operation, LowFuelCosts, DispatchGen, 'C-NG_GT':6, 0.0
Operation, LowFuelCosts, DispatchGen, 'C-NG_GT':7, 0.0
Operation, LowFuelCosts, DispatchGen, 'C-Nuclear':7, 0.0
Operation, LowFuelCosts, DispatchGen, 'C-Residential_PV':1, 0.0
Operation, LowFuelCosts, DispatchGen, 'C-Residential_PV':2, 0.0
Operation, LowFuelCosts, DispatchGen, 'C-Residential_PV':3, 0.0
Operation, LowFuelCosts, DispatchGen, 'C-Residential_PV':4, 0.0
Operation, LowFuelCosts, DispatchGen, 'C-Residential_PV':5, 0.0
Operation, LowFuelCosts, DispatchGen, 'C-Residential_PV':6, 0.0
Operation, LowFuelCosts, DispatchGen, 'C-Residential_PV':7, 0.0
Operation, LowFuelCosts, DispatchGen, 'C-Wind-1':1, 0.176689417849261
Operation, LowFuelCosts, DispatchGen, 'C-Wind-1':2, 0.10708449566621898
Operation, LowFuelCosts, DispatchGen, 'C-Wind-1':3, 0.195429204590849
Operation, LowFuelCosts, DispatchGen, 'C-Wind-1':4, 0.133855619582774
Operation, LowFuelCosts, DispatchGen, 'C-Wind-1':5, 0.0588964726164204
Operation, LowFuelCosts, DispatchGen, 'C-Wind-1':6, 0.013385561958277399
Operation, LowFuelCosts, DispatchGen, 'C-Wind-1':7, 3.1808
Operation, LowFuelCosts, DispatchGen, 'C-Wind-2':1, 0.0423334365826231
Operation, LowFuelCosts, DispatchGen, 'C-Wind-2':2, 0.0245807051124908
Operation, LowFuelCosts, DispatchGen, 'C-Wind-2':3, 0.0450646260395665
Operation, LowFuelCosts, DispatchGen, 'C-Wind-2':4, 0.0327742734833211
Operation, LowFuelCosts, DispatchGen, 'C-Wind-2':5, 0.00955916309930198
Operation, LowFuelCosts, DispatchGen, 'C-Wind-2':6, 0.0034139868211792795
Operation, LowFuelCosts, DispatchGen, 'C-Wind-2':7, 2.56452
Operation, LowFuelCosts, DispatchGen, 'N-Biomass_IGCC':1, 0.0
Operation, LowFuelCosts, DispatchGen, 'N-Biomass_IGCC':2, 0.0
Operation, LowFuelCosts, DispatchGen, 'N-Biomass_IGCC':3, 0.0
Operation, LowFuelCosts, DispatchGen, 'N-Biomass_IGCC':4, 0.0
Operation, LowFuelCosts, DispatchGen, 'N-Biomass_IGCC':5, 0.0
Operation, LowFuelCosts, DispatchGen, 'N-Biomass_IGCC':6, 0.0
Operation, LowFuelCosts, DispatchGen, 'N-Biomass_IGCC':7, 0.0
Operation, LowFuelCosts, DispatchGen, 'N-Biomass_IGCC_CCS':7, 0.0
Operation, LowFuelCosts, DispatchGen, 'N-Central_PV-1':1, 0.0
Operation, LowFuelCosts, DispatchGen, 'N-Central_PV-1':2, 0.0
Operation, LowFuelCosts, DispatchGen, 'N-Central_PV-1':3, 0.0
Operation, LowFuelCosts, DispatchGen, 'N-Central_PV-1':4, 0.0
Operation, LowFuelCosts, DispatchGen, 'N-Central_PV-1':5, 0.0
Operation, LowFuelCosts, DispatchGen, 'N-Central_PV-1':6, 0.0
Operation, LowFuelCosts, DispatchGen, 'N-Central_PV-1':7, 0.0
Operation, LowFuelCosts, DispatchGen, 'N-Central_PV-2':1, 0.0
Operation, LowFuelCosts, DispatchGen, 'N-Central_PV-2':2, 0.0
Operation, LowFuelCosts, DispatchGen, 'N-Central_PV-2':3, 0.0
Operation, LowFuelCosts, DispatchGen, 'N-Central_PV-2':4, 0.0
Operation, LowFuelCosts, DispatchGen, 'N-Central_PV-2':5, 0.0
Operation, LowFuelCosts, DispatchGen, 'N-Central_PV-2':6, 0.0
Operation, LowFuelCosts, DispatchGen, 'N-Central_PV-2':7, 0.0
Operation, LowFuelCosts, DispatchGen, 'N-Coal_IGCC':1, 0.0
Operation, LowFuelCosts, DispatchGen, 'N-Coal_IGCC':2, 0.0
Operation, LowFuelCosts, DispatchGen, 'N-Coal_IGCC':3, 0.0
Operation, LowFuelCosts, DispatchGen, 'N-Coal_IGCC':4, 0.0
Operation, LowFuelCosts, DispatchGen, 'N-Coal_IGCC':5, 0.0
Operation, LowFuelCosts, DispatchGen, 'N-Coal_IGCC':6, 0.0
Operation, LowFuelCosts, DispatchGen, 'N-Coal_IGCC':7, 0.0
Operation, LowFuelCosts, DispatchGen, 'N-Coal_IGCC_CCS':7, 0.0
Operation, LowFuelCosts, DispatchGen, 'N-Coal_ST':1, 1.8
Operation, LowFuelCosts, DispatchGen, 'N-Coal_ST':2, 1.8
Operation, LowFuelCosts, DispatchGen, 'N-Coal_ST':3, 1.8
Operation, LowFuelCosts, DispatchGen, 'N-Coal_ST':4, 1.8
Operation, LowFuelCosts, DispatchGen, 'N-Coal_ST':5, 1.8
Operation, LowFuelCosts, DispatchGen, 'N-Coal_ST':6, 1.8
Operation, LowFuelCosts, DispatchGen, 'N-Coal_ST':7, 1.8
Operation, LowFuelCosts, DispatchGen, 'N-Commercial_PV':1, 0.0
Operation, LowFuelCosts, DispatchGen, 'N-Commercial_PV':2, 0.0
Operation, LowFuelCosts, DispatchGen, 'N-Commercial_PV':3, 0.0
Operation, LowFuelCosts, DispatchGen, 'N-Commercial_PV':4, 0.0
Operation, LowFuelCosts, DispatchGen, 'N-Commercial_PV':5, 0.0
Operation, LowFuelCosts, DispatchGen, 'N-Commercial_PV':6, 0.0
Operation, LowFuelCosts, DispatchGen, 'N-Commercial_PV':7, 0.0
Operation, LowFuelCosts, DispatchGen, 'N-Geothermal':1, 0.3870857023939289
Operation, LowFuelCosts, DispatchGen, 'N-Geothermal':2, 0.3870857023939289
Operation, LowFuelCosts, DispatchGen, 'N-Geothermal':3, 0.3870857023939289
Operation, LowFuelCosts, DispatchGen, 'N-Geothermal':4, 0.3870857023939289
Operation, LowFuelCosts, DispatchGen, 'N-Geothermal':5, 0.3870857023939289
Operation, LowFuelCosts, DispatchGen, 'N-Geothermal':6, 0.3870857023939289
Operation, LowFuelCosts, DispatchGen, 'N-Geothermal':7, 0.0
Operation, LowFuelCosts, DispatchGen, 'N-NG_CC':1, 1.9534086968361
Operation, LowFuelCosts, DispatchGen, 'N-NG_CC':2, 1.70875913393131
Operation, LowFuelCosts, DispatchGen, 'N-NG_CC':3, 1.8590222384719597
Operation, LowFuelCosts, DispatchGen, 'N-NG_CC':4, 1.79073237574757
Operation, LowFuelCosts, DispatchGen, 'N-NG_CC':5, 1.86779913393131
Operation, LowFuelCosts, DispatchGen, 'N-NG_CC':6, 1.9534086968361
Operation, LowFuelCosts, DispatchGen, 'N-NG_CC':7, 0.7527186272811329
Operation, LowFuelCosts, DispatchGen, 'N-NG_CC_CCS':7, 0.0
Operation, LowFuelCosts, DispatchGen, 'N-NG_GT':1, 0.0
Operation, LowFuelCosts, DispatchGen, 'N-NG_GT':2, 0.0
Operation, LowFuelCosts, DispatchGen, 'N-NG_GT':3, 0.0
Operation, LowFuelCosts, DispatchGen, 'N-NG_GT':4, 0.0
Operation, LowFuelCosts, DispatchGen, 'N-NG_GT':5, 0.0
Operation, LowFuelCosts, DispatchGen, 'N-NG_GT':6, 1.67915951192835
Operation, LowFuelCosts, DispatchGen, 'N-NG_GT':7, 0.0
Operation, LowFuelCosts, DispatchGen, 'N-Nuclear':7, 0.0
Operation, LowFuelCosts, DispatchGen, 'N-Residential_PV':1, 0.0
Operation, LowFuelCosts, DispatchGen, 'N-Residential_PV':2, 0.0
Operation, LowFuelCosts, DispatchGen, 'N-Residential_PV':3, 0.0
Operation, LowFuelCosts, DispatchGen, 'N-Residential_PV':4, 0.0
Operation, LowFuelCosts, DispatchGen, 'N-Residential_PV':5, 0.0
Operation, LowFuelCosts, DispatchGen, 'N-Residential_PV':6, 0.0
Operation, LowFuelCosts, DispatchGen, 'N-Residential_PV':7, 0.0
Operation, LowFuelCosts, DispatchGen, 'N-Wind-1':1, 0.0
Operation, LowFuelCosts, DispatchGen, 'N-Wind-1':2, 0.0
Operation, LowFuelCosts, DispatchGen, 'N-Wind-1':3, 0.0
Operation, LowFuelCosts, DispatchGen, 'N-Wind-1':4, 0.0
Operation, LowFuelCosts, DispatchGen, 'N-Wind-1':5, 0.0
Operation, LowFuelCosts, DispatchGen, 'N-Wind-1':6, 0.0
Operation, LowFuelCosts, DispatchGen, 'N-Wind-1':7, 2.91829862720672
Operation, LowFuelCosts, DispatchGen, 'N-Wind-2':1, 0.67592
Operation, LowFuelCosts, DispatchGen, 'N-Wind-2':2, 0.32802
Operation, LowFuelCosts, DispatchGen, 'N-Wind-2':3, 0.70574
Operation, LowFuelCosts, DispatchGen, 'N-Wind-2':4, 0.457240000000001
Operation, LowFuelCosts, DispatchGen, 'N-Wind-2':5, 0.16898
Operation, LowFuelCosts, DispatchGen, 'N-Wind-2':6, 0.12922
Operation, LowFuelCosts, DispatchGen, 'N-Wind-2':7, 0.8647799999999999
Operation, LowFuelCosts, DispatchGen, 'S-Biomass_IGCC':1, 0.0
Operation, LowFuelCosts, DispatchGen, 'S-Biomass_IGCC':2, 0.0
Operation, LowFuelCosts, DispatchGen, 'S-Biomass_IGCC':3, 0.0
Operation, LowFuelCosts, DispatchGen, 'S-Biomass_IGCC':4, 0.0
Operation, LowFuelCosts, DispatchGen, 'S-Biomass_IGCC':5, 0.0
Operation, LowFuelCosts, DispatchGen, 'S-Biomass_IGCC':6, 0.0
Operation, LowFuelCosts, DispatchGen, 'S-Biomass_IGCC':7, 0.0
Operation, LowFuelCosts, DispatchGen, 'S-Biomass_IGCC_CCS':7, 0.0
Operation, LowFuelCosts, DispatchGen, 'S-Central_PV-1':1, 0.0
Operation, LowFuelCosts, DispatchGen, 'S-Central_PV-1':2, 0.0
Operation, LowFuelCosts, DispatchGen, 'S-Central_PV-1':3, 0.0
Operation, LowFuelCosts, DispatchGen, 'S-Central_PV-1':4, 0.0
Operation, LowFuelCosts, DispatchGen, 'S-Central_PV-1':5, 0.0
Operation, LowFuelCosts, DispatchGen, 'S-Central_PV-1':6, 0.0
Operation, LowFuelCosts, DispatchGen, 'S-Central_PV-1':7, 0.0
Operation, LowFuelCosts, DispatchGen, 'S-Central_PV-2':1, 0.0
Operation, LowFuelCosts, DispatchGen, 'S-Central_PV-2':2, 0.0
Operation, LowFuelCosts, DispatchGen, 'S-Central_PV-2':3, 0.0
Operation, LowFuelCosts, DispatchGen, 'S-Central_PV-2':4, 0.0
Operation, LowFuelCosts, DispatchGen, 'S-Central_PV-2':5, 0.0
Operation, LowFuelCosts, DispatchGen, 'S-Central_PV-2':6, 0.0
Operation, LowFuelCosts, DispatchGen, 'S-Central_PV-2':7, 0.0
Operation, LowFuelCosts, DispatchGen, 'S-Commercial_PV':1, 0.0
Operation, LowFuelCosts, DispatchGen, 'S-Commercial_PV':2, 0.0
Operation, LowFuelCosts, DispatchGen, 'S-Commercial_PV':3, 0.0
Operation, LowFuelCosts, DispatchGen, 'S-Commercial_PV':4, 0.0
Operation, LowFuelCosts, DispatchGen, 'S-Commercial_PV':5, 0.0
Operation, LowFuelCosts, DispatchGen, 'S-Commercial_PV':6, 0.0
Operation, LowFuelCosts, DispatchGen, 'S-Commercial_PV':7, 0.0
Operation, LowFuelCosts, DispatchGen, 'S-Geothermal':1, 2.90574225
Operation, LowFuelCosts, DispatchGen, 'S-Geothermal':2, 2.90574225
Operation, LowFuelCosts, DispatchGen, 'S-Geothermal':3, 2.90574225
Operation, LowFuelCosts, DispatchGen, 'S-Geothermal':4, 2.90574225
Operation, LowFuelCosts, DispatchGen, 'S-Geothermal':5, 2.90574225
Operation, LowFuelCosts, DispatchGen, 'S-Geothermal':6, 2.90574225
Operation, LowFuelCosts, DispatchGen, 'S-Geothermal':7, 2.90574225
Operation, LowFuelCosts, DispatchGen, 'S-NG_CC':1, 3.4300550044878597
Operation, LowFuelCosts, DispatchGen, 'S-NG_CC':2, 4.48602121356917
Operation, LowFuelCosts, DispatchGen, 'S-NG_CC':3, 3.95803810902851
Operation, LowFuelCosts, DispatchGen, 'S-NG_CC':4, 4.69721445538543
Operation, LowFuelCosts, DispatchGen, 'S-NG_CC':5, 4.7
Operation, LowFuelCosts, DispatchGen, 'S-NG_CC':6, 4.7
Operation, LowFuelCosts, DispatchGen, 'S-NG_CC':7, 0.288296831136514
Operation, LowFuelCosts, DispatchGen, 'S-NG_CC_CCS':7, 0.0
Operation, LowFuelCosts, DispatchGen, 'S-NG_GT':1, 0.0
Operation, LowFuelCosts, DispatchGen, 'S-NG_GT':2, 0.0
Operation, LowFuelCosts, DispatchGen, 'S-NG_GT':3, 0.0
Operation, LowFuelCosts, DispatchGen, 'S-NG_GT':4, 0.0
Operation, LowFuelCosts, DispatchGen, 'S-NG_GT':5, 0.0
Operation, LowFuelCosts, DispatchGen, 'S-NG_GT':6, 1.88
Operation, LowFuelCosts, DispatchGen, 'S-NG_GT':7, 0.0
Operation, LowFuelCosts, DispatchGen, 'S-Residential_PV':1, 0.0
Operation, LowFuelCosts, DispatchGen, 'S-Residential_PV':2, 0.0
Operation, LowFuelCosts, DispatchGen, 'S-Residential_PV':3, 0.0
Operation, LowFuelCosts, DispatchGen, 'S-Residential_PV':4, 0.0
Operation, LowFuelCosts, DispatchGen, 'S-Residential_PV':5, 0.0
Operation, LowFuelCosts, DispatchGen, 'S-Residential_PV':6, 0.0
Operation, LowFuelCosts, DispatchGen, 'S-Residential_PV':7, 0.0
Operation, LowFuelCosts, GenFuelUseRate, 'C-Biomass_IGCC':1:'BioSolid', 0.0
Operation, LowFuelCosts, GenFuelUseRate, 'C-Biomass_IGCC':2:'BioSolid', 0.0
Operation, LowFuelCosts, GenFuelUseRate, 'C-Biomass_IGCC':3:'BioSolid', 0.0
Operation, LowFuelCosts, GenFuelUseRate, 'C-Biomass_IGCC':4:'BioSolid', 0.0
Operation, LowFuelCosts, GenFuelUseRate, 'C-Biomass_IGCC':5:'BioSolid', 0.0
Operation, LowFuelCosts, GenFuelUseRate, 'C-Biomass_IGCC':6:'BioSolid', 0.0
Operation, LowFuelCosts, GenFuelUseRate, 'C-Biomass_IGCC':7:'BioSolid', 0.0
Operation, LowFuelCosts, GenFuelUseRate, 'C-Coal_IGCC':1:'Coal', 0.0
Operation, LowFuelCosts, GenFuelUseRate, 'C-Coal_IGCC':2:'Coal', 0.0
Operation, LowFuelCosts, GenFuelUseRate, 'C-Coal_IGCC':3:'Coal', 0.0
Operation, LowFuelCosts, GenFuelUseRate, 'C-Coal_IGCC':4:'Coal', 0.0
Operation, LowFuelCosts, GenFuelUseRate, 'C-Coal_IGCC':5:'Coal', 0.0
Operation, LowFuelCosts, GenFuelUseRate, 'C-Coal_IGCC':6:'Coal', 0.0
Operation, LowFuelCosts, GenFuelUseRate, 'C-Coal_IGCC':7:'Coal', 0.0
Operation, LowFuelCosts, GenFuelUseRate, 'C-Coal_ST':1:'Coal', 17.1
Operation, LowFuelCosts, GenFuelUseRate, 'C-Coal_ST':2:'Coal', 17.1
Operation, LowFuelCosts, GenFuelUseRate, 'C-Coal_ST':3:'Coal', 17.1
Operation, LowFuelCosts, GenFuelUseRate, 'C-Coal_ST':4:'Coal', 17.1
Operation, LowFuelCosts, GenFuelUseRate, 'C-Coal_ST':5:'Coal', 17.1
Operation, LowFuelCosts, GenFuelUseRate, 'C-Coal_ST':6:'Coal', 17.1
Operation, LowFuelCosts, GenFuelUseRate, 'C-NG_CC':1:'NaturalGas', 15.896065097166998
Operation, LowFuelCosts, GenFuelUseRate, 'C-NG_CC':2:'NaturalGas', 0.0
Operation, LowFuelCosts, GenFuelUseRate, 'C-NG_CC':3:'NaturalGas', 11.8074012204277
Operation, LowFuelCosts, GenFuelUseRate, 'C-NG_CC':4:'NaturalGas', 1.47189088663854
Operation, LowFuelCosts, GenFuelUseRate, 'C-NG_CC':5:'NaturalGas', 14.7186436293365
Operation, LowFuelCosts, GenFuelUseRate, 'C-NG_CC':6:'NaturalGas', 15.896065097166998
Operation, LowFuelCosts, GenFuelUseRate, 'C-NG_CC':7:'NaturalGas', 45.0512595827914
Operation, LowFuelCosts, GenFuelUseRate, 'C-NG_GT':1:'NaturalGas', 0.0
Operation, LowFuelCosts, GenFuelUseRate, 'C-NG_GT':2:'NaturalGas', 0.0
Operation, LowFuelCosts, GenFuelUseRate, 'C-NG_GT':3:'NaturalGas', 0.0
Operation, LowFuelCosts, GenFuelUseRate, 'C-NG_GT':4:'NaturalGas', 0.0
Operation, LowFuelCosts, GenFuelUseRate, 'C-NG_GT':5:'NaturalGas', 0.0
Operation, LowFuelCosts, GenFuelUseRate, 'C-NG_GT':6:'NaturalGas', 0.0
Operation, LowFuelCosts, GenFuelUseRate, 'C-NG_GT':7:'NaturalGas', 0.0
Operation, LowFuelCosts, GenFuelUseRate, 'C-Nuclear':7:'Uranium', 0.0
Operation, LowFuelCosts, GenFuelUseRate, 'N-Biomass_IGCC':1:'BioSolid', 0.0
Operation, LowFuelCosts, GenFuelUseRate, 'N-Biomass_IGCC':2:'BioSolid', 0.0
Operation, LowFuelCosts, GenFuelUseRate, 'N-Biomass_IGCC':3:'BioSolid', 0.0
Operation, LowFuelCosts, GenFuelUseRate, 'N-Biomass_IGCC':4:'BioSolid', 0.0
Operation, LowFuelCosts, GenFuelUseRate, 'N-Biomass_IGCC':5:'BioSolid', 0.0
Operation, LowFuelCosts, GenFuelUseRate, 'N-Biomass_IGCC':6:'BioSolid', 0.0
Operation, LowFuelCosts, GenFuelUseRate, 'N-Biomass_IGCC':7:'BioSolid', 0.0
Operation, LowFuelCosts, GenFuelUseRate, 'N-Biomass_IGCC_CCS':7:'BioSolid', 0.0
Operation, LowFuelCosts, GenFuelUseRate, 'N-Coal_IGCC':1:'Coal', 0.0
Operation, LowFuelCosts, GenFuelUseRate, 'N-Coal_IGCC':2:'Coal', 0.0
Operation, LowFuelCosts, GenFuelUseRate, 'N-Coal_IGCC':3:'Coal', 0.0
Operation, LowFuelCosts, GenFuelUseRate, 'N-Coal_IGCC':4:'Coal', 0.0
Operation, LowFuelCosts, GenFuelUseRate, 'N-Coal_IGCC':5:'Coal', 0.0
Operation, LowFuelCosts, GenFuelUseRate, 'N-Coal_IGCC':6:'Coal', 0.0
Operation, LowFuelCosts, GenFuelUseRate, 'N-Coal_IGCC':7:'Coal', 0.0
Operation, LowFuelCosts, GenFuelUseRate, 'N-Coal_IGCC_CCS':7:'Coal', 0.0
Operation, LowFuelCosts, GenFuelUseRate, 'N-Coal_ST':1:'Coal', 16.2
Operation, LowFuelCosts, GenFuelUseRate, 'N-Coal_ST':2:'Coal', 16.2
Operation, LowFuelCosts, GenFuelUseRate, 'N-Coal_ST':3:'Coal', 16.2
Operation, LowFuelCosts, GenFuelUseRate, 'N-Coal_ST':4:'Coal', 16.2
Operation, LowFuelCosts, GenFuelUseRate, 'N-Coal_ST':5:'Coal', 16.2
Operation, LowFuelCosts, GenFuelUseRate, 'N-Coal_ST':6:'Coal', 16.2
Operation, LowFuelCosts, GenFuelUseRate, 'N-Coal_ST':7:'Coal', 16.2
Operation, LowFuelCosts, GenFuelUseRate, 'N-NG_CC':1:'NaturalGas', 13.0976053122861
Operation, LowFuelCosts, GenFuelUseRate, 'N-NG_CC':2:'NaturalGas', 11.4572299930094
Operation, LowFuelCosts, GenFuelUseRate, 'N-NG_CC':3:'NaturalGas', 12.464744108954498
Operation, LowFuelCosts, GenFuelUseRate, 'N-NG_CC':4:'NaturalGas', 12.006860579387498
Operation, LowFuelCosts, GenFuelUseRate, 'N-NG_CC':5:'NaturalGas', 12.5235931930094
Operation, LowFuelCosts, GenFuelUseRate, 'N-NG_CC':6:'NaturalGas', 13.0976053122861
Operation, LowFuelCosts, GenFuelUseRate, 'N-NG_CC':7:'NaturalGas', 5.04697839592
Operation, LowFuelCosts, GenFuelUseRate, 'N-NG_CC_CCS':7:'NaturalGas', 0.0
Operation, LowFuelCosts, GenFuelUseRate, 'N-NG_GT':1:'NaturalGas', 0.0
Operation, LowFuelCosts, GenFuelUseRate, 'N-NG_GT':2:'NaturalGas', 0.0
Operation, LowFuelCosts, GenFuelUseRate, 'N-NG_GT':3:'NaturalGas', 0.0
Operation, LowFuelCosts, GenFuelUseRate, 'N-NG_GT':4:'NaturalGas', 0.0
Operation, LowFuelCosts, GenFuelUseRate, 'N-NG_GT':5:'NaturalGas', 0.0
Operation, LowFuelCosts, GenFuelUseRate, 'N-NG_GT':6:'NaturalGas', 17.4464673289355
Operation, LowFuelCosts, GenFuelUseRate, 'N-NG_GT':7:'NaturalGas', 0.0
Operation, LowFuelCosts, GenFuelUseRate, 'N-Nuclear':7:'Uranium', 0.0
Operation, LowFuelCosts, GenFuelUseRate, 'S-Biomass_IGCC':1:'BioSolid', 0.0
Operation, LowFuelCosts, GenFuelUseRate, 'S-Biomass_IGCC':2:'BioSolid', 0.0
Operation, LowFuelCosts, GenFuelUseRate, 'S-Biomass_IGCC':3:'BioSolid', 0.0
Operation, LowFuelCosts, GenFuelUseRate, 'S-Biomass_IGCC':4:'BioSolid', 0.0
Operation, LowFuelCosts, GenFuelUseRate, 'S-Biomass_IGCC':5:'BioSolid', 0.0
Operation, LowFuelCosts, GenFuelUseRate, 'S-Biomass_IGCC':6:'BioSolid', 0.0
Operation, LowFuelCosts, GenFuelUseRate, 'S-Biomass_IGCC':7:'BioSolid', 0.0
Operation, LowFuelCosts, GenFuelUseRate, 'S-Biomass_IGCC_CCS':7:'BioSolid', 0.0
Operation, LowFuelCosts, GenFuelUseRate, 'S-NG_CC':1:'NaturalGas', 22.9985188050911
Operation, LowFuelCosts, GenFuelUseRate, 'S-NG_CC':2:'NaturalGas', 30.0787722369813
Operation, LowFuelCosts, GenFuelUseRate, 'S-NG_CC':3:'NaturalGas', 26.538645521036198
Operation, LowFuelCosts, GenFuelUseRate, 'S-NG_CC':4:'NaturalGas', 31.4948229233593
Operation, LowFuelCosts, GenFuelUseRate, 'S-NG_CC':5:'NaturalGas', 31.5135
Operation, LowFuelCosts, GenFuelUseRate, 'S-NG_CC':6:'NaturalGas', 31.5135
Operation, LowFuelCosts, GenFuelUseRate, 'S-NG_CC':7:'NaturalGas', 1.9330302527703198
Operation, LowFuelCosts, GenFuelUseRate, 'S-NG_CC_CCS':7:'NaturalGas', 0.0
Operation, LowFuelCosts, GenFuelUseRate, 'S-NG_GT':1:'NaturalGas', 0.0
Operation, LowFuelCosts, GenFuelUseRate, 'S-NG_GT':2:'NaturalGas', 0.0
Operation, LowFuelCosts, GenFuelUseRate, 'S-NG_GT':3:'NaturalGas', 0.0
Operation, LowFuelCosts, GenFuelUseRate, 'S-NG_GT':4:'NaturalGas', 0.0
Operation, LowFuelCosts, GenFuelUseRate, 'S-NG_GT':5:'NaturalGas', 0.0
Operation, LowFuelCosts, GenFuelUseRate, 'S-NG_GT':6:'NaturalGas', 19.5332
Operation, LowFuelCosts, GenFuelUseRate, 'S-NG_GT':7:'NaturalGas', 0.0
Operation, MediumFuelCosts, DispatchGen, 'C-Biomass_IGCC':1, 0.0
Operation, MediumFuelCosts, DispatchGen, 'C-Biomass_IGCC':2, 0.0
Operation, MediumFuelCosts, DispatchGen, 'C-Biomass_IGCC':3, 0.0
Operation, MediumFuelCosts, DispatchGen, 'C-Biomass_IGCC':4, 0.0
Operation, MediumFuelCosts, DispatchGen, 'C-Biomass_IGCC':5, 0.0
Operation, MediumFuelCosts, DispatchGen, 'C-Biomass_IGCC':6, 0.0
Operation, MediumFuelCosts, DispatchGen, 'C-Biomass_IGCC':7, 0.0
Operation, MediumFuelCosts, DispatchGen, 'C-Central_PV-1':1, 0.0
Operation, MediumFuelCosts, DispatchGen, 'C-Central_PV-1':2, 1.1232111122262
Operation, MediumFuelCosts, DispatchGen, 'C-Central_PV-1':3, 0.0
Operation, MediumFuelCosts, DispatchGen, 'C-Central_PV-1':4, 1.17845100299142
Operation, MediumFuelCosts, DispatchGen, 'C-Central_PV-1':5, 0.0
Operation, MediumFuelCosts, DispatchGen, 'C-Central_PV-1':6, 1.45465045681753
Operation, MediumFuelCosts, DispatchGen, 'C-Central_PV-1':7, 0.718118579947897
Operation, MediumFuelCosts, DispatchGen, 'C-Central_PV-2':1, 0.0
Operation, MediumFuelCosts, DispatchGen, 'C-Central_PV-2':2, 0.113022314239018
Operation, MediumFuelCosts, DispatchGen, 'C-Central_PV-2':3, 0.0
Operation, MediumFuelCosts, DispatchGen, 'C-Central_PV-2':4, 0.120086208878957
Operation, MediumFuelCosts, DispatchGen, 'C-Central_PV-2':5, 0.0
Operation, MediumFuelCosts, DispatchGen, 'C-Central_PV-2':6, 0.127150103518896
Operation, MediumFuelCosts, DispatchGen, 'C-Central_PV-2':7, 0.0724049200593712
Operation, MediumFuelCosts, DispatchGen, 'C-Coal_IGCC':1, 0.0
Operation, MediumFuelCosts, DispatchGen, 'C-Coal_IGCC':2, 0.0
Operation, MediumFuelCosts, DispatchGen, 'C-Coal_IGCC':3, 0.0
Operation, MediumFuelCosts, DispatchGen, 'C-Coal_IGCC':4, 0.0
Operation, MediumFuelCosts, DispatchGen, 'C-Coal_IGCC':5, 0.0
Operation, MediumFuelCosts, DispatchGen, 'C-Coal_IGCC':6, 0.0
Operation, MediumFuelCosts, DispatchGen, 'C-Coal_IGCC':7, 0.0
Operation, MediumFuelCosts, DispatchGen, 'C-Coal_ST':1, 1.8
Operation, MediumFuelCosts, DispatchGen, 'C-Coal_ST':2, 1.8
Operation, MediumFuelCosts, DispatchGen, 'C-Coal_ST':3, 1.8
Operation, MediumFuelCosts, DispatchGen, 'C-Coal_ST':4, 1.8
Operation, MediumFuelCosts, DispatchGen, 'C-Coal_ST':5, 1.8
Operation, MediumFuelCosts, DispatchGen, 'C-Coal_ST':6, 1.8
Operation, MediumFuelCosts, DispatchGen, 'C-Commercial_PV':1, 0.0
Operation, MediumFuelCosts, DispatchGen, 'C-Commercial_PV':2, 0.0
Operation, MediumFuelCosts, DispatchGen, 'C-Commercial_PV':3, 0.0
Operation, MediumFuelCosts, DispatchGen, 'C-Commercial_PV':4, 0.0
Operation, MediumFuelCosts, DispatchGen, 'C-Commercial_PV':5, 0.0
Operation, MediumFuelCosts, DispatchGen, 'C-Commercial_PV':6, 0.0
Operation, MediumFuelCosts, DispatchGen, 'C-Commercial_PV':7, 0.0
Operation, MediumFuelCosts, DispatchGen, 'C-NG_CC':1, 1.8880521191689599
Operation, MediumFuelCosts, DispatchGen, 'C-NG_CC':2, 0.0
Operation, MediumFuelCosts, DispatchGen, 'C-NG_CC':3, 1.7609845220622997
Operation, MediumFuelCosts, DispatchGen, 'C-NG_CC':4, 0.21952138503184798
Operation, MediumFuelCosts, DispatchGen, 'C-NG_CC':5, 2.1951742922202
Operation, MediumFuelCosts, DispatchGen, 'C-NG_CC':6, 2.3707777922695
Operation, MediumFuelCosts, DispatchGen, 'C-NG_CC':7, 6.51182673695371
Operation, MediumFuelCosts, DispatchGen, 'C-NG_GT':1, 0.0
Operation, MediumFuelCosts, DispatchGen, 'C-NG_GT':2, 0.0
Operation, MediumFuelCosts, DispatchGen, 'C-NG_GT':3, 0.0
Operation, MediumFuelCosts, DispatchGen, 'C-NG_GT':4, 0.0
Operation, MediumFuelCosts, DispatchGen, 'C-NG_GT':5, 0.0
Operation, MediumFuelCosts, DispatchGen, 'C-NG_GT':6, 0.0
Operation, MediumFuelCosts, DispatchGen, 'C-NG_GT':7, 0.0
Operation, MediumFuelCosts, DispatchGen, 'C-Nuclear':7, 0.0
Operation, MediumFuelCosts, DispatchGen, 'C-Residential_PV':1, 0.0
Operation, MediumFuelCosts, DispatchGen, 'C-Residential_PV':2, 0.0
Operation, MediumFuelCosts, DispatchGen, 'C-Residential_PV':3, 0.0
Operation, MediumFuelCosts, DispatchGen, 'C-Residential_PV':4, 0.0
Operation, MediumFuelCosts, DispatchGen, 'C-Residential_PV':5, 0.0
Operation, MediumFuelCosts, DispatchGen, 'C-Residential_PV':6, 0.0
Operation, MediumFuelCosts, DispatchGen, 'C-Residential_PV':7, 0.0
Operation, MediumFuelCosts, DispatchGen, 'C-Wind-1':1, 0.176689417849261
Operation, MediumFuelCosts, DispatchGen, 'C-Wind-1':2, 0.10708449566621898
Operation, MediumFuelCosts, DispatchGen, 'C-Wind-1':3, 0.195429204590849
Operation, MediumFuelCosts, DispatchGen, 'C-Wind-1':4, 0.133855619582774
Operation, MediumFuelCosts, DispatchGen, 'C-Wind-1':5, 0.0588964726164204
Operation, MediumFuelCosts, DispatchGen, 'C-Wind-1':6, 0.013385561958277399
Operation, MediumFuelCosts, DispatchGen, 'C-Wind-1':7, 3.1808
Operation, MediumFuelCosts, DispatchGen, 'C-Wind-2':1, 0.0423334365826231
Operation, MediumFuelCosts, DispatchGen, 'C-Wind-2':2, 0.0245807051124908
Operation, MediumFuelCosts, DispatchGen, 'C-Wind-2':3, 0.0450646260395665
Operation, MediumFuelCosts, DispatchGen, 'C-Wind-2':4, 0.0327742734833211
Operation, MediumFuelCosts, DispatchGen, 'C-Wind-2':5, 0.00955916309930198
Operation, MediumFuelCosts, DispatchGen, 'C-Wind-2':6, 0.0034139868211792795
Operation, MediumFuelCosts, DispatchGen, 'C-Wind-2':7, 2.56452
Operation, MediumFuelCosts, DispatchGen, 'N-Biomass_IGCC':1, 0.0
Operation, MediumFuelCosts, DispatchGen, 'N-Biomass_IGCC':2, 0.0
Operation, MediumFuelCosts, DispatchGen, 'N-Biomass_IGCC':3, 0.0
Operation, MediumFuelCosts, DispatchGen, 'N-Biomass_IGCC':4, 0.0
Operation, MediumFuelCosts, DispatchGen, 'N-Biomass_IGCC':5, 0.0
Operation, MediumFuelCosts, DispatchGen, 'N-Biomass_IGCC':6, 0.0
Operation, MediumFuelCosts, DispatchGen, 'N-Biomass_IGCC':7, 0.0
Operation, MediumFuelCosts, DispatchGen, 'N-Biomass_IGCC_CCS':7, 0.0
Operation, MediumFuelCosts, DispatchGen, 'N-Central_PV-1':1, 0.0
Operation, MediumFuelCosts, DispatchGen, 'N-Central_PV-1':2, 0.0
Operation, MediumFuelCosts, DispatchGen, 'N-Central_PV-1':3, 0.0
Operation, MediumFuelCosts, DispatchGen, 'N-Central_PV-1':4, 0.0
Operation, MediumFuelCosts, DispatchGen, 'N-Central_PV-1':5, 0.0
Operation, MediumFuelCosts, DispatchGen, 'N-Central_PV-1':6, 0.0
Operation, MediumFuelCosts, DispatchGen, 'N-Central_PV-1':7, 0.0
Operation, MediumFuelCosts, DispatchGen, 'N-Central_PV-2':1, 0.0
Operation, MediumFuelCosts, DispatchGen, 'N-Central_PV-2':2, 0.0
Operation, MediumFuelCosts, DispatchGen, 'N-Central_PV-2':3, 0.0
Operation, MediumFuelCosts, DispatchGen, 'N-Central_PV-2':4, 0.0
Operation, MediumFuelCosts, DispatchGen, 'N-Central_PV-2':5, 0.0
Operation, MediumFuelCosts, DispatchGen, 'N-Central_PV-2':6, 0.0
Operation, MediumFuelCosts, DispatchGen, 'N-Central_PV-2':7, 0.0
Operation, MediumFuelCosts, DispatchGen, 'N-Coal_IGCC':1, 0.0
Operation, MediumFuelCosts, DispatchGen, 'N-Coal_IGCC':2, 0.0
Operation, MediumFuelCosts, DispatchGen, 'N-Coal_IGCC':3, 0.0
Operation, MediumFuelCosts, DispatchGen, 'N-Coal_IGCC':4, 0.0
Operation, MediumFuelCosts, DispatchGen, 'N-Coal_IGCC':5, 0.0
Operation, MediumFuelCosts, DispatchGen, 'N-Coal_IGCC':6, 0.0
Operation, MediumFuelCosts, DispatchGen, 'N-Coal_IGCC':7, 0.0
Operation, MediumFuelCosts, DispatchGen, 'N-Coal_IGCC_CCS':7, 0.0
Operation, MediumFuelCosts, DispatchGen, 'N-Coal_ST':1, 1.8
Operation, MediumFuelCosts, DispatchGen, 'N-Coal_ST':2, 1.8
Operation, MediumFuelCosts, DispatchGen, 'N-Coal_ST':3, 1.8
Operation, MediumFuelCosts, DispatchGen, 'N-Coal_ST':4, 1.8
Operation, MediumFuelCosts, DispatchGen, 'N-Coal_ST':5, 1.8
Operation, MediumFuelCosts, DispatchGen, 'N-Coal_ST':6, 1.8
Operation, MediumFuelCosts, DispatchGen, 'N-Coal_ST':7, 1.8
Operation, MediumFuelCosts, DispatchGen, 'N-Commercial_PV':1, 0.0
Operation, MediumFuelCosts, DispatchGen, 'N-Commercial_PV':2, 0.0
Operation, MediumFuelCosts, DispatchGen, 'N-Commercial_PV':3, 0.0
Operation, MediumFuelCosts, DispatchGen, 'N-Commercial_PV':4, 0.0
Operation, MediumFuelCosts, DispatchGen, 'N-Commercial_PV':5, 0.0
Operation, MediumFuelCosts, DispatchGen, 'N-Commercial_PV':6, 0.0
Operation, MediumFuelCosts, DispatchGen, 'N-Commercial_PV':7, 0.0
Operation, MediumFuelCosts, DispatchGen, 'N-Geothermal':1, 0.9685807499999999
Operation, MediumFuelCosts, DispatchGen, 'N-Geothermal':2, 0.9685807499999999
Operation, MediumFuelCosts, DispatchGen, 'N-Geothermal':3, 0.9685807499999999
Operation, MediumFuelCosts, DispatchGen, 'N-Geothermal':4, 0.9685807499999999
Operation, MediumFuelCosts, DispatchGen, 'N-Geothermal':5, 0.9685807499999999
Operation, MediumFuelCosts, DispatchGen, 'N-Geothermal':6, 0.9685807499999999
Operation, MediumFuelCosts, DispatchGen, 'N-Geothermal':7, 0.9685807499999999
Operation, MediumFuelCosts, DispatchGen, 'N-NG_CC':1, 1.8353302954065498
Operation, MediumFuelCosts, DispatchGen, 'N-NG_CC':2, 1.12726408632524
Operation, MediumFuelCosts, DispatchGen, 'N-NG_CC':3, 1.27752719086589
Operation, MediumFuelCosts, DispatchGen, 'N-NG_CC':4, 1.2092373281415
Operation, MediumFuelCosts, DispatchGen, 'N-NG_CC':5, 1.28630408632524
Operation, MediumFuelCosts, DispatchGen, 'N-NG_CC':6, 1.9534086968361
Operation, MediumFuelCosts, DispatchGen, 'N-NG_CC':7, 0.0
Operation, MediumFuelCosts, DispatchGen, 'N-NG_CC_CCS':7, 0.0
Operation, MediumFuelCosts, DispatchGen, 'N-NG_GT':1, 0.0
Operation, MediumFuelCosts, DispatchGen, 'N-NG_GT':2, 0.0
Operation, MediumFuelCosts, DispatchGen, 'N-NG_GT':3, 0.0
Operation, MediumFuelCosts, DispatchGen, 'N-NG_GT':4, 0.0
Operation, MediumFuelCosts, DispatchGen, 'N-NG_GT':5, 0.0
Operation, MediumFuelCosts, DispatchGen, 'N-NG_GT':6, 1.09766446432228
Operation, MediumFuelCosts, DispatchGen, 'N-NG_GT':7, 0.0
Operation, MediumFuelCosts, DispatchGen, 'N-Nuclear':7, 0.0
Operation, MediumFuelCosts, DispatchGen, 'N-Residential_PV':1, 0.0
Operation, MediumFuelCosts, DispatchGen, 'N-Residential_PV':2, 0.0
Operation, MediumFuelCosts, DispatchGen, 'N-Residential_PV':3, 0.0
Operation, MediumFuelCosts, DispatchGen, 'N-Residential_PV':4, 0.0
Operation, MediumFuelCosts, DispatchGen, 'N-Residential_PV':5, 0.0
Operation, MediumFuelCosts, DispatchGen, 'N-Residential_PV':6, 0.0
Operation, MediumFuelCosts, DispatchGen, 'N-Residential_PV':7, 0.0
Operation, MediumFuelCosts, DispatchGen, 'N-Wind-1':1, 0.0
Operation, MediumFuelCosts, DispatchGen, 'N-Wind-1':2, 0.0
Operation, MediumFuelCosts, DispatchGen, 'N-Wind-1':3, 0.0
Operation, MediumFuelCosts, DispatchGen, 'N-Wind-1':4, 0.0
Operation, MediumFuelCosts, DispatchGen, 'N-Wind-1':5, 0.0
Operation, MediumFuelCosts, DispatchGen, 'N-Wind-1':6, 0.0
Operation, MediumFuelCosts, DispatchGen, 'N-Wind-1':7, 2.91829862720672
Operation, MediumFuelCosts, DispatchGen, 'N-Wind-2':1, 0.67592
Operation, MediumFuelCosts, DispatchGen, 'N-Wind-2':2, 0.32802
Operation, MediumFuelCosts, DispatchGen, 'N-Wind-2':3, 0.70574
Operation, MediumFuelCosts, DispatchGen, 'N-Wind-2':4, 0.457240000000001
Operation, MediumFuelCosts, DispatchGen, 'N-Wind-2':5, 0.16898
Operation, MediumFuelCosts, DispatchGen, 'N-Wind-2':6, 0.12922
Operation, MediumFuelCosts, DispatchGen, 'N-Wind-2':7, 0.8647799999999999
Operation, MediumFuelCosts, DispatchGen, 'S-Biomass_IGCC':1, 0.0
Operation, MediumFuelCosts, DispatchGen, 'S-Biomass_IGCC':2, 0.0
Operation, MediumFuelCosts, DispatchGen, 'S-Biomass_IGCC':3, 0.0
Operation, MediumFuelCosts, DispatchGen, 'S-Biomass_IGCC':4, 0.0
Operation, MediumFuelCosts, DispatchGen, 'S-Biomass_IGCC':5, 0.0
Operation, MediumFuelCosts, DispatchGen, 'S-Biomass_IGCC':6, 0.0
Operation, MediumFuelCosts, DispatchGen, 'S-Biomass_IGCC':7, 0.0
Operation, MediumFuelCosts, DispatchGen, 'S-Biomass_IGCC_CCS':7, 0.0
Operation, MediumFuelCosts, DispatchGen, 'S-Central_PV-1':1, 0.0
Operation, MediumFuelCosts, DispatchGen, 'S-Central_PV-1':2, 0.0
Operation, MediumFuelCosts, DispatchGen, 'S-Central_PV-1':3, 0.0
Operation, MediumFuelCosts, DispatchGen, 'S-Central_PV-1':4, 0.0
Operation, MediumFuelCosts, DispatchGen, 'S-Central_PV-1':5, 0.0
Operation, MediumFuelCosts, DispatchGen, 'S-Central_PV-1':6, 0.0
Operation, MediumFuelCosts, DispatchGen, 'S-Central_PV-1':7, 0.0
Operation, MediumFuelCosts, DispatchGen, 'S-Central_PV-2':1, 0.0
Operation, MediumFuelCosts, DispatchGen, 'S-Central_PV-2':2, 0.0
Operation, MediumFuelCosts, DispatchGen, 'S-Central_PV-2':3, 0.0
Operation, MediumFuelCosts, DispatchGen, 'S-Central_PV-2':4, 0.0
Operation, MediumFuelCosts, DispatchGen, 'S-Central_PV-2':5, 0.0
Operation, MediumFuelCosts, DispatchGen, 'S-Central_PV-2':6, 0.0
Operation, MediumFuelCosts, DispatchGen, 'S-Central_PV-2':7, 0.0
Operation, MediumFuelCosts, DispatchGen, 'S-Commercial_PV':1, 0.0
Operation, MediumFuelCosts, DispatchGen, 'S-Commercial_PV':2, 0.0
Operation, MediumFuelCosts, DispatchGen, 'S-Commercial_PV':3, 0.0
Operation, MediumFuelCosts, DispatchGen, 'S-Commercial_PV':4, 0.0
Operation, MediumFuelCosts, DispatchGen, 'S-Commercial_PV':5, 0.0
Operation, MediumFuelCosts, DispatchGen, 'S-Commercial_PV':6, 0.0
Operation, MediumFuelCosts, DispatchGen, 'S-Commercial_PV':7, 0.0
Operation, MediumFuelCosts, DispatchGen, 'S-Geothermal':1, 2.90574225
Operation, MediumFuelCosts, DispatchGen, 'S-Geothermal':2, 2.90574225
Operation, MediumFuelCosts, DispatchGen, 'S-Geothermal':3, 2.90574225
Operation, MediumFuelCosts, DispatchGen, 'S-Geothermal':4, 2.90574225
Operation, MediumFuelCosts, DispatchGen, 'S-Geothermal':5, 2.90574225
Operation, MediumFuelCosts, DispatchGen, 'S-Geothermal':6, 2.90574225
Operation, MediumFuelCosts, DispatchGen, 'S-Geothermal':7, 2.90574225
Operation, MediumFuelCosts, DispatchGen, 'S-NG_CC':1, 3.4300550044878597
Operation, MediumFuelCosts, DispatchGen, 'S-NG_CC':2, 4.48602121356917
Operation, MediumFuelCosts, DispatchGen, 'S-NG_CC':3, 3.95803810902851
Operation, MediumFuelCosts, DispatchGen, 'S-NG_CC':4, 4.69721445538543
Operation, MediumFuelCosts, DispatchGen, 'S-NG_CC':5, 4.7
Operation, MediumFuelCosts, DispatchGen, 'S-NG_CC':6, 4.7
Operation, MediumFuelCosts, DispatchGen, 'S-NG_CC':7, 0.288296831136514
Operation, MediumFuelCosts, DispatchGen, 'S-NG_CC_CCS':7, 0.0
Operation, MediumFuelCosts, DispatchGen, 'S-NG_GT':1, 0.0
Operation, MediumFuelCosts, DispatchGen, 'S-NG_GT':2, 0.0
Operation, MediumFuelCosts, DispatchGen, 'S-NG_GT':3, 0.0
Operation, MediumFuelCosts, DispatchGen, 'S-NG_GT':4, 0.0
Operation, MediumFuelCosts, DispatchGen, 'S-NG_GT':5, 0.0
Operation, MediumFuelCosts, DispatchGen, 'S-NG_GT':6, 1.88
Operation, MediumFuelCosts, DispatchGen, 'S-NG_GT':7, 0.0
Operation, MediumFuelCosts, DispatchGen, 'S-Residential_PV':1, 0.0
Operation, MediumFuelCosts, DispatchGen, 'S-Residential_PV':2, 0.0
Operation, MediumFuelCosts, DispatchGen, 'S-Residential_PV':3, 0.0
Operation, MediumFuelCosts, DispatchGen, 'S-Residential_PV':4, 0.0
Operation, MediumFuelCosts, DispatchGen, 'S-Residential_PV':5, 0.0
Operation, MediumFuelCosts, DispatchGen, 'S-Residential_PV':6, 0.0
Operation, MediumFuelCosts, DispatchGen, 'S-Residential_PV':7, 0.0
Operation, MediumFuelCosts, GenFuelUseRate, 'C-Biomass_IGCC':1:'BioSolid', 0.0
Operation, MediumFuelCosts, GenFuelUseRate, 'C-Biomass_IGCC':2:'BioSolid', 0.0
Operation, MediumFuelCosts, GenFuelUseRate, 'C-Biomass_IGCC':3:'BioSolid', 0.0
Operation, MediumFuelCosts, GenFuelUseRate, 'C-Biomass_IGCC':4:'BioSolid', 0.0
Operation, MediumFuelCosts, GenFuelUseRate, 'C-Biomass_IGCC':5:'BioSolid', 0.0
Operation, MediumFuelCosts, GenFuelUseRate, 'C-Biomass_IGCC':6:'BioSolid', 0.0
Operation, MediumFuelCosts, GenFuelUseRate, 'C-Biomass_IGCC':7:'BioSolid', 0.0
Operation, MediumFuelCosts, GenFuelUseRate, 'C-Coal_IGCC':1:'Coal', 0.0
Operation, MediumFuelCosts, GenFuelUseRate, 'C-Coal_IGCC':2:'Coal', 0.0
Operation, MediumFuelCosts, GenFuelUseRate, 'C-Coal_IGCC':3:'Coal', 0.0
Operation, MediumFuelCosts, GenFuelUseRate, 'C-Coal_IGCC':4:'Coal', 0.0
Operation, MediumFuelCosts, GenFuelUseRate, 'C-Coal_IGCC':5:'Coal', 0.0
Operation, MediumFuelCosts, GenFuelUseRate, 'C-Coal_IGCC':6:'Coal', 0.0
Operation, MediumFuelCosts, GenFuelUseRate, 'C-Coal_IGCC':7:'Coal', 0.0
Operation, MediumFuelCosts, GenFuelUseRate, 'C-Coal_ST':1:'Coal', 17.1
Operation, MediumFuelCosts, GenFuelUseRate, 'C-Coal_ST':2:'Coal', 17.1
Operation, MediumFuelCosts, GenFuelUseRate, 'C-Coal_ST':3:'Coal', 17.1
Operation, MediumFuelCosts, GenFuelUseRate, 'C-Coal_ST':4:'Coal', 17.1
Operation, MediumFuelCosts, GenFuelUseRate, 'C-Coal_ST':5:'Coal', 17.1
Operation, MediumFuelCosts, GenFuelUseRate, 'C-Coal_ST':6:'Coal', 17.1
Operation, MediumFuelCosts, GenFuelUseRate, 'C-NG_CC':1:'NaturalGas', 12.659389459027897
Operation, MediumFuelCosts, GenFuelUseRate, 'C-NG_CC':2:'NaturalGas', 0.0
Operation, MediumFuelCosts, GenFuelUseRate, 'C-NG_CC':3:'NaturalGas', 11.8074012204277
Operation, MediumFuelCosts, GenFuelUseRate, 'C-NG_CC':4:'NaturalGas', 1.47189088663854
Operation, MediumFuelCosts, GenFuelUseRate, 'C-NG_CC':5:'NaturalGas', 14.7186436293365
Operation, MediumFuelCosts, GenFuelUseRate, 'C-NG_CC':6:'NaturalGas', 15.896065097166998
Operation, MediumFuelCosts, GenFuelUseRate, 'C-NG_CC':7:'NaturalGas', 43.6617982712746
Operation, MediumFuelCosts, GenFuelUseRate, 'C-NG_GT':1:'NaturalGas', 0.0
Operation, MediumFuelCosts, GenFuelUseRate, 'C-NG_GT':2:'NaturalGas', 0.0
Operation, MediumFuelCosts, GenFuelUseRate, 'C-NG_GT':3:'NaturalGas', 0.0
Operation, MediumFuelCosts, GenFuelUseRate, 'C-NG_GT':4:'NaturalGas', 0.0
Operation, MediumFuelCosts, GenFuelUseRate, 'C-NG_GT':5:'NaturalGas', 0.0
Operation, MediumFuelCosts, GenFuelUseRate, 'C-NG_GT':6:'NaturalGas', 0.0
Operation, MediumFuelCosts, GenFuelUseRate, 'C-NG_GT':7:'NaturalGas', 0.0
Operation, MediumFuelCosts, GenFuelUseRate, 'C-Nuclear':7:'Uranium', 0.0
Operation, MediumFuelCosts, GenFuelUseRate, 'N-Biomass_IGCC':1:'BioSolid', 0.0
Operation, MediumFuelCosts, GenFuelUseRate, 'N-Biomass_IGCC':2:'BioSolid', 0.0
Operation, MediumFuelCosts, GenFuelUseRate, 'N-Biomass_IGCC':3:'BioSolid', 0.0
Operation, MediumFuelCosts, GenFuelUseRate, 'N-Biomass_IGCC':4:'BioSolid', 0.0
Operation, MediumFuelCosts, GenFuelUseRate, 'N-Biomass_IGCC':5:'BioSolid', 0.0
Operation, MediumFuelCosts, GenFuelUseRate, 'N-Biomass_IGCC':6:'BioSolid', 0.0
Operation, MediumFuelCosts, GenFuelUseRate, 'N-Biomass_IGCC':7:'BioSolid', 0.0
Operation, MediumFuelCosts, GenFuelUseRate, 'N-Biomass_IGCC_CCS':7:'BioSolid', 0.0
Operation, MediumFuelCosts, GenFuelUseRate, 'N-Coal_IGCC':1:'Coal', 0.0
Operation, MediumFuelCosts, GenFuelUseRate, 'N-Coal_IGCC':2:'Coal', 0.0
Operation, MediumFuelCosts, GenFuelUseRate, 'N-Coal_IGCC':3:'Coal', 0.0
Operation, MediumFuelCosts, GenFuelUseRate, 'N-Coal_IGCC':4:'Coal', 0.0
Operation, MediumFuelCosts, GenFuelUseRate, 'N-Coal_IGCC':5:'Coal', 0.0
Operation, MediumFuelCosts, GenFuelUseRate, 'N-Coal_IGCC':6:'Coal', 0.0
Operation, MediumFuelCosts, GenFuelUseRate, 'N-Coal_IGCC':7:'Coal', 0.0
Operation, MediumFuelCosts, GenFuelUseRate, 'N-Coal_IGCC_CCS':7:'Coal', 0.0
Operation, MediumFuelCosts, GenFuelUseRate, 'N-Coal_ST':1:'Coal', 16.2
Operation, MediumFuelCosts, GenFuelUseRate, 'N-Coal_ST':2:'Coal', 16.2
Operation, MediumFuelCosts, GenFuelUseRate, 'N-Coal_ST':3:'Coal', 16.2
Operation, MediumFuelCosts, GenFuelUseRate, 'N-Coal_ST':4:'Coal', 16.2
Operation, MediumFuelCosts, GenFuelUseRate, 'N-Coal_ST':5:'Coal', 16.2
Operation, MediumFuelCosts, GenFuelUseRate, 'N-Coal_ST':6:'Coal', 16.2
Operation, MediumFuelCosts, GenFuelUseRate, 'N-Coal_ST':7:'Coal', 16.2
Operation, MediumFuelCosts, GenFuelUseRate, 'N-NG_CC':1:'NaturalGas', 12.305889630700898
Operation, MediumFuelCosts, GenFuelUseRate, 'N-NG_CC':2:'NaturalGas', 7.558305698810739
Operation, MediumFuelCosts, GenFuelUseRate, 'N-NG_CC':3:'NaturalGas', 8.56581981475581
Operation, MediumFuelCosts, GenFuelUseRate, 'N-NG_CC':4:'NaturalGas', 8.10793628518875
Operation, MediumFuelCosts, GenFuelUseRate, 'N-NG_CC':5:'NaturalGas', 8.62466889881072
Operation, MediumFuelCosts, GenFuelUseRate, 'N-NG_CC':6:'NaturalGas', 13.0976053122861
Operation, MediumFuelCosts, GenFuelUseRate, 'N-NG_CC':7:'NaturalGas', 0.0
Operation, MediumFuelCosts, GenFuelUseRate, 'N-NG_CC_CCS':7:'NaturalGas', 0.0
Operation, MediumFuelCosts, GenFuelUseRate, 'N-NG_GT':1:'NaturalGas', 0.0
Operation, MediumFuelCosts, GenFuelUseRate, 'N-NG_GT':2:'NaturalGas', 0.0
Operation, MediumFuelCosts, GenFuelUseRate, 'N-NG_GT':3:'NaturalGas', 0.0
Operation, MediumFuelCosts, GenFuelUseRate, 'N-NG_GT':4:'NaturalGas', 0.0
Operation, MediumFuelCosts, GenFuelUseRate, 'N-NG_GT':5:'NaturalGas', 0.0
Operation, MediumFuelCosts, GenFuelUseRate, 'N-NG_GT':6:'NaturalGas', 11.4047337843084
Operation, MediumFuelCosts, GenFuelUseRate, 'N-NG_GT':7:'NaturalGas', 0.0
Operation, MediumFuelCosts, GenFuelUseRate, 'N-Nuclear':7:'Uranium', 0.0
Operation, MediumFuelCosts, GenFuelUseRate, 'S-Biomass_IGCC':1:'BioSolid', 0.0
Operation, MediumFuelCosts, GenFuelUseRate, 'S-Biomass_IGCC':2:'BioSolid', 0.0
Operation, MediumFuelCosts, GenFuelUseRate, 'S-Biomass_IGCC':3:'BioSolid', 0.0
Operation, MediumFuelCosts, GenFuelUseRate, 'S-Biomass_IGCC':4:'BioSolid', 0.0
Operation, MediumFuelCosts, GenFuelUseRate, 'S-Biomass_IGCC':5:'BioSolid', 0.0
Operation, MediumFuelCosts, GenFuelUseRate, 'S-Biomass_IGCC':6:'BioSolid', 0.0
Operation, MediumFuelCosts, GenFuelUseRate, 'S-Biomass_IGCC':7:'BioSolid', 0.0
Operation, MediumFuelCosts, GenFuelUseRate, 'S-Biomass_IGCC_CCS':7:'BioSolid', 0.0
Operation, MediumFuelCosts, GenFuelUseRate, 'S-NG_CC':1:'NaturalGas', 22.9985188050911
Operation, MediumFuelCosts, GenFuelUseRate, 'S-NG_CC':2:'NaturalGas', 30.0787722369813
Operation, MediumFuelCosts, GenFuelUseRate, 'S-NG_CC':3:'NaturalGas', 26.538645521036198
Operation, MediumFuelCosts, GenFuelUseRate, 'S-NG_CC':4:'NaturalGas', 31.4948229233593
Operation, MediumFuelCosts, GenFuelUseRate, 'S-NG_CC':5:'NaturalGas', 31.5135
Operation, MediumFuelCosts, GenFuelUseRate, 'S-NG_CC':6:'NaturalGas', 31.5135
Operation, MediumFuelCosts, GenFuelUseRate, 'S-NG_CC':7:'NaturalGas', 1.9330302527703198
Operation, MediumFuelCosts, GenFuelUseRate, 'S-NG_CC_CCS':7:'NaturalGas', 0.0
Operation, MediumFuelCosts, GenFuelUseRate, 'S-NG_GT':1:'NaturalGas', 0.0
Operation, MediumFuelCosts, GenFuelUseRate, 'S-NG_GT':2:'NaturalGas', 0.0
Operation, MediumFuelCosts, GenFuelUseRate, 'S-NG_GT':3:'NaturalGas', 0.0
Operation, MediumFuelCosts, GenFuelUseRate, 'S-NG_GT':4:'NaturalGas', 0.0
Operation, MediumFuelCosts, GenFuelUseRate, 'S-NG_GT':5:'NaturalGas', 0.0
Operation, MediumFuelCosts, GenFuelUseRate, 'S-NG_GT':6:'NaturalGas', 19.5332
Operation, MediumFuelCosts, GenFuelUseRate, 'S-NG_GT':7:'NaturalGas', 0.0
