base_gen_project,retrofit_gen_project
Anhui-Coal_1000_OT-12107,Anhui-Coal_1000_OT-12107_H2
Anhui-Coal_1000_RC-12115,Anhui-Coal_1000_RC-12115_H2
Anhui-Coal_1000_RC-12125,Anhui-Coal_1000_RC-12125_H2
Anhui-Coal_100_RC-ep-1231,Anhui-Coal_100_RC-ep-1231_H2
Anhui-Coal_100_RC-ep-1233,Anhui-Coal_100_RC-ep-1233_H2
Anhui-Coal_100_RC-ep-1234,Anhui-Coal_100_RC-ep-1234_H2
Anhui-Coal_100_RC-ep-1235,Anhui-Coal_100_RC-ep-1235_H2
Anhui-Coal_100_RC-ep-1236,Anhui-Coal_100_RC-ep-1236_H2
Anhui-Coal_100_RC-ep-1237,Anhui-Coal_100_RC-ep-1237_H2
Anhui-Coal_100_RC-ep-1238,Anhui-Coal_100_RC-ep-1238_H2
Anhui-Coal_100_RC-ep-1239,Anhui-Coal_100_RC-ep-1239_H2
Anhui-Coal_100_RC-ep-1241,Anhui-Coal_100_RC-ep-1241_H2
Anhui-Coal_300_OT-12111,Anhui-Coal_300_OT-12111_H2
Anhui-Coal_300_RC-12119,Anhui-Coal_300_RC-12119_H2
Anhui-Coal_300_RC-12129,Anhui-Coal_300_RC-12129_H2
Anhui-Coal_600_OT-12109,Anhui-Coal_600_OT-12109_H2
Anhui-Coal_600_RC-12117,Anhui-Coal_600_RC-12117_H2
Anhui-Coal_600_RC-12127,Anhui-Coal_600_RC-12127_H2
Anhui-Coal_IGCC_RC-12121,Anhui-Coal_IGCC_RC-12121_H2
Anhui-Coal_IGCC_RC-12131,Anhui-Coal_IGCC_RC-12131_H2
Anhui-Coal_Small_RC-ep-1157,Anhui-Coal_Small_RC-ep-1157_H2
Anhui-Coal_Small_RC-ep-1199,Anhui-Coal_Small_RC-ep-1199_H2
Anhui-Coal_Small_RC-ep-1232,Anhui-Coal_Small_RC-ep-1232_H2
Anhui-Coal_Small_RC-ep-1242,Anhui-Coal_Small_RC-ep-1242_H2
Anhui-EP_Coal_1000_OT-ep-3093,Anhui-EP_Coal_1000_OT-ep-3093_H2
Anhui-EP_Coal_1000_RC-ep-1152,Anhui-EP_Coal_1000_RC-ep-1152_H2
Anhui-EP_Coal_1000_RC-ep-1153,Anhui-EP_Coal_1000_RC-ep-1153_H2
Anhui-EP_Coal_1000_RC-ep-1154,Anhui-EP_Coal_1000_RC-ep-1154_H2
Anhui-EP_Coal_1000_RC-ep-1155,Anhui-EP_Coal_1000_RC-ep-1155_H2
Anhui-EP_Coal_1000_RC-ep-1156,Anhui-EP_Coal_1000_RC-ep-1156_H2
Anhui-EP_Coal_1000_RC-ep-3094,Anhui-EP_Coal_1000_RC-ep-3094_H2
Anhui-EP_Coal_1000_RC-ep-3095,Anhui-EP_Coal_1000_RC-ep-3095_H2
Anhui-EP_Coal_1000_RC-ep-3096,Anhui-EP_Coal_1000_RC-ep-3096_H2
Anhui-EP_Coal_300_OT-ep-1206,Anhui-EP_Coal_300_OT-ep-1206_H2
Anhui-EP_Coal_300_OT-ep-1207,Anhui-EP_Coal_300_OT-ep-1207_H2
Anhui-EP_Coal_300_OT-ep-1208,Anhui-EP_Coal_300_OT-ep-1208_H2
Anhui-EP_Coal_300_OT-ep-1209,Anhui-EP_Coal_300_OT-ep-1209_H2
Anhui-EP_Coal_300_OT-ep-1218,Anhui-EP_Coal_300_OT-ep-1218_H2
Anhui-EP_Coal_300_OT-ep-1219,Anhui-EP_Coal_300_OT-ep-1219_H2
Anhui-EP_Coal_300_OT-ep-1220,Anhui-EP_Coal_300_OT-ep-1220_H2
Anhui-EP_Coal_300_OT-ep-1221,Anhui-EP_Coal_300_OT-ep-1221_H2
Anhui-EP_Coal_300_RC-ep-1200,Anhui-EP_Coal_300_RC-ep-1200_H2
Anhui-EP_Coal_300_RC-ep-1201,Anhui-EP_Coal_300_RC-ep-1201_H2
Anhui-EP_Coal_300_RC-ep-1202,Anhui-EP_Coal_300_RC-ep-1202_H2
Anhui-EP_Coal_300_RC-ep-1203,Anhui-EP_Coal_300_RC-ep-1203_H2
Anhui-EP_Coal_300_RC-ep-1204,Anhui-EP_Coal_300_RC-ep-1204_H2
Anhui-EP_Coal_300_RC-ep-1205,Anhui-EP_Coal_300_RC-ep-1205_H2
Anhui-EP_Coal_300_RC-ep-1210,Anhui-EP_Coal_300_RC-ep-1210_H2
Anhui-EP_Coal_300_RC-ep-1211,Anhui-EP_Coal_300_RC-ep-1211_H2
Anhui-EP_Coal_300_RC-ep-1212,Anhui-EP_Coal_300_RC-ep-1212_H2
Anhui-EP_Coal_300_RC-ep-1213,Anhui-EP_Coal_300_RC-ep-1213_H2
Anhui-EP_Coal_300_RC-ep-1214,Anhui-EP_Coal_300_RC-ep-1214_H2
Anhui-EP_Coal_300_RC-ep-1215,Anhui-EP_Coal_300_RC-ep-1215_H2
Anhui-EP_Coal_300_RC-ep-1216,Anhui-EP_Coal_300_RC-ep-1216_H2
Anhui-EP_Coal_300_RC-ep-1217,Anhui-EP_Coal_300_RC-ep-1217_H2
Anhui-EP_Coal_300_RC-ep-1222,Anhui-EP_Coal_300_RC-ep-1222_H2
Anhui-EP_Coal_300_RC-ep-1223,Anhui-EP_Coal_300_RC-ep-1223_H2
Anhui-EP_Coal_300_RC-ep-1224,Anhui-EP_Coal_300_RC-ep-1224_H2
Anhui-EP_Coal_300_RC-ep-1225,Anhui-EP_Coal_300_RC-ep-1225_H2
Anhui-EP_Coal_300_RC-ep-1226,Anhui-EP_Coal_300_RC-ep-1226_H2
Anhui-EP_Coal_300_RC-ep-1227,Anhui-EP_Coal_300_RC-ep-1227_H2
Anhui-EP_Coal_300_RC-ep-1228,Anhui-EP_Coal_300_RC-ep-1228_H2
Anhui-EP_Coal_300_RC-ep-1229,Anhui-EP_Coal_300_RC-ep-1229_H2
Anhui-EP_Coal_600_OT-ep-1168,Anhui-EP_Coal_600_OT-ep-1168_H2
Anhui-EP_Coal_600_OT-ep-1169,Anhui-EP_Coal_600_OT-ep-1169_H2
Anhui-EP_Coal_600_OT-ep-1170,Anhui-EP_Coal_600_OT-ep-1170_H2
Anhui-EP_Coal_600_OT-ep-1171,Anhui-EP_Coal_600_OT-ep-1171_H2
Anhui-EP_Coal_600_OT-ep-1172,Anhui-EP_Coal_600_OT-ep-1172_H2
Anhui-EP_Coal_600_OT-ep-1173,Anhui-EP_Coal_600_OT-ep-1173_H2
Anhui-EP_Coal_600_OT-ep-1174,Anhui-EP_Coal_600_OT-ep-1174_H2
Anhui-EP_Coal_600_OT-ep-1175,Anhui-EP_Coal_600_OT-ep-1175_H2
Anhui-EP_Coal_600_OT-ep-1194,Anhui-EP_Coal_600_OT-ep-1194_H2
Anhui-EP_Coal_600_OT-ep-1195,Anhui-EP_Coal_600_OT-ep-1195_H2
Anhui-EP_Coal_600_RC-ep-1158,Anhui-EP_Coal_600_RC-ep-1158_H2
Anhui-EP_Coal_600_RC-ep-1159,Anhui-EP_Coal_600_RC-ep-1159_H2
Anhui-EP_Coal_600_RC-ep-1160,Anhui-EP_Coal_600_RC-ep-1160_H2
Anhui-EP_Coal_600_RC-ep-1161,Anhui-EP_Coal_600_RC-ep-1161_H2
Anhui-EP_Coal_600_RC-ep-1162,Anhui-EP_Coal_600_RC-ep-1162_H2
Anhui-EP_Coal_600_RC-ep-1163,Anhui-EP_Coal_600_RC-ep-1163_H2
Anhui-EP_Coal_600_RC-ep-1164,Anhui-EP_Coal_600_RC-ep-1164_H2
Anhui-EP_Coal_600_RC-ep-1165,Anhui-EP_Coal_600_RC-ep-1165_H2
Anhui-EP_Coal_600_RC-ep-1166,Anhui-EP_Coal_600_RC-ep-1166_H2
Anhui-EP_Coal_600_RC-ep-1167,Anhui-EP_Coal_600_RC-ep-1167_H2
Anhui-EP_Coal_600_RC-ep-1176,Anhui-EP_Coal_600_RC-ep-1176_H2
Anhui-EP_Coal_600_RC-ep-1177,Anhui-EP_Coal_600_RC-ep-1177_H2
Anhui-EP_Coal_600_RC-ep-1178,Anhui-EP_Coal_600_RC-ep-1178_H2
Anhui-EP_Coal_600_RC-ep-1179,Anhui-EP_Coal_600_RC-ep-1179_H2
Anhui-EP_Coal_600_RC-ep-1180,Anhui-EP_Coal_600_RC-ep-1180_H2
Anhui-EP_Coal_600_RC-ep-1181,Anhui-EP_Coal_600_RC-ep-1181_H2
Anhui-EP_Coal_600_RC-ep-1182,Anhui-EP_Coal_600_RC-ep-1182_H2
Anhui-EP_Coal_600_RC-ep-1183,Anhui-EP_Coal_600_RC-ep-1183_H2
Anhui-EP_Coal_600_RC-ep-1184,Anhui-EP_Coal_600_RC-ep-1184_H2
Anhui-EP_Coal_600_RC-ep-1185,Anhui-EP_Coal_600_RC-ep-1185_H2
Anhui-EP_Coal_600_RC-ep-1186,Anhui-EP_Coal_600_RC-ep-1186_H2
Anhui-EP_Coal_600_RC-ep-1187,Anhui-EP_Coal_600_RC-ep-1187_H2
Anhui-EP_Coal_600_RC-ep-1188,Anhui-EP_Coal_600_RC-ep-1188_H2
Anhui-EP_Coal_600_RC-ep-1189,Anhui-EP_Coal_600_RC-ep-1189_H2
Anhui-EP_Coal_600_RC-ep-1190,Anhui-EP_Coal_600_RC-ep-1190_H2
Anhui-EP_Coal_600_RC-ep-1191,Anhui-EP_Coal_600_RC-ep-1191_H2
Anhui-EP_Coal_600_RC-ep-1192,Anhui-EP_Coal_600_RC-ep-1192_H2
Anhui-EP_Coal_600_RC-ep-1193,Anhui-EP_Coal_600_RC-ep-1193_H2
Anhui-EP_Coal_600_RC-ep-1196,Anhui-EP_Coal_600_RC-ep-1196_H2
Anhui-EP_Coal_600_RC-ep-1197,Anhui-EP_Coal_600_RC-ep-1197_H2
Anhui-EP_Coal_600_RC-ep-1198,Anhui-EP_Coal_600_RC-ep-1198_H2
Anhui-EP_Coal_600_RC-ep-3097,Anhui-EP_Coal_600_RC-ep-3097_H2
Anhui-EP_Coal_600_RC-ep-3098,Anhui-EP_Coal_600_RC-ep-3098_H2
Anhui-EP_Coal_600_RC-ep-3099,Anhui-EP_Coal_600_RC-ep-3099_H2
Anhui-EP_Coal_600_RC-ep-3100,Anhui-EP_Coal_600_RC-ep-3100_H2
Fujian-Coal_1000_OT-12153,Fujian-Coal_1000_OT-12153_H2
Fujian-Coal_1000_RC-12135,Fujian-Coal_1000_RC-12135_H2
Fujian-Coal_1000_RC-12161,Fujian-Coal_1000_RC-12161_H2
Fujian-Coal_1000_RC-12171,Fujian-Coal_1000_RC-12171_H2
Fujian-Coal_1000_SEA-12145,Fujian-Coal_1000_SEA-12145_H2
Fujian-Coal_1000_SEA-12181,Fujian-Coal_1000_SEA-12181_H2
Fujian-Coal_100_RC-ep-1302,Fujian-Coal_100_RC-ep-1302_H2
Fujian-Coal_100_RC-ep-1303,Fujian-Coal_100_RC-ep-1303_H2
Fujian-Coal_100_RC-ep-1304,Fujian-Coal_100_RC-ep-1304_H2
Fujian-Coal_100_RC-ep-1305,Fujian-Coal_100_RC-ep-1305_H2
Fujian-Coal_100_RC-ep-1306,Fujian-Coal_100_RC-ep-1306_H2
Fujian-Coal_100_RC-ep-1307,Fujian-Coal_100_RC-ep-1307_H2
Fujian-Coal_300_OT-12157,Fujian-Coal_300_OT-12157_H2
Fujian-Coal_300_RC-12139,Fujian-Coal_300_RC-12139_H2
Fujian-Coal_300_RC-12165,Fujian-Coal_300_RC-12165_H2
Fujian-Coal_300_RC-12175,Fujian-Coal_300_RC-12175_H2
Fujian-Coal_300_SEA-12149,Fujian-Coal_300_SEA-12149_H2
Fujian-Coal_300_SEA-12185,Fujian-Coal_300_SEA-12185_H2
Fujian-Coal_600_OT-12155,Fujian-Coal_600_OT-12155_H2
Fujian-Coal_600_RC-12137,Fujian-Coal_600_RC-12137_H2
Fujian-Coal_600_RC-12163,Fujian-Coal_600_RC-12163_H2
Fujian-Coal_600_RC-12173,Fujian-Coal_600_RC-12173_H2
Fujian-Coal_600_SEA-12147,Fujian-Coal_600_SEA-12147_H2
Fujian-Coal_600_SEA-12183,Fujian-Coal_600_SEA-12183_H2
Fujian-Coal_IGCC_RC-12141,Fujian-Coal_IGCC_RC-12141_H2
Fujian-Coal_IGCC_RC-12167,Fujian-Coal_IGCC_RC-12167_H2
Fujian-Coal_IGCC_RC-12177,Fujian-Coal_IGCC_RC-12177_H2
Fujian-Coal_Small_RC-ep-1248,Fujian-Coal_Small_RC-ep-1248_H2
Fujian-Coal_Small_RC-ep-1289,Fujian-Coal_Small_RC-ep-1289_H2
Fujian-Coal_Small_SEA-ep-1309,Fujian-Coal_Small_SEA-ep-1309_H2
Fujian-EP_Coal_1000_SEA-ep-1246,Fujian-EP_Coal_1000_SEA-ep-1246_H2
Fujian-EP_Coal_1000_SEA-ep-1247,Fujian-EP_Coal_1000_SEA-ep-1247_H2
Fujian-EP_Coal_1000_SEA-ep-3101,Fujian-EP_Coal_1000_SEA-ep-3101_H2
Fujian-EP_Coal_1000_SEA-ep-3102,Fujian-EP_Coal_1000_SEA-ep-3102_H2
Fujian-EP_Coal_300_OT-ep-1285,Fujian-EP_Coal_300_OT-ep-1285_H2
Fujian-EP_Coal_300_OT-ep-1286,Fujian-EP_Coal_300_OT-ep-1286_H2
Fujian-EP_Coal_300_OT-ep-1287,Fujian-EP_Coal_300_OT-ep-1287_H2
Fujian-EP_Coal_300_OT-ep-1288,Fujian-EP_Coal_300_OT-ep-1288_H2
Fujian-EP_Coal_300_RC-ep-1290,Fujian-EP_Coal_300_RC-ep-1290_H2
Fujian-EP_Coal_300_RC-ep-1291,Fujian-EP_Coal_300_RC-ep-1291_H2
Fujian-EP_Coal_300_RC-ep-1298,Fujian-EP_Coal_300_RC-ep-1298_H2
Fujian-EP_Coal_300_RC-ep-1299,Fujian-EP_Coal_300_RC-ep-1299_H2
Fujian-EP_Coal_300_RC-ep-1300,Fujian-EP_Coal_300_RC-ep-1300_H2
Fujian-EP_Coal_300_RC-ep-1301,Fujian-EP_Coal_300_RC-ep-1301_H2
Fujian-EP_Coal_300_SEA-ep-1272,Fujian-EP_Coal_300_SEA-ep-1272_H2
Fujian-EP_Coal_300_SEA-ep-1273,Fujian-EP_Coal_300_SEA-ep-1273_H2
Fujian-EP_Coal_300_SEA-ep-1292,Fujian-EP_Coal_300_SEA-ep-1292_H2
Fujian-EP_Coal_300_SEA-ep-1293,Fujian-EP_Coal_300_SEA-ep-1293_H2
Fujian-EP_Coal_300_SEA-ep-1294,Fujian-EP_Coal_300_SEA-ep-1294_H2
Fujian-EP_Coal_300_SEA-ep-1295,Fujian-EP_Coal_300_SEA-ep-1295_H2
Fujian-EP_Coal_300_SEA-ep-1296,Fujian-EP_Coal_300_SEA-ep-1296_H2
Fujian-EP_Coal_300_SEA-ep-1297,Fujian-EP_Coal_300_SEA-ep-1297_H2
Fujian-EP_Coal_600_OT-ep-1253,Fujian-EP_Coal_600_OT-ep-1253_H2
Fujian-EP_Coal_600_OT-ep-1254,Fujian-EP_Coal_600_OT-ep-1254_H2
Fujian-EP_Coal_600_SEA-ep-1249,Fujian-EP_Coal_600_SEA-ep-1249_H2
Fujian-EP_Coal_600_SEA-ep-1250,Fujian-EP_Coal_600_SEA-ep-1250_H2
Fujian-EP_Coal_600_SEA-ep-1251,Fujian-EP_Coal_600_SEA-ep-1251_H2
Fujian-EP_Coal_600_SEA-ep-1252,Fujian-EP_Coal_600_SEA-ep-1252_H2
Fujian-EP_Coal_600_SEA-ep-1255,Fujian-EP_Coal_600_SEA-ep-1255_H2
Fujian-EP_Coal_600_SEA-ep-1256,Fujian-EP_Coal_600_SEA-ep-1256_H2
Fujian-EP_Coal_600_SEA-ep-1257,Fujian-EP_Coal_600_SEA-ep-1257_H2
Fujian-EP_Coal_600_SEA-ep-1258,Fujian-EP_Coal_600_SEA-ep-1258_H2
Fujian-EP_Coal_600_SEA-ep-1259,Fujian-EP_Coal_600_SEA-ep-1259_H2
Fujian-EP_Coal_600_SEA-ep-1260,Fujian-EP_Coal_600_SEA-ep-1260_H2
Fujian-EP_Coal_600_SEA-ep-1261,Fujian-EP_Coal_600_SEA-ep-1261_H2
Fujian-EP_Coal_600_SEA-ep-1262,Fujian-EP_Coal_600_SEA-ep-1262_H2
Fujian-EP_Coal_600_SEA-ep-1263,Fujian-EP_Coal_600_SEA-ep-1263_H2
Fujian-EP_Coal_600_SEA-ep-1264,Fujian-EP_Coal_600_SEA-ep-1264_H2
Fujian-EP_Coal_600_SEA-ep-1265,Fujian-EP_Coal_600_SEA-ep-1265_H2
Fujian-EP_Coal_600_SEA-ep-1266,Fujian-EP_Coal_600_SEA-ep-1266_H2
Fujian-EP_Coal_600_SEA-ep-1267,Fujian-EP_Coal_600_SEA-ep-1267_H2
Fujian-EP_Coal_600_SEA-ep-1268,Fujian-EP_Coal_600_SEA-ep-1268_H2
Fujian-EP_Coal_600_SEA-ep-1269,Fujian-EP_Coal_600_SEA-ep-1269_H2
Fujian-EP_Coal_600_SEA-ep-1270,Fujian-EP_Coal_600_SEA-ep-1270_H2
Fujian-EP_Coal_600_SEA-ep-1271,Fujian-EP_Coal_600_SEA-ep-1271_H2
Jiangsu-Coal_1000_OT-11937,Jiangsu-Coal_1000_OT-11937_H2
Jiangsu-Coal_1000_OT-11955,Jiangsu-Coal_1000_OT-11955_H2
Jiangsu-Coal_1000_OT-11973,Jiangsu-Coal_1000_OT-11973_H2
Jiangsu-Coal_1000_OT-11999,Jiangsu-Coal_1000_OT-11999_H2
Jiangsu-Coal_1000_OT-12017,Jiangsu-Coal_1000_OT-12017_H2
Jiangsu-Coal_1000_RC-11945,Jiangsu-Coal_1000_RC-11945_H2
Jiangsu-Coal_1000_RC-11963,Jiangsu-Coal_1000_RC-11963_H2
Jiangsu-Coal_1000_RC-11981,Jiangsu-Coal_1000_RC-11981_H2
Jiangsu-Coal_1000_RC-12007,Jiangsu-Coal_1000_RC-12007_H2
Jiangsu-Coal_1000_RC-12025,Jiangsu-Coal_1000_RC-12025_H2
Jiangsu-Coal_1000_SEA-11991,Jiangsu-Coal_1000_SEA-11991_H2
Jiangsu-Coal_100_OT-ep-1000,Jiangsu-Coal_100_OT-ep-1000_H2
Jiangsu-Coal_100_OT-ep-1001,Jiangsu-Coal_100_OT-ep-1001_H2
Jiangsu-Coal_100_OT-ep-995,Jiangsu-Coal_100_OT-ep-995_H2
Jiangsu-Coal_100_OT-ep-996,Jiangsu-Coal_100_OT-ep-996_H2
Jiangsu-Coal_100_OT-ep-999,Jiangsu-Coal_100_OT-ep-999_H2
Jiangsu-Coal_100_RC-ep-1002,Jiangsu-Coal_100_RC-ep-1002_H2
Jiangsu-Coal_100_RC-ep-1003,Jiangsu-Coal_100_RC-ep-1003_H2
Jiangsu-Coal_100_RC-ep-1004,Jiangsu-Coal_100_RC-ep-1004_H2
Jiangsu-Coal_100_RC-ep-1005,Jiangsu-Coal_100_RC-ep-1005_H2
Jiangsu-Coal_100_RC-ep-1006,Jiangsu-Coal_100_RC-ep-1006_H2
Jiangsu-Coal_100_RC-ep-1007,Jiangsu-Coal_100_RC-ep-1007_H2
Jiangsu-Coal_100_RC-ep-1008,Jiangsu-Coal_100_RC-ep-1008_H2
Jiangsu-Coal_100_RC-ep-1009,Jiangsu-Coal_100_RC-ep-1009_H2
Jiangsu-Coal_100_RC-ep-993,Jiangsu-Coal_100_RC-ep-993_H2
Jiangsu-Coal_100_RC-ep-994,Jiangsu-Coal_100_RC-ep-994_H2
Jiangsu-Coal_100_RC-ep-997,Jiangsu-Coal_100_RC-ep-997_H2
Jiangsu-Coal_100_RC-ep-998,Jiangsu-Coal_100_RC-ep-998_H2
Jiangsu-Coal_300_OT-11941,Jiangsu-Coal_300_OT-11941_H2
Jiangsu-Coal_300_OT-11959,Jiangsu-Coal_300_OT-11959_H2
Jiangsu-Coal_300_OT-11977,Jiangsu-Coal_300_OT-11977_H2
Jiangsu-Coal_300_OT-12003,Jiangsu-Coal_300_OT-12003_H2
Jiangsu-Coal_300_OT-12021,Jiangsu-Coal_300_OT-12021_H2
Jiangsu-Coal_300_RC-11949,Jiangsu-Coal_300_RC-11949_H2
Jiangsu-Coal_300_RC-11967,Jiangsu-Coal_300_RC-11967_H2
Jiangsu-Coal_300_RC-11985,Jiangsu-Coal_300_RC-11985_H2
Jiangsu-Coal_300_RC-12011,Jiangsu-Coal_300_RC-12011_H2
Jiangsu-Coal_300_RC-12029,Jiangsu-Coal_300_RC-12029_H2
Jiangsu-Coal_300_SEA-11995,Jiangsu-Coal_300_SEA-11995_H2
Jiangsu-Coal_600_OT-11939,Jiangsu-Coal_600_OT-11939_H2
Jiangsu-Coal_600_OT-11957,Jiangsu-Coal_600_OT-11957_H2
Jiangsu-Coal_600_OT-11975,Jiangsu-Coal_600_OT-11975_H2
Jiangsu-Coal_600_OT-12001,Jiangsu-Coal_600_OT-12001_H2
Jiangsu-Coal_600_OT-12019,Jiangsu-Coal_600_OT-12019_H2
Jiangsu-Coal_600_RC-11947,Jiangsu-Coal_600_RC-11947_H2
Jiangsu-Coal_600_RC-11965,Jiangsu-Coal_600_RC-11965_H2
Jiangsu-Coal_600_RC-11983,Jiangsu-Coal_600_RC-11983_H2
Jiangsu-Coal_600_RC-12009,Jiangsu-Coal_600_RC-12009_H2
Jiangsu-Coal_600_RC-12027,Jiangsu-Coal_600_RC-12027_H2
Jiangsu-Coal_600_SEA-11993,Jiangsu-Coal_600_SEA-11993_H2
Jiangsu-Coal_IGCC_RC-11951,Jiangsu-Coal_IGCC_RC-11951_H2
Jiangsu-Coal_IGCC_RC-11969,Jiangsu-Coal_IGCC_RC-11969_H2
Jiangsu-Coal_IGCC_RC-11987,Jiangsu-Coal_IGCC_RC-11987_H2
Jiangsu-Coal_IGCC_RC-12013,Jiangsu-Coal_IGCC_RC-12013_H2
Jiangsu-Coal_IGCC_RC-12031,Jiangsu-Coal_IGCC_RC-12031_H2
Jiangsu-Coal_Small_OT-ep-1012,Jiangsu-Coal_Small_OT-ep-1012_H2
Jiangsu-Coal_Small_OT-ep-1013,Jiangsu-Coal_Small_OT-ep-1013_H2
Jiangsu-Coal_Small_OT-ep-905,Jiangsu-Coal_Small_OT-ep-905_H2
Jiangsu-Coal_Small_OT-ep-974,Jiangsu-Coal_Small_OT-ep-974_H2
Jiangsu-Coal_Small_RC-ep-839,Jiangsu-Coal_Small_RC-ep-839_H2
Jiangsu-Coal_Small_RC-ep-840,Jiangsu-Coal_Small_RC-ep-840_H2
Jiangsu-Coal_Small_RC-ep-860,Jiangsu-Coal_Small_RC-ep-860_H2
Jiangsu-Coal_Small_RC-ep-890,Jiangsu-Coal_Small_RC-ep-890_H2
Jiangsu-EP_Coal_1000_OT-ep-3067,Jiangsu-EP_Coal_1000_OT-ep-3067_H2
Jiangsu-EP_Coal_1000_OT-ep-3068,Jiangsu-EP_Coal_1000_OT-ep-3068_H2
Jiangsu-EP_Coal_1000_OT-ep-3069,Jiangsu-EP_Coal_1000_OT-ep-3069_H2
Jiangsu-EP_Coal_1000_OT-ep-3070,Jiangsu-EP_Coal_1000_OT-ep-3070_H2
Jiangsu-EP_Coal_1000_OT-ep-843,Jiangsu-EP_Coal_1000_OT-ep-843_H2
Jiangsu-EP_Coal_1000_OT-ep-844,Jiangsu-EP_Coal_1000_OT-ep-844_H2
Jiangsu-EP_Coal_1000_OT-ep-849,Jiangsu-EP_Coal_1000_OT-ep-849_H2
Jiangsu-EP_Coal_1000_OT-ep-850,Jiangsu-EP_Coal_1000_OT-ep-850_H2
Jiangsu-EP_Coal_1000_OT-ep-851,Jiangsu-EP_Coal_1000_OT-ep-851_H2
Jiangsu-EP_Coal_1000_OT-ep-852,Jiangsu-EP_Coal_1000_OT-ep-852_H2
Jiangsu-EP_Coal_1000_OT-ep-853,Jiangsu-EP_Coal_1000_OT-ep-853_H2
Jiangsu-EP_Coal_1000_OT-ep-854,Jiangsu-EP_Coal_1000_OT-ep-854_H2
Jiangsu-EP_Coal_1000_OT-ep-855,Jiangsu-EP_Coal_1000_OT-ep-855_H2
Jiangsu-EP_Coal_1000_OT-ep-856,Jiangsu-EP_Coal_1000_OT-ep-856_H2
Jiangsu-EP_Coal_1000_OT-ep-857,Jiangsu-EP_Coal_1000_OT-ep-857_H2
Jiangsu-EP_Coal_1000_OT-ep-858,Jiangsu-EP_Coal_1000_OT-ep-858_H2
Jiangsu-EP_Coal_1000_OT-ep-859,Jiangsu-EP_Coal_1000_OT-ep-859_H2
Jiangsu-EP_Coal_1000_RC-ep-3071,Jiangsu-EP_Coal_1000_RC-ep-3071_H2
Jiangsu-EP_Coal_1000_RC-ep-3072,Jiangsu-EP_Coal_1000_RC-ep-3072_H2
Jiangsu-EP_Coal_1000_RC-ep-3073,Jiangsu-EP_Coal_1000_RC-ep-3073_H2
Jiangsu-EP_Coal_1000_RC-ep-842,Jiangsu-EP_Coal_1000_RC-ep-842_H2
Jiangsu-EP_Coal_1000_RC-ep-845,Jiangsu-EP_Coal_1000_RC-ep-845_H2
Jiangsu-EP_Coal_1000_RC-ep-846,Jiangsu-EP_Coal_1000_RC-ep-846_H2
Jiangsu-EP_Coal_1000_RC-ep-847,Jiangsu-EP_Coal_1000_RC-ep-847_H2
Jiangsu-EP_Coal_1000_RC-ep-848,Jiangsu-EP_Coal_1000_RC-ep-848_H2
Jiangsu-EP_Coal_1000_SEA-ep-3074,Jiangsu-EP_Coal_1000_SEA-ep-3074_H2
Jiangsu-EP_Coal_1000_SEA-ep-3075,Jiangsu-EP_Coal_1000_SEA-ep-3075_H2
Jiangsu-EP_Coal_300_OT-ep-914,Jiangsu-EP_Coal_300_OT-ep-914_H2
Jiangsu-EP_Coal_300_OT-ep-915,Jiangsu-EP_Coal_300_OT-ep-915_H2
Jiangsu-EP_Coal_300_OT-ep-916,Jiangsu-EP_Coal_300_OT-ep-916_H2
Jiangsu-EP_Coal_300_OT-ep-917,Jiangsu-EP_Coal_300_OT-ep-917_H2
Jiangsu-EP_Coal_300_OT-ep-918,Jiangsu-EP_Coal_300_OT-ep-918_H2
Jiangsu-EP_Coal_300_OT-ep-919,Jiangsu-EP_Coal_300_OT-ep-919_H2
Jiangsu-EP_Coal_300_OT-ep-920,Jiangsu-EP_Coal_300_OT-ep-920_H2
Jiangsu-EP_Coal_300_OT-ep-921,Jiangsu-EP_Coal_300_OT-ep-921_H2
Jiangsu-EP_Coal_300_OT-ep-935,Jiangsu-EP_Coal_300_OT-ep-935_H2
Jiangsu-EP_Coal_300_OT-ep-940,Jiangsu-EP_Coal_300_OT-ep-940_H2
Jiangsu-EP_Coal_300_OT-ep-941,Jiangsu-EP_Coal_300_OT-ep-941_H2
Jiangsu-EP_Coal_300_OT-ep-942,Jiangsu-EP_Coal_300_OT-ep-942_H2
Jiangsu-EP_Coal_300_OT-ep-943,Jiangsu-EP_Coal_300_OT-ep-943_H2
Jiangsu-EP_Coal_300_OT-ep-944,Jiangsu-EP_Coal_300_OT-ep-944_H2
Jiangsu-EP_Coal_300_OT-ep-945,Jiangsu-EP_Coal_300_OT-ep-945_H2
Jiangsu-EP_Coal_300_OT-ep-946,Jiangsu-EP_Coal_300_OT-ep-946_H2
Jiangsu-EP_Coal_300_OT-ep-947,Jiangsu-EP_Coal_300_OT-ep-947_H2
Jiangsu-EP_Coal_300_OT-ep-948,Jiangsu-EP_Coal_300_OT-ep-948_H2
Jiangsu-EP_Coal_300_OT-ep-949,Jiangsu-EP_Coal_300_OT-ep-949_H2
Jiangsu-EP_Coal_300_OT-ep-950,Jiangsu-EP_Coal_300_OT-ep-950_H2
Jiangsu-EP_Coal_300_OT-ep-951,Jiangsu-EP_Coal_300_OT-ep-951_H2
Jiangsu-EP_Coal_300_OT-ep-952,Jiangsu-EP_Coal_300_OT-ep-952_H2
Jiangsu-EP_Coal_300_OT-ep-959,Jiangsu-EP_Coal_300_OT-ep-959_H2
Jiangsu-EP_Coal_300_OT-ep-960,Jiangsu-EP_Coal_300_OT-ep-960_H2
Jiangsu-EP_Coal_300_OT-ep-961,Jiangsu-EP_Coal_300_OT-ep-961_H2
Jiangsu-EP_Coal_300_OT-ep-962,Jiangsu-EP_Coal_300_OT-ep-962_H2
Jiangsu-EP_Coal_300_OT-ep-967,Jiangsu-EP_Coal_300_OT-ep-967_H2
Jiangsu-EP_Coal_300_OT-ep-968,Jiangsu-EP_Coal_300_OT-ep-968_H2
Jiangsu-EP_Coal_300_OT-ep-969,Jiangsu-EP_Coal_300_OT-ep-969_H2
Jiangsu-EP_Coal_300_OT-ep-970,Jiangsu-EP_Coal_300_OT-ep-970_H2
Jiangsu-EP_Coal_300_RC-ep-922,Jiangsu-EP_Coal_300_RC-ep-922_H2
Jiangsu-EP_Coal_300_RC-ep-923,Jiangsu-EP_Coal_300_RC-ep-923_H2
Jiangsu-EP_Coal_300_RC-ep-924,Jiangsu-EP_Coal_300_RC-ep-924_H2
Jiangsu-EP_Coal_300_RC-ep-925,Jiangsu-EP_Coal_300_RC-ep-925_H2
Jiangsu-EP_Coal_300_RC-ep-926,Jiangsu-EP_Coal_300_RC-ep-926_H2
Jiangsu-EP_Coal_300_RC-ep-927,Jiangsu-EP_Coal_300_RC-ep-927_H2
Jiangsu-EP_Coal_300_RC-ep-928,Jiangsu-EP_Coal_300_RC-ep-928_H2
Jiangsu-EP_Coal_300_RC-ep-929,Jiangsu-EP_Coal_300_RC-ep-929_H2
Jiangsu-EP_Coal_300_RC-ep-930,Jiangsu-EP_Coal_300_RC-ep-930_H2
Jiangsu-EP_Coal_300_RC-ep-931,Jiangsu-EP_Coal_300_RC-ep-931_H2
Jiangsu-EP_Coal_300_RC-ep-932,Jiangsu-EP_Coal_300_RC-ep-932_H2
Jiangsu-EP_Coal_300_RC-ep-933,Jiangsu-EP_Coal_300_RC-ep-933_H2
Jiangsu-EP_Coal_300_RC-ep-934,Jiangsu-EP_Coal_300_RC-ep-934_H2
Jiangsu-EP_Coal_300_RC-ep-936,Jiangsu-EP_Coal_300_RC-ep-936_H2
Jiangsu-EP_Coal_300_RC-ep-937,Jiangsu-EP_Coal_300_RC-ep-937_H2
Jiangsu-EP_Coal_300_RC-ep-938,Jiangsu-EP_Coal_300_RC-ep-938_H2
Jiangsu-EP_Coal_300_RC-ep-939,Jiangsu-EP_Coal_300_RC-ep-939_H2
Jiangsu-EP_Coal_300_RC-ep-953,Jiangsu-EP_Coal_300_RC-ep-953_H2
Jiangsu-EP_Coal_300_RC-ep-954,Jiangsu-EP_Coal_300_RC-ep-954_H2
Jiangsu-EP_Coal_300_RC-ep-955,Jiangsu-EP_Coal_300_RC-ep-955_H2
Jiangsu-EP_Coal_300_RC-ep-956,Jiangsu-EP_Coal_300_RC-ep-956_H2
Jiangsu-EP_Coal_300_RC-ep-957,Jiangsu-EP_Coal_300_RC-ep-957_H2
Jiangsu-EP_Coal_300_RC-ep-958,Jiangsu-EP_Coal_300_RC-ep-958_H2
Jiangsu-EP_Coal_300_RC-ep-963,Jiangsu-EP_Coal_300_RC-ep-963_H2
Jiangsu-EP_Coal_300_RC-ep-964,Jiangsu-EP_Coal_300_RC-ep-964_H2
Jiangsu-EP_Coal_300_RC-ep-965,Jiangsu-EP_Coal_300_RC-ep-965_H2
Jiangsu-EP_Coal_300_RC-ep-966,Jiangsu-EP_Coal_300_RC-ep-966_H2
Jiangsu-EP_Coal_600_OT-ep-3076,Jiangsu-EP_Coal_600_OT-ep-3076_H2
Jiangsu-EP_Coal_600_OT-ep-3077,Jiangsu-EP_Coal_600_OT-ep-3077_H2
Jiangsu-EP_Coal_600_OT-ep-863,Jiangsu-EP_Coal_600_OT-ep-863_H2
Jiangsu-EP_Coal_600_OT-ep-864,Jiangsu-EP_Coal_600_OT-ep-864_H2
Jiangsu-EP_Coal_600_OT-ep-869,Jiangsu-EP_Coal_600_OT-ep-869_H2
Jiangsu-EP_Coal_600_OT-ep-870,Jiangsu-EP_Coal_600_OT-ep-870_H2
Jiangsu-EP_Coal_600_OT-ep-871,Jiangsu-EP_Coal_600_OT-ep-871_H2
Jiangsu-EP_Coal_600_OT-ep-872,Jiangsu-EP_Coal_600_OT-ep-872_H2
Jiangsu-EP_Coal_600_OT-ep-875,Jiangsu-EP_Coal_600_OT-ep-875_H2
Jiangsu-EP_Coal_600_OT-ep-876,Jiangsu-EP_Coal_600_OT-ep-876_H2
Jiangsu-EP_Coal_600_OT-ep-877,Jiangsu-EP_Coal_600_OT-ep-877_H2
Jiangsu-EP_Coal_600_OT-ep-878,Jiangsu-EP_Coal_600_OT-ep-878_H2
Jiangsu-EP_Coal_600_OT-ep-879,Jiangsu-EP_Coal_600_OT-ep-879_H2
Jiangsu-EP_Coal_600_OT-ep-880,Jiangsu-EP_Coal_600_OT-ep-880_H2
Jiangsu-EP_Coal_600_OT-ep-881,Jiangsu-EP_Coal_600_OT-ep-881_H2
Jiangsu-EP_Coal_600_OT-ep-882,Jiangsu-EP_Coal_600_OT-ep-882_H2
Jiangsu-EP_Coal_600_OT-ep-883,Jiangsu-EP_Coal_600_OT-ep-883_H2
Jiangsu-EP_Coal_600_OT-ep-884,Jiangsu-EP_Coal_600_OT-ep-884_H2
Jiangsu-EP_Coal_600_OT-ep-885,Jiangsu-EP_Coal_600_OT-ep-885_H2
Jiangsu-EP_Coal_600_OT-ep-886,Jiangsu-EP_Coal_600_OT-ep-886_H2
Jiangsu-EP_Coal_600_OT-ep-887,Jiangsu-EP_Coal_600_OT-ep-887_H2
Jiangsu-EP_Coal_600_OT-ep-888,Jiangsu-EP_Coal_600_OT-ep-888_H2
Jiangsu-EP_Coal_600_OT-ep-889,Jiangsu-EP_Coal_600_OT-ep-889_H2
Jiangsu-EP_Coal_600_OT-ep-895,Jiangsu-EP_Coal_600_OT-ep-895_H2
Jiangsu-EP_Coal_600_OT-ep-896,Jiangsu-EP_Coal_600_OT-ep-896_H2
Jiangsu-EP_Coal_600_OT-ep-897,Jiangsu-EP_Coal_600_OT-ep-897_H2
Jiangsu-EP_Coal_600_OT-ep-898,Jiangsu-EP_Coal_600_OT-ep-898_H2
Jiangsu-EP_Coal_600_OT-ep-899,Jiangsu-EP_Coal_600_OT-ep-899_H2
Jiangsu-EP_Coal_600_OT-ep-900,Jiangsu-EP_Coal_600_OT-ep-900_H2
Jiangsu-EP_Coal_600_RC-ep-873,Jiangsu-EP_Coal_600_RC-ep-873_H2
Jiangsu-EP_Coal_600_RC-ep-874,Jiangsu-EP_Coal_600_RC-ep-874_H2
Jiangsu-EP_Coal_600_RC-ep-891,Jiangsu-EP_Coal_600_RC-ep-891_H2
Jiangsu-EP_Coal_600_RC-ep-892,Jiangsu-EP_Coal_600_RC-ep-892_H2
Jiangsu-EP_Coal_600_RC-ep-893,Jiangsu-EP_Coal_600_RC-ep-893_H2
Jiangsu-EP_Coal_600_RC-ep-894,Jiangsu-EP_Coal_600_RC-ep-894_H2
Jiangsu-EP_Coal_600_SEA-ep-3078,Jiangsu-EP_Coal_600_SEA-ep-3078_H2
Jiangsu-EP_Coal_600_SEA-ep-861,Jiangsu-EP_Coal_600_SEA-ep-861_H2
Jiangsu-EP_Coal_600_SEA-ep-862,Jiangsu-EP_Coal_600_SEA-ep-862_H2
Jiangsu-EP_Coal_600_SEA-ep-865,Jiangsu-EP_Coal_600_SEA-ep-865_H2
Jiangsu-EP_Coal_600_SEA-ep-866,Jiangsu-EP_Coal_600_SEA-ep-866_H2
Jiangsu-EP_Coal_600_SEA-ep-867,Jiangsu-EP_Coal_600_SEA-ep-867_H2
Jiangsu-EP_Coal_600_SEA-ep-868,Jiangsu-EP_Coal_600_SEA-ep-868_H2
Shanghai-Coal_1000_OT-11911,Shanghai-Coal_1000_OT-11911_H2
Shanghai-Coal_1000_RC-11919,Shanghai-Coal_1000_RC-11919_H2
Shanghai-Coal_1000_SEA-11929,Shanghai-Coal_1000_SEA-11929_H2
Shanghai-Coal_100_SEA-ep-835,Shanghai-Coal_100_SEA-ep-835_H2
Shanghai-Coal_100_SEA-ep-836,Shanghai-Coal_100_SEA-ep-836_H2
Shanghai-Coal_300_OT-11915,Shanghai-Coal_300_OT-11915_H2
Shanghai-Coal_300_RC-11923,Shanghai-Coal_300_RC-11923_H2
Shanghai-Coal_300_SEA-11933,Shanghai-Coal_300_SEA-11933_H2
Shanghai-Coal_600_OT-11913,Shanghai-Coal_600_OT-11913_H2
Shanghai-Coal_600_RC-11921,Shanghai-Coal_600_RC-11921_H2
Shanghai-Coal_600_SEA-11931,Shanghai-Coal_600_SEA-11931_H2
Shanghai-Coal_IGCC_RC-11925,Shanghai-Coal_IGCC_RC-11925_H2
Shanghai-Coal_Small_OT-ep-827,Shanghai-Coal_Small_OT-ep-827_H2
Shanghai-Coal_Small_RC-ep-834,Shanghai-Coal_Small_RC-ep-834_H2
Shanghai-Coal_Small_SEA-ep-828,Shanghai-Coal_Small_SEA-ep-828_H2
Shanghai-EP_Coal_1000_OT-ep-789,Shanghai-EP_Coal_1000_OT-ep-789_H2
Shanghai-EP_Coal_1000_OT-ep-790,Shanghai-EP_Coal_1000_OT-ep-790_H2
Shanghai-EP_Coal_1000_OT-ep-791,Shanghai-EP_Coal_1000_OT-ep-791_H2
Shanghai-EP_Coal_1000_OT-ep-792,Shanghai-EP_Coal_1000_OT-ep-792_H2
Shanghai-EP_Coal_1000_SEA-ep-787,Shanghai-EP_Coal_1000_SEA-ep-787_H2
Shanghai-EP_Coal_1000_SEA-ep-788,Shanghai-EP_Coal_1000_SEA-ep-788_H2
Shanghai-EP_Coal_300_OT-ep-809,Shanghai-EP_Coal_300_OT-ep-809_H2
Shanghai-EP_Coal_300_OT-ep-810,Shanghai-EP_Coal_300_OT-ep-810_H2
Shanghai-EP_Coal_300_OT-ep-811,Shanghai-EP_Coal_300_OT-ep-811_H2
Shanghai-EP_Coal_300_OT-ep-812,Shanghai-EP_Coal_300_OT-ep-812_H2
Shanghai-EP_Coal_300_OT-ep-815,Shanghai-EP_Coal_300_OT-ep-815_H2
Shanghai-EP_Coal_300_OT-ep-816,Shanghai-EP_Coal_300_OT-ep-816_H2
Shanghai-EP_Coal_300_OT-ep-817,Shanghai-EP_Coal_300_OT-ep-817_H2
Shanghai-EP_Coal_300_OT-ep-818,Shanghai-EP_Coal_300_OT-ep-818_H2
Shanghai-EP_Coal_300_OT-ep-819,Shanghai-EP_Coal_300_OT-ep-819_H2
Shanghai-EP_Coal_300_OT-ep-820,Shanghai-EP_Coal_300_OT-ep-820_H2
Shanghai-EP_Coal_300_OT-ep-821,Shanghai-EP_Coal_300_OT-ep-821_H2
Shanghai-EP_Coal_300_OT-ep-822,Shanghai-EP_Coal_300_OT-ep-822_H2
Shanghai-EP_Coal_300_OT-ep-823,Shanghai-EP_Coal_300_OT-ep-823_H2
Shanghai-EP_Coal_300_OT-ep-824,Shanghai-EP_Coal_300_OT-ep-824_H2
Shanghai-EP_Coal_300_OT-ep-825,Shanghai-EP_Coal_300_OT-ep-825_H2
Shanghai-EP_Coal_300_OT-ep-826,Shanghai-EP_Coal_300_OT-ep-826_H2
Shanghai-EP_Coal_600_OT-ep-793,Shanghai-EP_Coal_600_OT-ep-793_H2
Shanghai-EP_Coal_600_OT-ep-794,Shanghai-EP_Coal_600_OT-ep-794_H2
Shanghai-EP_Coal_600_OT-ep-797,Shanghai-EP_Coal_600_OT-ep-797_H2
Shanghai-EP_Coal_600_OT-ep-798,Shanghai-EP_Coal_600_OT-ep-798_H2
Shanghai-EP_Coal_600_RC-ep-795,Shanghai-EP_Coal_600_RC-ep-795_H2
Shanghai-EP_Coal_600_RC-ep-796,Shanghai-EP_Coal_600_RC-ep-796_H2
Zhejiang-Coal_1000_OT-12063,Zhejiang-Coal_1000_OT-12063_H2
Zhejiang-Coal_1000_RC-12035,Zhejiang-Coal_1000_RC-12035_H2
Zhejiang-Coal_1000_RC-12045,Zhejiang-Coal_1000_RC-12045_H2
Zhejiang-Coal_1000_RC-12071,Zhejiang-Coal_1000_RC-12071_H2
Zhejiang-Coal_1000_RC-12089,Zhejiang-Coal_1000_RC-12089_H2
Zhejiang-Coal_1000_SEA-12055,Zhejiang-Coal_1000_SEA-12055_H2
Zhejiang-Coal_1000_SEA-12081,Zhejiang-Coal_1000_SEA-12081_H2
Zhejiang-Coal_1000_SEA-12099,Zhejiang-Coal_1000_SEA-12099_H2
Zhejiang-Coal_100_OT-ep-1111,Zhejiang-Coal_100_OT-ep-1111_H2
Zhejiang-Coal_100_OT-ep-1112,Zhejiang-Coal_100_OT-ep-1112_H2
Zhejiang-Coal_100_OT-ep-1113,Zhejiang-Coal_100_OT-ep-1113_H2
Zhejiang-Coal_100_OT-ep-1114,Zhejiang-Coal_100_OT-ep-1114_H2
Zhejiang-Coal_100_OT-ep-1131,Zhejiang-Coal_100_OT-ep-1131_H2
Zhejiang-Coal_100_OT-ep-1132,Zhejiang-Coal_100_OT-ep-1132_H2
Zhejiang-Coal_100_OT-ep-1133,Zhejiang-Coal_100_OT-ep-1133_H2
Zhejiang-Coal_100_OT-ep-1134,Zhejiang-Coal_100_OT-ep-1134_H2
Zhejiang-Coal_100_OT-ep-1135,Zhejiang-Coal_100_OT-ep-1135_H2
Zhejiang-Coal_100_OT-ep-1136,Zhejiang-Coal_100_OT-ep-1136_H2
Zhejiang-Coal_100_RC-ep-1124,Zhejiang-Coal_100_RC-ep-1124_H2
Zhejiang-Coal_100_RC-ep-1125,Zhejiang-Coal_100_RC-ep-1125_H2
Zhejiang-Coal_100_RC-ep-1127,Zhejiang-Coal_100_RC-ep-1127_H2
Zhejiang-Coal_100_RC-ep-1128,Zhejiang-Coal_100_RC-ep-1128_H2
Zhejiang-Coal_100_RC-ep-1129,Zhejiang-Coal_100_RC-ep-1129_H2
Zhejiang-Coal_100_SEA-ep-1120,Zhejiang-Coal_100_SEA-ep-1120_H2
Zhejiang-Coal_100_SEA-ep-1121,Zhejiang-Coal_100_SEA-ep-1121_H2
Zhejiang-Coal_100_SEA-ep-1122,Zhejiang-Coal_100_SEA-ep-1122_H2
Zhejiang-Coal_100_SEA-ep-1126,Zhejiang-Coal_100_SEA-ep-1126_H2
Zhejiang-Coal_100_SEA-ep-1130,Zhejiang-Coal_100_SEA-ep-1130_H2
Zhejiang-Coal_300_OT-12067,Zhejiang-Coal_300_OT-12067_H2
Zhejiang-Coal_300_RC-12039,Zhejiang-Coal_300_RC-12039_H2
Zhejiang-Coal_300_RC-12049,Zhejiang-Coal_300_RC-12049_H2
Zhejiang-Coal_300_RC-12075,Zhejiang-Coal_300_RC-12075_H2
Zhejiang-Coal_300_RC-12093,Zhejiang-Coal_300_RC-12093_H2
Zhejiang-Coal_300_SEA-12059,Zhejiang-Coal_300_SEA-12059_H2
Zhejiang-Coal_300_SEA-12085,Zhejiang-Coal_300_SEA-12085_H2
Zhejiang-Coal_300_SEA-12103,Zhejiang-Coal_300_SEA-12103_H2
Zhejiang-Coal_600_OT-12065,Zhejiang-Coal_600_OT-12065_H2
Zhejiang-Coal_600_RC-12037,Zhejiang-Coal_600_RC-12037_H2
Zhejiang-Coal_600_RC-12047,Zhejiang-Coal_600_RC-12047_H2
Zhejiang-Coal_600_RC-12073,Zhejiang-Coal_600_RC-12073_H2
Zhejiang-Coal_600_RC-12091,Zhejiang-Coal_600_RC-12091_H2
Zhejiang-Coal_600_SEA-12057,Zhejiang-Coal_600_SEA-12057_H2
Zhejiang-Coal_600_SEA-12083,Zhejiang-Coal_600_SEA-12083_H2
Zhejiang-Coal_600_SEA-12101,Zhejiang-Coal_600_SEA-12101_H2
Zhejiang-Coal_IGCC_RC-12041,Zhejiang-Coal_IGCC_RC-12041_H2
Zhejiang-Coal_IGCC_RC-12051,Zhejiang-Coal_IGCC_RC-12051_H2
Zhejiang-Coal_IGCC_RC-12077,Zhejiang-Coal_IGCC_RC-12077_H2
Zhejiang-Coal_IGCC_RC-12095,Zhejiang-Coal_IGCC_RC-12095_H2
Zhejiang-Coal_Small_OT-ep-1123,Zhejiang-Coal_Small_OT-ep-1123_H2
Zhejiang-Coal_Small_OT-ep-1146,Zhejiang-Coal_Small_OT-ep-1146_H2
Zhejiang-Coal_Small_RC-ep-1018,Zhejiang-Coal_Small_RC-ep-1018_H2
Zhejiang-Coal_Small_RC-ep-1036,Zhejiang-Coal_Small_RC-ep-1036_H2
Zhejiang-Coal_Small_RC-ep-1037,Zhejiang-Coal_Small_RC-ep-1037_H2
Zhejiang-Coal_Small_RC-ep-1137,Zhejiang-Coal_Small_RC-ep-1137_H2
Zhejiang-Coal_Small_SEA-ep-1117,Zhejiang-Coal_Small_SEA-ep-1117_H2
Zhejiang-EP_Coal_1000_RC-ep-1022,Zhejiang-EP_Coal_1000_RC-ep-1022_H2
Zhejiang-EP_Coal_1000_RC-ep-1023,Zhejiang-EP_Coal_1000_RC-ep-1023_H2
Zhejiang-EP_Coal_1000_SEA-ep-1020,Zhejiang-EP_Coal_1000_SEA-ep-1020_H2
Zhejiang-EP_Coal_1000_SEA-ep-1021,Zhejiang-EP_Coal_1000_SEA-ep-1021_H2
Zhejiang-EP_Coal_1000_SEA-ep-1024,Zhejiang-EP_Coal_1000_SEA-ep-1024_H2
Zhejiang-EP_Coal_1000_SEA-ep-1025,Zhejiang-EP_Coal_1000_SEA-ep-1025_H2
Zhejiang-EP_Coal_1000_SEA-ep-1026,Zhejiang-EP_Coal_1000_SEA-ep-1026_H2
Zhejiang-EP_Coal_1000_SEA-ep-1027,Zhejiang-EP_Coal_1000_SEA-ep-1027_H2
Zhejiang-EP_Coal_1000_SEA-ep-1028,Zhejiang-EP_Coal_1000_SEA-ep-1028_H2
Zhejiang-EP_Coal_1000_SEA-ep-1029,Zhejiang-EP_Coal_1000_SEA-ep-1029_H2
Zhejiang-EP_Coal_1000_SEA-ep-1030,Zhejiang-EP_Coal_1000_SEA-ep-1030_H2
Zhejiang-EP_Coal_1000_SEA-ep-1031,Zhejiang-EP_Coal_1000_SEA-ep-1031_H2
Zhejiang-EP_Coal_1000_SEA-ep-1032,Zhejiang-EP_Coal_1000_SEA-ep-1032_H2
Zhejiang-EP_Coal_1000_SEA-ep-1033,Zhejiang-EP_Coal_1000_SEA-ep-1033_H2
Zhejiang-EP_Coal_1000_SEA-ep-1034,Zhejiang-EP_Coal_1000_SEA-ep-1034_H2
Zhejiang-EP_Coal_1000_SEA-ep-1035,Zhejiang-EP_Coal_1000_SEA-ep-1035_H2
Zhejiang-EP_Coal_1000_SEA-ep-3087,Zhejiang-EP_Coal_1000_SEA-ep-3087_H2
Zhejiang-EP_Coal_1000_SEA-ep-3088,Zhejiang-EP_Coal_1000_SEA-ep-3088_H2
Zhejiang-EP_Coal_300_OT-ep-1091,Zhejiang-EP_Coal_300_OT-ep-1091_H2
Zhejiang-EP_Coal_300_OT-ep-1092,Zhejiang-EP_Coal_300_OT-ep-1092_H2
Zhejiang-EP_Coal_300_OT-ep-1104,Zhejiang-EP_Coal_300_OT-ep-1104_H2
Zhejiang-EP_Coal_300_OT-ep-1105,Zhejiang-EP_Coal_300_OT-ep-1105_H2
Zhejiang-EP_Coal_300_RC-ep-1089,Zhejiang-EP_Coal_300_RC-ep-1089_H2
Zhejiang-EP_Coal_300_RC-ep-1090,Zhejiang-EP_Coal_300_RC-ep-1090_H2
Zhejiang-EP_Coal_300_RC-ep-1097,Zhejiang-EP_Coal_300_RC-ep-1097_H2
Zhejiang-EP_Coal_300_RC-ep-1098,Zhejiang-EP_Coal_300_RC-ep-1098_H2
Zhejiang-EP_Coal_300_RC-ep-1099,Zhejiang-EP_Coal_300_RC-ep-1099_H2
Zhejiang-EP_Coal_300_RC-ep-1100,Zhejiang-EP_Coal_300_RC-ep-1100_H2
Zhejiang-EP_Coal_300_RC-ep-1101,Zhejiang-EP_Coal_300_RC-ep-1101_H2
Zhejiang-EP_Coal_300_RC-ep-1102,Zhejiang-EP_Coal_300_RC-ep-1102_H2
Zhejiang-EP_Coal_300_SEA-ep-1086,Zhejiang-EP_Coal_300_SEA-ep-1086_H2
Zhejiang-EP_Coal_300_SEA-ep-1093,Zhejiang-EP_Coal_300_SEA-ep-1093_H2
Zhejiang-EP_Coal_300_SEA-ep-1094,Zhejiang-EP_Coal_300_SEA-ep-1094_H2
Zhejiang-EP_Coal_300_SEA-ep-1095,Zhejiang-EP_Coal_300_SEA-ep-1095_H2
Zhejiang-EP_Coal_300_SEA-ep-1103,Zhejiang-EP_Coal_300_SEA-ep-1103_H2
Zhejiang-EP_Coal_300_SEA-ep-1107,Zhejiang-EP_Coal_300_SEA-ep-1107_H2
Zhejiang-EP_Coal_600_RC-ep-1038,Zhejiang-EP_Coal_600_RC-ep-1038_H2
Zhejiang-EP_Coal_600_RC-ep-1039,Zhejiang-EP_Coal_600_RC-ep-1039_H2
Zhejiang-EP_Coal_600_RC-ep-1048,Zhejiang-EP_Coal_600_RC-ep-1048_H2
Zhejiang-EP_Coal_600_RC-ep-1049,Zhejiang-EP_Coal_600_RC-ep-1049_H2
Zhejiang-EP_Coal_600_RC-ep-1050,Zhejiang-EP_Coal_600_RC-ep-1050_H2
Zhejiang-EP_Coal_600_RC-ep-1051,Zhejiang-EP_Coal_600_RC-ep-1051_H2
Zhejiang-EP_Coal_600_SEA-ep-1040,Zhejiang-EP_Coal_600_SEA-ep-1040_H2
Zhejiang-EP_Coal_600_SEA-ep-1041,Zhejiang-EP_Coal_600_SEA-ep-1041_H2
Zhejiang-EP_Coal_600_SEA-ep-1042,Zhejiang-EP_Coal_600_SEA-ep-1042_H2
Zhejiang-EP_Coal_600_SEA-ep-1043,Zhejiang-EP_Coal_600_SEA-ep-1043_H2
Zhejiang-EP_Coal_600_SEA-ep-1044,Zhejiang-EP_Coal_600_SEA-ep-1044_H2
Zhejiang-EP_Coal_600_SEA-ep-1045,Zhejiang-EP_Coal_600_SEA-ep-1045_H2
Zhejiang-EP_Coal_600_SEA-ep-1046,Zhejiang-EP_Coal_600_SEA-ep-1046_H2
Zhejiang-EP_Coal_600_SEA-ep-1047,Zhejiang-EP_Coal_600_SEA-ep-1047_H2
Zhejiang-EP_Coal_600_SEA-ep-1052,Zhejiang-EP_Coal_600_SEA-ep-1052_H2
Zhejiang-EP_Coal_600_SEA-ep-1053,Zhejiang-EP_Coal_600_SEA-ep-1053_H2
Zhejiang-EP_Coal_600_SEA-ep-1054,Zhejiang-EP_Coal_600_SEA-ep-1054_H2
Zhejiang-EP_Coal_600_SEA-ep-1055,Zhejiang-EP_Coal_600_SEA-ep-1055_H2
Zhejiang-EP_Coal_600_SEA-ep-1056,Zhejiang-EP_Coal_600_SEA-ep-1056_H2
Zhejiang-EP_Coal_600_SEA-ep-1057,Zhejiang-EP_Coal_600_SEA-ep-1057_H2
Zhejiang-EP_Coal_600_SEA-ep-1058,Zhejiang-EP_Coal_600_SEA-ep-1058_H2
Zhejiang-EP_Coal_600_SEA-ep-1059,Zhejiang-EP_Coal_600_SEA-ep-1059_H2
Zhejiang-EP_Coal_600_SEA-ep-1060,Zhejiang-EP_Coal_600_SEA-ep-1060_H2
Zhejiang-EP_Coal_600_SEA-ep-1061,Zhejiang-EP_Coal_600_SEA-ep-1061_H2
Zhejiang-EP_Coal_600_SEA-ep-1062,Zhejiang-EP_Coal_600_SEA-ep-1062_H2
Zhejiang-EP_Coal_600_SEA-ep-1063,Zhejiang-EP_Coal_600_SEA-ep-1063_H2
Zhejiang-EP_Coal_600_SEA-ep-1064,Zhejiang-EP_Coal_600_SEA-ep-1064_H2
Zhejiang-EP_Coal_600_SEA-ep-1065,Zhejiang-EP_Coal_600_SEA-ep-1065_H2
Zhejiang-EP_Coal_600_SEA-ep-1066,Zhejiang-EP_Coal_600_SEA-ep-1066_H2
Zhejiang-EP_Coal_600_SEA-ep-3089,Zhejiang-EP_Coal_600_SEA-ep-3089_H2
Zhejiang-EP_Coal_600_SEA-ep-3090,Zhejiang-EP_Coal_600_SEA-ep-3090_H2
