GENERATION_PROJECT,build_year,build_gen_predetermined,build_gen_energy_predetermined
Oahu_AES,1993,180.0,.
Oahu_Airport_DSG,2013,8.0,.
Oahu_CentralTrackingPV_PV_01_X_00_15,2017,27.6,.
Oahu_CentralTrackingPV_PV_02_X_00_15,2017,5.0,.
Oahu_CentralTrackingPV_PV_02_X_00_15,2020,5.0,.
Oahu_CentralTrackingPV_PV_04_B_00_15,2014,5.0,.
Oahu_CentralTrackingPV_PV_04_X_15_17,2012,6.0,.
Oahu_CentralTrackingPV_PV_05_C_00_15,2020,20.0,.
Oahu_CentralTrackingPV_PV_06_C_00_15,2012,1.0,.
Oahu_CentralTrackingPV_PV_07_B_00_15,2016,6.5,.
Oahu_CentralTrackingPV_PV_07_X_00_15,2020,60.599999999999994,.
Oahu_CentralTrackingPV_PV_11_B_00_15,2020,49.0,.
Oahu_CIP_CT,2009,113.0,.
Oahu_FlatDistPV_Oahu_FlatDistPV_0,2013,42.438417282539916,.
Oahu_FlatDistPV_Oahu_FlatDistPV_0,2014,24.842000360511154,.
Oahu_FlatDistPV_Oahu_FlatDistPV_0,2015,13.95187975429268,.
Oahu_FlatDistPV_Oahu_FlatDistPV_0,2016,29.156297341888465,.
Oahu_FlatDistPV_Oahu_FlatDistPV_0,2017,29.03452283031732,.
Oahu_FlatDistPV_Oahu_FlatDistPV_0,2018,61.43524108763668,.
Oahu_FlatDistPV_Oahu_FlatDistPV_0,2019,12.403603821459699,.
Oahu_FlatDistPV_Oahu_FlatDistPV_0,2020,109.17954780291888,.
Oahu_FlatDistPV_Oahu_FlatDistPV_1,2013,2.758077967717952,.
Oahu_FlatDistPV_Oahu_FlatDistPV_1,2014,1.6144846640300197,.
Oahu_FlatDistPV_Oahu_FlatDistPV_1,2015,0.9067343841401091,.
Oahu_FlatDistPV_Oahu_FlatDistPV_1,2016,1.8948713563825739,.
Oahu_FlatDistPV_Oahu_FlatDistPV_1,2017,1.8869572158726218,.
Oahu_FlatDistPV_Oahu_FlatDistPV_1,2018,3.99268388727032,.
Oahu_FlatDistPV_Oahu_FlatDistPV_1,2019,0.8061117405135881,.
Oahu_FlatDistPV_Oahu_FlatDistPV_1,2020,7.095592262921858,.
Oahu_FlatDistPV_Oahu_FlatDistPV_3,2013,3.59350474974214,.
Oahu_FlatDistPV_Oahu_FlatDistPV_3,2014,2.1035149754588125,.
Oahu_FlatDistPV_Oahu_FlatDistPV_3,2015,1.1813858615672042,.
Oahu_FlatDistPV_Oahu_FlatDistPV_3,2016,2.4688313017289722,.
Oahu_FlatDistPV_Oahu_FlatDistPV_3,2017,2.4585199538100553,.
Oahu_FlatDistPV_Oahu_FlatDistPV_3,2018,5.202075025092997,.
Oahu_FlatDistPV_Oahu_FlatDistPV_3,2019,1.0502844380267038,.
Oahu_FlatDistPV_Oahu_FlatDistPV_3,2020,9.24485993415933,.
Oahu_Hawaii_Cogen,1982,12.2,.
Oahu_H-Power,1989,73.0,.
Oahu_IC_Schofield,2018,48.84,.
Oahu_Kahe_1,1963,82.1,.
Oahu_Kahe_2,1964,82.1,.
Oahu_Kahe_3,1970,86.1,.
Oahu_Kahe_4,1972,85.3,.
Oahu_Kahe_5,1974,134.3,.
Oahu_Kahe_6,1981,134.4,.
Oahu_Kalaeloa_CC1,1989,90.0,.
Oahu_Kalaeloa_CC2,1991,90.0,.
Oahu_Kalaeloa_CC3,1991,28.0,.
Oahu_OnshoreWind_OnWind_Kahuku,2011,30.0,.
Oahu_OnshoreWind_OnWind_Kawailoa,2012,69.0,.
Oahu_SlopedDistPV_Oahu_SlopedDistPV_0,2013,16.7721489794237,.
Oahu_SlopedDistPV_Oahu_SlopedDistPV_0,2014,17.543749053537628,.
Oahu_SlopedDistPV_Oahu_SlopedDistPV_0,2015,10.979176286772732,.
Oahu_SlopedDistPV_Oahu_SlopedDistPV_0,2016,6.325687294902997,.
Oahu_SlopedDistPV_Oahu_SlopedDistPV_0,2017,8.270215035858833,.
Oahu_SlopedDistPV_Oahu_SlopedDistPV_0,2018,4.866097061826824,.
Oahu_SlopedDistPV_Oahu_SlopedDistPV_0,2019,3.9989427989681237,.
Oahu_SlopedDistPV_Oahu_SlopedDistPV_0,2020,3.6979471044221506,.
Oahu_SlopedDistPV_Oahu_SlopedDistPV_10,2013,7.147722900839745,.
Oahu_SlopedDistPV_Oahu_SlopedDistPV_10,2014,7.476552767948596,.
Oahu_SlopedDistPV_Oahu_SlopedDistPV_10,2015,4.678953774712929,.
Oahu_SlopedDistPV_Oahu_SlopedDistPV_10,2016,2.6957940808180654,.
Oahu_SlopedDistPV_Oahu_SlopedDistPV_10,2017,3.5244860678973366,.
Oahu_SlopedDistPV_Oahu_SlopedDistPV_10,2018,2.0737660659465296,.
Oahu_SlopedDistPV_Oahu_SlopedDistPV_10,2019,1.704214233870631,.
Oahu_SlopedDistPV_Oahu_SlopedDistPV_10,2020,1.5759400442244607,.
Oahu_SlopedDistPV_Oahu_SlopedDistPV_12,2013,11.136094108409349,.
Oahu_SlopedDistPV_Oahu_SlopedDistPV_12,2014,11.648408365212687,.
Oahu_SlopedDistPV_Oahu_SlopedDistPV_12,2015,7.289771901758921,.
Oahu_SlopedDistPV_Oahu_SlopedDistPV_12,2016,4.200025238437252,.
Oahu_SlopedDistPV_Oahu_SlopedDistPV_12,2017,5.491120610071667,.
Oahu_SlopedDistPV_Oahu_SlopedDistPV_12,2018,3.230910653586367,.
Oahu_SlopedDistPV_Oahu_SlopedDistPV_12,2019,2.6551519067764136,.
Oahu_SlopedDistPV_Oahu_SlopedDistPV_12,2020,2.4553017632556178,.
Oahu_SlopedDistPV_Oahu_SlopedDistPV_14,2013,6.053194831884717,.
Oahu_SlopedDistPV_Oahu_SlopedDistPV_14,2014,6.33167110744358,.
Oahu_SlopedDistPV_Oahu_SlopedDistPV_14,2015,3.962467376063548,.
Oahu_SlopedDistPV_Oahu_SlopedDistPV_14,2016,2.2829881661915294,.
Oahu_SlopedDistPV_Oahu_SlopedDistPV_14,2017,2.984782866825936,.
Oahu_SlopedDistPV_Oahu_SlopedDistPV_14,2018,1.7562110628897862,.
Oahu_SlopedDistPV_Oahu_SlopedDistPV_14,2019,1.4432485612555175,.
Oahu_SlopedDistPV_Oahu_SlopedDistPV_14,2020,1.3346169491180109,.
Oahu_SlopedDistPV_Oahu_SlopedDistPV_2,2013,4.945054137500684,.
Oahu_SlopedDistPV_Oahu_SlopedDistPV_2,2014,5.172550574819119,.
Oahu_SlopedDistPV_Oahu_SlopedDistPV_2,2015,3.237070049274056,.
Oahu_SlopedDistPV_Oahu_SlopedDistPV_2,2016,1.8650481920099424,.
Oahu_SlopedDistPV_Oahu_SlopedDistPV_2,2017,2.4383673869858096,.
Oahu_SlopedDistPV_Oahu_SlopedDistPV_2,2018,1.4347066341103702,.
Oahu_SlopedDistPV_Oahu_SlopedDistPV_2,2019,1.1790372633778836,.
Oahu_SlopedDistPV_Oahu_SlopedDistPV_2,2020,1.0902925231236387,.
Oahu_SlopedDistPV_Oahu_SlopedDistPV_3,2013,6.132047860950571,.
Oahu_SlopedDistPV_Oahu_SlopedDistPV_3,2014,6.414151757701326,.
Oahu_SlopedDistPV_Oahu_SlopedDistPV_3,2015,4.01408516862681,.
Oahu_SlopedDistPV_Oahu_SlopedDistPV_3,2016,2.3127279213498233,.
Oahu_SlopedDistPV_Oahu_SlopedDistPV_3,2017,3.023664676628811,.
Oahu_SlopedDistPV_Oahu_SlopedDistPV_3,2018,1.7790886615519637,.
Oahu_SlopedDistPV_Oahu_SlopedDistPV_3,2019,1.4620492977113273,.
Oahu_SlopedDistPV_Oahu_SlopedDistPV_3,2020,1.3520025763782222,.
Oahu_SlopedDistPV_Oahu_SlopedDistPV_4,2013,3.674620121235697,.
Oahu_SlopedDistPV_Oahu_SlopedDistPV_4,2014,3.843670441583103,.
Oahu_SlopedDistPV_Oahu_SlopedDistPV_4,2015,2.405434279618184,.
Oahu_SlopedDistPV_Oahu_SlopedDistPV_4,2016,1.3858986014858456,.
Oahu_SlopedDistPV_Oahu_SlopedDistPV_4,2017,1.8119263437854987,.
Oahu_SlopedDistPV_Oahu_SlopedDistPV_4,2018,1.0661161069587135,.
Oahu_SlopedDistPV_Oahu_SlopedDistPV_4,2019,0.8761307624196754,.
Oahu_SlopedDistPV_Oahu_SlopedDistPV_4,2020,0.8101854362160471,.
Oahu_SlopedDistPV_Oahu_SlopedDistPV_7,2013,10.228305542610471,.
Oahu_SlopedDistPV_Oahu_SlopedDistPV_7,2014,10.698857129316526,.
Oahu_SlopedDistPV_Oahu_SlopedDistPV_7,2015,6.695526602170309,.
Oahu_SlopedDistPV_Oahu_SlopedDistPV_7,2016,3.857648921354867,.
Oahu_SlopedDistPV_Oahu_SlopedDistPV_7,2017,5.043497192496434,.
Oahu_SlopedDistPV_Oahu_SlopedDistPV_7,2018,2.9675343099697433,.
Oahu_SlopedDistPV_Oahu_SlopedDistPV_7,2019,2.438710080947142,.
Oahu_SlopedDistPV_Oahu_SlopedDistPV_7,2020,2.2551512576500543,.
Oahu_SlopedDistPV_Oahu_SlopedDistPV_9,2013,4.120811517145066,.
Oahu_SlopedDistPV_Oahu_SlopedDistPV_9,2014,4.310388802437455,.
Oahu_SlopedDistPV_Oahu_SlopedDistPV_9,2015,2.6975145610025253,.
Oahu_SlopedDistPV_Oahu_SlopedDistPV_9,2016,1.5541815834496697,.
Oahu_SlopedDistPV_Oahu_SlopedDistPV_9,2017,2.0319398194496823,.
Oahu_SlopedDistPV_Oahu_SlopedDistPV_9,2018,1.195569443159737,.
Oahu_SlopedDistPV_Oahu_SlopedDistPV_9,2019,0.9825150946732405,.
Oahu_SlopedDistPV_Oahu_SlopedDistPV_9,2020,0.9085623456118175,.
Oahu_Tesoro_Hawaii,1990,20.0,.
Oahu_Waiau_10,1973,49.9,.
Oahu_Waiau_3,1947,46.6,.
Oahu_Waiau_4,1950,46.6,.
Oahu_Waiau_5,1959,54.5,.
Oahu_Waiau_6,1961,53.5,.
Oahu_Waiau_7,1966,82.9,.
Oahu_Waiau_8,1968,86.1,.
Oahu_Waiau_9,1973,52.9,.
