GENERATION_PROJECT,gen_load_zone,gen_tech,gen_connect_cost_per_mw,gen_capacity_limit_mw,gen_unit_size,gen_min_build_capacity,gen_max_age,gen_scheduled_outage_rate,gen_forced_outage_rate,gen_is_variable,gen_is_baseload,gen_is_cogen,gen_variable_om,gen_energy_source,gen_full_load_heat_rate,gen_min_uptime,gen_min_downtime,gen_startup_fuel,gen_storage_efficiency,gen_storage_energy_to_power_ratio,gen_storage_max_cycles_per_year,gen_land_class,gen_land_area,gen_slope_class
Oahu_AES,Oahu,AES,0.0,180.0,180.0,.,30,0.09667000000000003,0,0,1,0,3.534118543727179,multiple,.,24.0,24.0,0.0,.,.,.,.,.,.
Oahu_Airport_DSG,Oahu,Airport_DSG,0.0,8.0,8.0,.,61,0.0,0,0,0,0,16.374951224777195,multiple,.,1.0,1.0,0.125,.,.,.,.,.,.
Oahu_Battery_Bulk,Oahu,Battery_Bulk,0.0,3000.0,.,.,15,0.0,0,0,0,0,0.0,Battery,.,.,.,.,0.9,.,365.0,.,.,.
Oahu_Battery_Conting,Oahu,Battery_Conting,0.0,3000.0,.,.,15,0.0,0,0,0,0,0.0,Battery,.,.,.,.,0.9,0.0,.,.,.,.
Oahu_Battery_Reg,Oahu,Battery_Reg,0.0,3000.0,.,.,15,0.0,0,0,0,0,0.0,Battery,.,.,.,.,0.9,0.0,.,.,.,.
Oahu_CC_152,Oahu,CC_152,154728.85925650457,1505.8600000000001,150.586,.,30,0.05,0,0,0,0,4.49,multiple,.,.,.,.,.,.,.,.,.,.
Oahu_CentralTrackingPV_PV_01_B_00_15,Oahu,CentralTrackingPV,26623.79753142103,4.142993809823646,.,.,30,0.0,0,1,0,0,0.0,SUN,.,.,.,.,.,.,.,B,125745.8694691719,00_to_15
Oahu_CentralTrackingPV_PV_01_B_15_17,Oahu,CentralTrackingPV,27134.51277546998,0.006560865107251416,.,.,30,0.0,0,1,0,0,0.0,SUN,.,.,.,.,.,.,.,B,199.131769259486,15_to_17
Oahu_CentralTrackingPV_PV_01_B_17_20,Oahu,CentralTrackingPV,26732.31011859247,0.0032773452032170487,.,.,30,0.0,0,1,0,0,0.0,SUN,.,.,.,.,.,.,.,B,99.4721790681821,17_to_20
Oahu_CentralTrackingPV_PV_01_C_00_15,Oahu,CentralTrackingPV,27776.397474223995,10.560505961729243,.,.,30,0.0,0,1,0,0,0.0,SUN,.,.,.,.,.,.,.,C,320526.668672127,00_to_15
Oahu_CentralTrackingPV_PV_01_C_15_17,Oahu,CentralTrackingPV,27560.884531070493,0.11334489686001921,.,.,30,0.0,0,1,0,0,0.0,SUN,.,.,.,.,.,.,.,C,3440.18196980203,15_to_17
Oahu_CentralTrackingPV_PV_01_C_17_20,Oahu,CentralTrackingPV,27497.826092066014,0.038861107494864,.,.,30,0.0,0,1,0,0,0.0,SUN,.,.,.,.,.,.,.,C,1179.49096107499,17_to_20
Oahu_CentralTrackingPV_PV_01_X_00_15,Oahu,CentralTrackingPV,28843.035490333088,225.75241825959642,.,.,30,0.0,0,1,0,0,0.0,SUN,.,.,.,.,.,.,.,other,6851913.235185228,00_to_15
Oahu_CentralTrackingPV_PV_01_X_15_17,Oahu,CentralTrackingPV,27794.93769639575,32.24571961193871,.,.,30,0.0,0,1,0,0,0.0,SUN,.,.,.,.,.,.,.,other,978704.3465157773,15_to_17
Oahu_CentralTrackingPV_PV_01_X_17_20,Oahu,CentralTrackingPV,28080.387429735896,23.218321768620612,.,.,30,0.0,0,1,0,0,0.0,SUN,.,.,.,.,.,.,.,other,704709.7322442001,17_to_20
Oahu_CentralTrackingPV_PV_02_B_00_15,Oahu,CentralTrackingPV,24711.162562194735,44.0134655292546,.,.,30,0.0,0,1,0,0,0.0,SUN,.,.,.,.,.,.,.,B,1335872.4983378947,00_to_15
Oahu_CentralTrackingPV_PV_02_B_15_17,Oahu,CentralTrackingPV,25104.39065594109,0.038881187041113686,.,.,30,0.0,0,1,0,0,0.0,SUN,.,.,.,.,.,.,.,B,1180.10040441901,15_to_17
Oahu_CentralTrackingPV_PV_02_B_17_20,Oahu,CentralTrackingPV,25058.64744592361,0.01620049460046413,.,.,30,0.0,0,1,0,0,0.0,SUN,.,.,.,.,.,.,.,B,491.708501841257,17_to_20
Oahu_CentralTrackingPV_PV_02_X_00_15,Oahu,CentralTrackingPV,24388.187343580354,183.74489780808608,.,.,30,0.0,0,1,0,0,0.0,SUN,.,.,.,.,.,.,.,other,5576924.078577234,00_to_15
Oahu_CentralTrackingPV_PV_02_X_15_17,Oahu,CentralTrackingPV,24305.580557457877,7.389689263414891,.,.,30,0.0,0,1,0,0,0.0,SUN,.,.,.,.,.,.,.,other,224287.7841940739,15_to_17
Oahu_CentralTrackingPV_PV_02_X_17_20,Oahu,CentralTrackingPV,24302.865313941475,5.787910829752069,.,.,30,0.0,0,1,0,0,0.0,SUN,.,.,.,.,.,.,.,other,175671.48615367844,17_to_20
Oahu_CentralTrackingPV_PV_03_X_00_15,Oahu,CentralTrackingPV,20531.29433385947,46.30274020113831,.,.,30,0.0,0,1,0,0,0.0,SUN,.,.,.,.,.,.,.,other,1405355.3040778395,00_to_15
Oahu_CentralTrackingPV_PV_03_X_15_17,Oahu,CentralTrackingPV,20198.97371584339,26.622525294318145,.,.,30,0.0,0,1,0,0,0.0,SUN,.,.,.,.,.,.,.,other,808032.2453442324,15_to_17
Oahu_CentralTrackingPV_PV_03_X_17_20,Oahu,CentralTrackingPV,20035.295740845402,24.32621622951133,.,.,30,0.0,0,1,0,0,0.0,SUN,.,.,.,.,.,.,.,other,738335.9355792017,17_to_20
Oahu_CentralTrackingPV_PV_04_B_00_15,Oahu,CentralTrackingPV,13256.585823172907,65.34419687797016,.,.,30,0.0,0,1,0,0,0.0,SUN,.,.,.,.,.,.,.,B,1983291.1243318676,00_to_15
Oahu_CentralTrackingPV_PV_04_B_15_17,Oahu,CentralTrackingPV,14615.18979457825,0.8924856211785154,.,.,30,0.0,0,1,0,0,0.0,SUN,.,.,.,.,.,.,.,B,27088.23270691865,15_to_17
Oahu_CentralTrackingPV_PV_04_B_17_20,Oahu,CentralTrackingPV,13687.310231126055,1.243054455531165,.,.,30,0.0,0,1,0,0,0.0,SUN,.,.,.,.,.,.,.,B,37728.505154331375,17_to_20
Oahu_CentralTrackingPV_PV_04_C_00_15,Oahu,CentralTrackingPV,14393.906518355458,3.8692561426261496,.,.,30,0.0,0,1,0,0,0.0,SUN,.,.,.,.,.,.,.,C,117437.53435011045,00_to_15
Oahu_CentralTrackingPV_PV_04_C_15_17,Oahu,CentralTrackingPV,15527.930510588158,0.009742919899828575,.,.,30,0.0,0,1,0,0,0.0,SUN,.,.,.,.,.,.,.,C,295.711746193652,15_to_17
Oahu_CentralTrackingPV_PV_04_X_00_15,Oahu,CentralTrackingPV,14609.560107311425,44.082215433233365,.,.,30,0.0,0,1,0,0,0.0,SUN,.,.,.,.,.,.,.,other,1337959.1576110108,00_to_15
Oahu_CentralTrackingPV_PV_04_X_15_17,Oahu,CentralTrackingPV,15603.407182247982,13.06704295746082,.,.,30,0.0,0,1,0,0,0.0,SUN,.,.,.,.,.,.,.,other,396603.7009712242,15_to_17
Oahu_CentralTrackingPV_PV_04_X_17_20,Oahu,CentralTrackingPV,15518.91439080153,11.327960823808459,.,.,30,0.0,0,1,0,0,0.0,SUN,.,.,.,.,.,.,.,other,343820.03654578124,17_to_20
Oahu_CentralTrackingPV_PV_05_C_00_15,Oahu,CentralTrackingPV,10099.152376034855,21.369230716064997,.,.,30,0.0,0,1,0,0,0.0,SUN,.,.,.,.,.,.,.,C,648587.137617111,00_to_15
Oahu_CentralTrackingPV_PV_05_X_00_15,Oahu,CentralTrackingPV,9352.449624223544,33.488336764008174,.,.,30,0.0,0,1,0,0,0.0,SUN,.,.,.,.,.,.,.,other,1016419.578875956,00_to_15
Oahu_CentralTrackingPV_PV_06_C_00_15,Oahu,CentralTrackingPV,3134.6534876238907,1.210744740442951,.,.,30,0.0,0,1,0,0,0.0,SUN,.,.,.,.,.,.,.,C,36747.8584523172,00_to_15
Oahu_CentralTrackingPV_PV_06_X_00_15,Oahu,CentralTrackingPV,619.7106527028286,3.33147937552796,.,.,30,0.0,0,1,0,0,0.0,SUN,.,.,.,.,.,.,.,other,101115.22969236811,00_to_15
Oahu_CentralTrackingPV_PV_06_X_15_17,Oahu,CentralTrackingPV,2161.925585748086,0.797913181157945,.,.,30,0.0,0,1,0,0,0.0,SUN,.,.,.,.,.,.,.,other,24217.82202225631,15_to_17
Oahu_CentralTrackingPV_PV_06_X_17_20,Oahu,CentralTrackingPV,1252.1630455545428,0.7720046360917291,.,.,30,0.0,0,1,0,0,0.0,SUN,.,.,.,.,.,.,.,other,23431.46011210631,17_to_20
Oahu_CentralTrackingPV_PV_07_B_00_15,Oahu,CentralTrackingPV,12170.780324627014,103.85303609038944,.,.,30,0.0,0,1,0,0,0.0,SUN,.,.,.,.,.,.,.,B,3152090.2322456506,00_to_15
Oahu_CentralTrackingPV_PV_07_B_15_17,Oahu,CentralTrackingPV,10690.050976999672,5.3785361000531315,.,.,30,0.0,0,1,0,0,0.0,SUN,.,.,.,.,.,.,.,B,163246.36951395762,15_to_17
Oahu_CentralTrackingPV_PV_07_B_17_20,Oahu,CentralTrackingPV,10865.445092179334,3.2272416887084034,.,.,30,0.0,0,1,0,0,0.0,SUN,.,.,.,.,.,.,.,B,97951.46475274867,17_to_20
Oahu_CentralTrackingPV_PV_07_C_00_15,Oahu,CentralTrackingPV,9319.035961216023,18.812387496874052,.,.,30,0.0,0,1,0,0,0.0,SUN,.,.,.,.,.,.,.,C,570983.2384919979,00_to_15
Oahu_CentralTrackingPV_PV_07_C_15_17,Oahu,CentralTrackingPV,10344.877454452233,2.9809354215856456,.,.,30,0.0,0,1,0,0,0.0,SUN,.,.,.,.,.,.,.,C,90475.71240148564,15_to_17
Oahu_CentralTrackingPV_PV_07_C_17_20,Oahu,CentralTrackingPV,10489.538575344797,2.437134609468998,.,.,30,0.0,0,1,0,0,0.0,SUN,.,.,.,.,.,.,.,C,73970.56924256781,17_to_20
Oahu_CentralTrackingPV_PV_07_X_00_15,Oahu,CentralTrackingPV,9659.47251449209,183.7283336988876,.,.,30,0.0,0,1,0,0,0.0,SUN,.,.,.,.,.,.,.,other,5576421.333845102,00_to_15
Oahu_CentralTrackingPV_PV_07_X_15_17,Oahu,CentralTrackingPV,9532.193105355806,19.33384870050691,.,.,30,0.0,0,1,0,0,0.0,SUN,.,.,.,.,.,.,.,other,586810.3421410004,15_to_17
Oahu_CentralTrackingPV_PV_07_X_17_20,Oahu,CentralTrackingPV,9545.50843745951,18.69746156253818,.,.,30,0.0,0,1,0,0,0.0,SUN,.,.,.,.,.,.,.,other,567495.0697422995,17_to_20
Oahu_CentralTrackingPV_PV_08_B_00_15,Oahu,CentralTrackingPV,16352.762541522095,350.98493453264297,.,.,30,0.0,0,1,0,0,0.0,SUN,.,.,.,.,.,.,.,B,10652901.691220786,00_to_15
Oahu_CentralTrackingPV_PV_08_B_15_17,Oahu,CentralTrackingPV,15061.491180498368,21.11901473827388,.,.,30,0.0,0,1,0,0,0.0,SUN,.,.,.,.,.,.,.,B,640992.7198779827,15_to_17
Oahu_CentralTrackingPV_PV_08_B_17_20,Oahu,CentralTrackingPV,15069.94959712104,14.843241769783551,.,.,30,0.0,0,1,0,0,0.0,SUN,.,.,.,.,.,.,.,B,450513.91041349695,17_to_20
Oahu_CentralTrackingPV_PV_08_C_00_15,Oahu,CentralTrackingPV,16846.853899144062,100.62389920038859,.,.,30,0.0,0,1,0,0,0.0,SUN,.,.,.,.,.,.,.,C,3054081.2453856342,00_to_15
Oahu_CentralTrackingPV_PV_08_C_15_17,Oahu,CentralTrackingPV,16645.79671418835,14.699730030056742,.,.,30,0.0,0,1,0,0,0.0,SUN,.,.,.,.,.,.,.,C,446158.1210207657,15_to_17
Oahu_CentralTrackingPV_PV_08_C_17_20,Oahu,CentralTrackingPV,16402.05667412526,10.62130543588456,.,.,30,0.0,0,1,0,0,0.0,SUN,.,.,.,.,.,.,.,C,322372.0208719784,17_to_20
Oahu_CentralTrackingPV_PV_08_X_00_15,Oahu,CentralTrackingPV,16008.342254887537,158.91466972125528,.,.,30,0.0,0,1,0,0,0.0,SUN,.,.,.,.,.,.,.,other,4823290.652311194,00_to_15
Oahu_CentralTrackingPV_PV_08_X_15_17,Oahu,CentralTrackingPV,16234.750363176334,46.595323841882205,.,.,30,0.0,0,1,0,0,0.0,SUN,.,.,.,.,.,.,.,other,1414235.6418206957,15_to_17
Oahu_CentralTrackingPV_PV_08_X_17_20,Oahu,CentralTrackingPV,16215.94433613408,49.85190615937982,.,.,30,0.0,0,1,0,0,0.0,SUN,.,.,.,.,.,.,.,other,1513077.6372011087,17_to_20
Oahu_CentralTrackingPV_PV_09_B_00_15,Oahu,CentralTrackingPV,31607.48722247261,126.76600511475407,.,.,30,0.0,0,1,0,0,0.0,SUN,.,.,.,.,.,.,.,B,3847532.065940202,00_to_15
Oahu_CentralTrackingPV_PV_09_B_15_17,Oahu,CentralTrackingPV,30034.177351822582,2.42759927046149,.,.,30,0.0,0,1,0,0,0.0,SUN,.,.,.,.,.,.,.,B,73681.1578774484,15_to_17
Oahu_CentralTrackingPV_PV_09_B_17_20,Oahu,CentralTrackingPV,30256.4456962518,1.5469041474202259,.,.,30,0.0,0,1,0,0,0.0,SUN,.,.,.,.,.,.,.,B,46950.783885217614,17_to_20
Oahu_CentralTrackingPV_PV_09_C_00_15,Oahu,CentralTrackingPV,32146.266034678763,14.255118847576574,.,.,30,0.0,0,1,0,0,0.0,SUN,.,.,.,.,.,.,.,C,432663.526946278,00_to_15
Oahu_CentralTrackingPV_PV_09_C_15_17,Oahu,CentralTrackingPV,29152.5242510167,0.6809162217907283,.,.,30,0.0,0,1,0,0,0.0,SUN,.,.,.,.,.,.,.,C,20666.7946598702,15_to_17
Oahu_CentralTrackingPV_PV_09_C_17_20,Oahu,CentralTrackingPV,29615.701087215468,0.8292721306718889,.,.,30,0.0,0,1,0,0,0.0,SUN,.,.,.,.,.,.,.,C,25169.6116104813,17_to_20
Oahu_CentralTrackingPV_PV_09_X_00_15,Oahu,CentralTrackingPV,32690.36299830959,178.39022667564976,.,.,30,0.0,0,1,0,0,0.0,SUN,.,.,.,.,.,.,.,other,5414402.04543465,00_to_15
Oahu_CentralTrackingPV_PV_09_X_15_17,Oahu,CentralTrackingPV,29825.02241907225,22.175603906292622,.,.,30,0.0,0,1,0,0,0.0,SUN,.,.,.,.,.,.,.,other,673061.7331816452,15_to_17
Oahu_CentralTrackingPV_PV_09_X_17_20,Oahu,CentralTrackingPV,29313.269686976437,24.11682178373248,.,.,30,0.0,0,1,0,0,0.0,SUN,.,.,.,.,.,.,.,other,731980.5105278671,17_to_20
Oahu_CentralTrackingPV_PV_10_B_00_15,Oahu,CentralTrackingPV,21707.310210033436,924.2747124678353,.,.,30,0.0,0,1,0,0,0.0,SUN,.,.,.,.,.,.,.,B,28053077.721731883,00_to_15
Oahu_CentralTrackingPV_PV_10_B_15_17,Oahu,CentralTrackingPV,23653.824366990095,18.57559308117194,.,.,30,0.0,0,1,0,0,0.0,SUN,.,.,.,.,.,.,.,B,563796.1846235362,15_to_17
Oahu_CentralTrackingPV_PV_10_B_17_20,Oahu,CentralTrackingPV,23335.204573400482,11.467989685117205,.,.,30,0.0,0,1,0,0,0.0,SUN,.,.,.,.,.,.,.,B,348070.1155283506,17_to_20
Oahu_CentralTrackingPV_PV_10_C_00_15,Oahu,CentralTrackingPV,21706.065138371014,149.96112538240814,.,.,30,0.0,0,1,0,0,0.0,SUN,.,.,.,.,.,.,.,C,4551537.598987891,00_to_15
Oahu_CentralTrackingPV_PV_10_C_15_17,Oahu,CentralTrackingPV,21545.531465616597,10.678354737862904,.,.,30,0.0,0,1,0,0,0.0,SUN,.,.,.,.,.,.,.,C,324103.549908509,15_to_17
Oahu_CentralTrackingPV_PV_10_C_17_20,Oahu,CentralTrackingPV,21781.578971721865,7.802084370834343,.,.,30,0.0,0,1,0,0,0.0,SUN,.,.,.,.,.,.,.,C,236804.57367716002,17_to_20
Oahu_CentralTrackingPV_PV_10_X_00_15,Oahu,CentralTrackingPV,23709.31655991321,121.19786760522072,.,.,30,0.0,0,1,0,0,0.0,SUN,.,.,.,.,.,.,.,other,3678531.0187264765,00_to_15
Oahu_CentralTrackingPV_PV_10_X_15_17,Oahu,CentralTrackingPV,23079.32857494439,26.55222957154076,.,.,30,0.0,0,1,0,0,0.0,SUN,.,.,.,.,.,.,.,other,805898.6682291408,15_to_17
Oahu_CentralTrackingPV_PV_10_X_17_20,Oahu,CentralTrackingPV,22959.592717010662,28.096482616993708,.,.,30,0.0,0,1,0,0,0.0,SUN,.,.,.,.,.,.,.,other,852768.9873255537,17_to_20
Oahu_CentralTrackingPV_PV_11_B_00_15,Oahu,CentralTrackingPV,28965.5425462835,138.09786885293443,.,.,30,0.0,0,1,0,0,0.0,SUN,.,.,.,.,.,.,.,B,4191470.561596397,00_to_15
Oahu_CentralTrackingPV_PV_11_B_15_17,Oahu,CentralTrackingPV,29104.899465175742,8.701260376903555,.,.,30,0.0,0,1,0,0,0.0,SUN,.,.,.,.,.,.,.,B,264095.8692665694,15_to_17
Oahu_CentralTrackingPV_PV_11_B_17_20,Oahu,CentralTrackingPV,29129.39817458492,5.615467207164911,.,.,30,0.0,0,1,0,0,0.0,SUN,.,.,.,.,.,.,.,B,170437.57216490543,17_to_20
Oahu_CentralTrackingPV_PV_11_C_00_15,Oahu,CentralTrackingPV,27643.093178804058,59.76154676136812,.,.,30,0.0,0,1,0,0,0.0,SUN,.,.,.,.,.,.,.,C,1813849.5984503266,00_to_15
Oahu_CentralTrackingPV_PV_11_C_15_17,Oahu,CentralTrackingPV,27670.50591468156,4.573578492419,.,.,30,0.0,0,1,0,0,0.0,SUN,.,.,.,.,.,.,.,C,138814.73893373067,15_to_17
Oahu_CentralTrackingPV_PV_11_C_17_20,Oahu,CentralTrackingPV,27700.982659592995,3.6540253994358727,.,.,30,0.0,0,1,0,0,0.0,SUN,.,.,.,.,.,.,.,C,110904.96920970792,17_to_20
Oahu_CentralTrackingPV_PV_11_X_00_15,Oahu,CentralTrackingPV,29330.599127800895,121.60681021879125,.,.,30,0.0,0,1,0,0,0.0,SUN,.,.,.,.,.,.,.,other,3690943.0200151317,00_to_15
Oahu_CentralTrackingPV_PV_11_X_15_17,Oahu,CentralTrackingPV,28323.569656170934,15.460524525603873,.,.,30,0.0,0,1,0,0,0.0,SUN,.,.,.,.,.,.,.,other,469249.3371126397,15_to_17
Oahu_CentralTrackingPV_PV_11_X_17_20,Oahu,CentralTrackingPV,28429.693560969594,16.619047518749547,.,.,30,0.0,0,1,0,0,0.0,SUN,.,.,.,.,.,.,.,other,504412.1898129509,17_to_20
Oahu_CentralTrackingPV_PV_12_B_00_15,Oahu,CentralTrackingPV,33437.0229301228,53.90182446555638,.,.,30,0.0,0,1,0,0,0.0,SUN,.,.,.,.,.,.,.,B,1635998.5301751113,00_to_15
Oahu_CentralTrackingPV_PV_12_B_15_17,Oahu,CentralTrackingPV,33087.502965115185,2.2875592773116193,.,.,30,0.0,0,1,0,0,0.0,SUN,.,.,.,.,.,.,.,B,69430.74102735975,15_to_17
Oahu_CentralTrackingPV_PV_12_B_17_20,Oahu,CentralTrackingPV,32743.68880956421,1.492353751900998,.,.,30,0.0,0,1,0,0,0.0,SUN,.,.,.,.,.,.,.,B,45295.10028313554,17_to_20
Oahu_CentralTrackingPV_PV_12_C_00_15,Oahu,CentralTrackingPV,33125.03062471225,85.78281066607249,.,.,30,0.0,0,1,0,0,0.0,SUN,.,.,.,.,.,.,.,C,2603632.688790766,00_to_15
Oahu_CentralTrackingPV_PV_12_C_15_17,Oahu,CentralTrackingPV,33121.53214558536,12.437394234702712,.,.,30,0.0,0,1,0,0,0.0,SUN,.,.,.,.,.,.,.,C,377492.9492448676,15_to_17
Oahu_CentralTrackingPV_PV_12_C_17_20,Oahu,CentralTrackingPV,33142.14858482381,10.84273262002809,.,.,30,0.0,0,1,0,0,0.0,SUN,.,.,.,.,.,.,.,C,329092.65698015154,17_to_20
Oahu_CentralTrackingPV_PV_12_X_00_15,Oahu,CentralTrackingPV,33138.821817959746,73.34985340288289,.,.,30,0.0,0,1,0,0,0.0,SUN,.,.,.,.,.,.,.,other,2226274.40806493,00_to_15
Oahu_CentralTrackingPV_PV_12_X_15_17,Oahu,CentralTrackingPV,33160.18155612048,19.01772463405743,.,.,30,0.0,0,1,0,0,0.0,SUN,.,.,.,.,.,.,.,other,577215.5183443624,15_to_17
Oahu_CentralTrackingPV_PV_12_X_17_20,Oahu,CentralTrackingPV,33047.58122116843,21.695037836457377,.,.,30,0.0,0,1,0,0,0.0,SUN,.,.,.,.,.,.,.,other,658475.8561413443,17_to_20
Oahu_CentralTrackingPV_PV_13_B_00_15,Oahu,CentralTrackingPV,31846.154559793093,207.4914292429556,.,.,30,0.0,0,1,0,0,0.0,SUN,.,.,.,.,.,.,.,B,6297665.740096105,00_to_15
Oahu_CentralTrackingPV_PV_13_B_15_17,Oahu,CentralTrackingPV,31323.257048593216,12.791326202950946,.,.,30,0.0,0,1,0,0,0.0,SUN,.,.,.,.,.,.,.,B,388235.2976825555,15_to_17
Oahu_CentralTrackingPV_PV_13_B_17_20,Oahu,CentralTrackingPV,31192.45291887387,8.923663770749872,.,.,30,0.0,0,1,0,0,0.0,SUN,.,.,.,.,.,.,.,B,270846.1347547262,17_to_20
Oahu_CentralTrackingPV_PV_13_C_00_15,Oahu,CentralTrackingPV,31356.103839943127,85.99237683461197,.,.,30,0.0,0,1,0,0,0.0,SUN,.,.,.,.,.,.,.,C,2609993.3258768837,00_to_15
Oahu_CentralTrackingPV_PV_13_C_15_17,Oahu,CentralTrackingPV,31019.021592753128,14.381406841173076,.,.,30,0.0,0,1,0,0,0.0,SUN,.,.,.,.,.,.,.,C,436496.55066952255,15_to_17
Oahu_CentralTrackingPV_PV_13_C_17_20,Oahu,CentralTrackingPV,30698.599050791672,14.522584353715317,.,.,30,0.0,0,1,0,0,0.0,SUN,.,.,.,.,.,.,.,C,440781.49288257275,17_to_20
Oahu_CentralTrackingPV_PV_13_X_00_15,Oahu,CentralTrackingPV,32800.66173206102,148.5180528888419,.,.,30,0.0,0,1,0,0,0.0,SUN,.,.,.,.,.,.,.,other,4507738.256353041,00_to_15
Oahu_CentralTrackingPV_PV_13_X_15_17,Oahu,CentralTrackingPV,31284.334174631993,23.06634181533002,.,.,30,0.0,0,1,0,0,0.0,SUN,.,.,.,.,.,.,.,other,700096.9202908983,15_to_17
Oahu_CentralTrackingPV_PV_13_X_17_20,Oahu,CentralTrackingPV,31133.766386411466,24.51356171667663,.,.,30,0.0,0,1,0,0,0.0,SUN,.,.,.,.,.,.,.,other,744022.1427656249,17_to_20
Oahu_CentralTrackingPV_PV_14_B_00_15,Oahu,CentralTrackingPV,22788.554568650117,40.807318209368944,.,.,30,0.0,0,1,0,0,0.0,SUN,.,.,.,.,.,.,.,B,1238561.278265751,00_to_15
Oahu_CentralTrackingPV_PV_14_B_15_17,Oahu,CentralTrackingPV,22733.971824114506,0.8346137160786815,.,.,30,0.0,0,1,0,0,0.0,SUN,.,.,.,.,.,.,.,B,25331.7364728763,15_to_17
Oahu_CentralTrackingPV_PV_14_B_17_20,Oahu,CentralTrackingPV,22756.969374918084,0.3622584442493657,.,.,30,0.0,0,1,0,0,0.0,SUN,.,.,.,.,.,.,.,B,10995.069057712411,17_to_20
Oahu_CentralTrackingPV_PV_14_C_00_15,Oahu,CentralTrackingPV,22444.673134910976,34.15616740527386,.,.,30,0.0,0,1,0,0,0.0,SUN,.,.,.,.,.,.,.,C,1036689.2071927993,00_to_15
Oahu_CentralTrackingPV_PV_14_C_15_17,Oahu,CentralTrackingPV,21502.779882303796,1.6770132129888924,.,.,30,0.0,0,1,0,0,0.0,SUN,.,.,.,.,.,.,.,C,50899.78268337172,15_to_17
Oahu_CentralTrackingPV_PV_14_C_17_20,Oahu,CentralTrackingPV,21622.66542358686,1.0210766649553449,.,.,30,0.0,0,1,0,0,0.0,SUN,.,.,.,.,.,.,.,C,30991.157342558905,17_to_20
Oahu_CentralTrackingPV_PV_14_X_00_15,Oahu,CentralTrackingPV,23469.8901021693,21.829056448937354,.,.,30,0.0,0,1,0,0,0.0,SUN,.,.,.,.,.,.,.,other,662543.5153570997,00_to_15
Oahu_CentralTrackingPV_PV_14_X_15_17,Oahu,CentralTrackingPV,23723.47576278644,3.9713855383291095,.,.,30,0.0,0,1,0,0,0.0,SUN,.,.,.,.,.,.,.,other,120537.30959731905,15_to_17
Oahu_CentralTrackingPV_PV_14_X_17_20,Oahu,CentralTrackingPV,23724.929907969385,3.861360099290925,.,.,30,0.0,0,1,0,0,0.0,SUN,.,.,.,.,.,.,.,other,117197.87798562355,17_to_20
Oahu_CentralTrackingPV_PV_15_B_00_15,Oahu,CentralTrackingPV,18356.1460624283,12.51508738117748,.,.,30,0.0,0,1,0,0,0.0,SUN,.,.,.,.,.,.,.,B,379851.04889543925,00_to_15
Oahu_CentralTrackingPV_PV_15_B_15_17,Oahu,CentralTrackingPV,15970.086463138765,0.23709399911155807,.,.,30,0.0,0,1,0,0,0.0,SUN,.,.,.,.,.,.,.,B,7196.146659334499,15_to_17
Oahu_CentralTrackingPV_PV_15_B_17_20,Oahu,CentralTrackingPV,16083.030757285807,0.17279122400890784,.,.,30,0.0,0,1,0,0,0.0,SUN,.,.,.,.,.,.,.,B,5244.464195945166,17_to_20
Oahu_CentralTrackingPV_PV_15_C_00_15,Oahu,CentralTrackingPV,15324.805050838124,57.00142517799361,.,.,30,0.0,0,1,0,0,0.0,SUN,.,.,.,.,.,.,.,C,1730075.9062186142,00_to_15
Oahu_CentralTrackingPV_PV_15_C_15_17,Oahu,CentralTrackingPV,14393.006087968479,5.013913867860051,.,.,30,0.0,0,1,0,0,0.0,SUN,.,.,.,.,.,.,.,C,152179.55606466095,15_to_17
Oahu_CentralTrackingPV_PV_15_C_17_20,Oahu,CentralTrackingPV,14236.40806269362,4.359105873882554,.,.,30,0.0,0,1,0,0,0.0,SUN,.,.,.,.,.,.,.,C,132305.18397585265,17_to_20
Oahu_CentralTrackingPV_PV_15_X_00_15,Oahu,CentralTrackingPV,12010.926459477505,155.67980722463935,.,.,30,0.0,0,1,0,0,0.0,SUN,.,.,.,.,.,.,.,other,4725107.88498828,00_to_15
Oahu_CentralTrackingPV_PV_15_X_15_17,Oahu,CentralTrackingPV,13415.459523731412,22.103182288435253,.,.,30,0.0,0,1,0,0,0.0,SUN,.,.,.,.,.,.,.,other,670863.6320683282,15_to_17
Oahu_CentralTrackingPV_PV_15_X_17_20,Oahu,CentralTrackingPV,13487.190847934422,25.963085224488832,.,.,30,0.0,0,1,0,0,0.0,SUN,.,.,.,.,.,.,.,other,788017.2830368116,17_to_20
Oahu_CentralTrackingPV_PV_16_B_00_15,Oahu,CentralTrackingPV,18977.42712056906,80.43391811433582,.,.,30,0.0,0,1,0,0,0.0,SUN,.,.,.,.,.,.,.,B,2441286.043951358,00_to_15
Oahu_CentralTrackingPV_PV_16_B_15_17,Oahu,CentralTrackingPV,18865.681750502685,0.8866566401743511,.,.,30,0.0,0,1,0,0,0.0,SUN,.,.,.,.,.,.,.,B,26911.314681419808,15_to_17
Oahu_CentralTrackingPV_PV_16_B_17_20,Oahu,CentralTrackingPV,19038.321997564624,0.5000681997867048,.,.,30,0.0,0,1,0,0,0.0,SUN,.,.,.,.,.,.,.,B,15177.794962416181,17_to_20
Oahu_CentralTrackingPV_PV_16_C_00_15,Oahu,CentralTrackingPV,17726.201333595807,41.402244668250724,.,.,30,0.0,0,1,0,0,0.0,SUN,.,.,.,.,.,.,.,C,1256618.1589361785,00_to_15
Oahu_CentralTrackingPV_PV_16_C_15_17,Oahu,CentralTrackingPV,17478.715660140108,3.690790056195035,.,.,30,0.0,0,1,0,0,0.0,SUN,.,.,.,.,.,.,.,C,112020.8298511008,15_to_17
Oahu_CentralTrackingPV_PV_16_C_17_20,Oahu,CentralTrackingPV,16792.733163659934,3.218615435706515,.,.,30,0.0,0,1,0,0,0.0,SUN,.,.,.,.,.,.,.,C,97689.64546607451,17_to_20
Oahu_CentralTrackingPV_PV_16_X_00_15,Oahu,CentralTrackingPV,17880.21172705107,108.31668033857723,.,.,30,0.0,0,1,0,0,0.0,SUN,.,.,.,.,.,.,.,other,3287568.30746231,00_to_15
Oahu_CentralTrackingPV_PV_16_X_15_17,Oahu,CentralTrackingPV,17147.9387025448,20.052427677484896,.,.,30,0.0,0,1,0,0,0.0,SUN,.,.,.,.,.,.,.,other,608620.256031799,15_to_17
Oahu_CentralTrackingPV_PV_16_X_17_20,Oahu,CentralTrackingPV,16948.877349067072,18.99392238015637,.,.,30,0.0,0,1,0,0,0.0,SUN,.,.,.,.,.,.,.,other,576493.085425197,17_to_20
Oahu_CentralTrackingPV_PV_17_X_00_15,Oahu,CentralTrackingPV,22698.157949357006,7.2340026084218705,.,.,30,0.0,0,1,0,0,0.0,SUN,.,.,.,.,.,.,.,other,219562.468469386,00_to_15
Oahu_CentralTrackingPV_PV_17_X_15_17,Oahu,CentralTrackingPV,23561.986567338918,0.6685529552870818,.,.,30,0.0,0,1,0,0,0.0,SUN,.,.,.,.,.,.,.,other,20291.5515947481,15_to_17
Oahu_CentralTrackingPV_PV_17_X_17_20,Oahu,CentralTrackingPV,23604.309806825073,1.1131731245799459,.,.,30,0.0,0,1,0,0,0.0,SUN,.,.,.,.,.,.,.,other,33786.418432032,17_to_20
Oahu_CentralTrackingPV_PV_18_B_15_17,Oahu,CentralTrackingPV,14231.283615578246,0.3973876901606678,.,.,30,0.0,0,1,0,0,0.0,SUN,.,.,.,.,.,.,.,B,12061.292608527,15_to_17
Oahu_CentralTrackingPV_PV_18_B_17_20,Oahu,CentralTrackingPV,14218.01833021543,0.23317790083807857,.,.,30,0.0,0,1,0,0,0.0,SUN,.,.,.,.,.,.,.,B,7077.2873983919,17_to_20
Oahu_CentralTrackingPV_PV_18_X_15_17,Oahu,CentralTrackingPV,14088.908758058165,0.2011547624473358,.,.,30,0.0,0,1,0,0,0.0,SUN,.,.,.,.,.,.,.,other,6105.33871468219,15_to_17
Oahu_CentralTrackingPV_PV_18_X_17_20,Oahu,CentralTrackingPV,14086.380644645276,0.6164420139515147,.,.,30,0.0,0,1,0,0,0.0,SUN,.,.,.,.,.,.,.,other,18709.9089643487,17_to_20
Oahu_CIP_CT,Oahu,CIP_CT,0.0,113.0,113.0,.,61,0.0,0,0,0,0,4.085132921882496,multiple,.,1.0,1.0,1.1150442477876106,.,.,.,.,.,.
Oahu_FlatDistPV_Oahu_FlatDistPV_0,Oahu,FlatDistPV,0.0,1222.7494322171303,.,.,30,0.0,0,1,0,0,0.0,SUN,.,.,.,.,.,.,.,.,.,.
Oahu_FlatDistPV_Oahu_FlatDistPV_1,Oahu,FlatDistPV,0.0,79.46663624576775,.,.,30,0.0,0,1,0,0,0.0,SUN,.,.,.,.,.,.,.,.,.,.
Oahu_FlatDistPV_Oahu_FlatDistPV_2,Oahu,FlatDistPV,0.0,348.570195723825,.,.,30,0.0,0,1,0,0,0.0,SUN,.,.,.,.,.,.,.,.,.,.
Oahu_FlatDistPV_Oahu_FlatDistPV_3,Oahu,FlatDistPV,0.0,103.53722343515699,.,.,30,0.0,0,1,0,0,0.0,SUN,.,.,.,.,.,.,.,.,.,.
Oahu_Hawaii_Cogen,Oahu,Hawaii_Cogen,0.0,12.2,12.2,.,63,0.13218616662923877,0,0,1,1,54.75601711314258,multiple,.,0.0,0.0,0.0,.,.,.,.,.,.
Oahu_H-Power,Oahu,H-Power,0.0,73.0,73.0,.,66,0.4136986301369864,0,0,1,1,144.8330705043208,MSW,.,0.0,0.0,.,.,.,.,.,.,.
Oahu_IC_Barge,Oahu,IC_Barge,160844.56981583653,1007.1835199999999,16.786392,.,30,0.02,0,0,0,0,20.960000000000004,multiple,.,.,.,.,.,.,.,.,.,.
Oahu_IC_MCBH,Oahu,IC_MCBH,498334.3991142014,274.91580000000005,9.163860000000001,.,30,0.02,0,0,0,0,20.960000000000004,multiple,.,.,.,.,.,.,.,.,.,.
Oahu_IC_Schofield,Oahu,IC_Schofield,309172.8091728091,48.84,8.14,.,30,0.02,0,0,0,0,20.960000000000004,multiple,.,.,.,.,.,.,.,.,.,.
Oahu_Kahe_1,Oahu,Kahe_1,0.0,82.1,82.1,.,66,0.0,0,0,0,0,9.67232443546386,multiple,.,3.0,6.0,11.364190012180268,.,.,.,.,.,.
Oahu_Kahe_2,Oahu,Kahe_2,0.0,82.1,82.1,.,65,0.0,0,0,0,0,9.67232443546386,multiple,.,3.0,6.0,11.364190012180268,.,.,.,.,.,.
Oahu_Kahe_3,Oahu,Kahe_3,0.0,86.1,86.1,.,67,0.0,0,0,0,0,9.67232443546386,multiple,.,3.0,6.0,10.83623693379791,.,.,.,.,.,.
Oahu_Kahe_4,Oahu,Kahe_4,0.0,85.3,85.3,.,65,0.0,0,0,0,0,9.67232443546386,multiple,.,3.0,6.0,10.93786635404455,.,.,.,.,.,.
Oahu_Kahe_5,Oahu,Kahe_5,0.0,134.3,134.3,.,72,0.0,0,0,0,0,9.67232443546386,multiple,.,3.0,6.0,10.067014147431124,.,.,.,.,.,.
Oahu_Kahe_6,Oahu,Kahe_6,0.0,134.4,134.4,.,65,0.0,0,0,0,0,9.67232443546386,multiple,.,3.0,6.0,20.111607142857142,.,.,.,.,.,.
Oahu_Kalaeloa_CC1,Oahu,Kalaeloa_CC1,0.0,90.0,90.0,.,66,0.0,0,0,0,0,0.744024956574143,multiple,.,3.0,5.0,8.88888888888889,.,.,.,.,.,.
Oahu_Kalaeloa_CC2,Oahu,Kalaeloa_CC2,0.0,90.0,90.0,.,64,0.0,0,0,0,0,0.744024956574143,multiple,.,3.0,5.0,8.88888888888889,.,.,.,.,.,.
Oahu_Kalaeloa_CC3,Oahu,Kalaeloa_CC3,0.0,28.0,28.0,.,64,0.0,0,0,0,0,0.744024956574143,multiple,.,1.0,3.0,0.0,.,.,.,.,.,.
Oahu_OffshoreWind_OffWind,Oahu,OffshoreWind,0.0,2400.0,.,200.0,30,0.0,0,1,0,0,0.0,WND,.,.,.,.,.,.,.,.,.,.
Oahu_OnshoreWind_OnWind_101,Oahu,OnshoreWind,33578.12518262939,20.0,.,.,30,0.0,0,1,0,0,0.0,WND,.,.,.,.,.,.,.,.,.,.
Oahu_OnshoreWind_OnWind_102,Oahu,OnshoreWind,14551.71307555027,305.0,.,.,30,0.0,0,1,0,0,0.0,WND,.,.,.,.,.,.,.,.,.,.
Oahu_OnshoreWind_OnWind_103,Oahu,OnshoreWind,26543.181411064845,100.0,.,.,30,0.0,0,1,0,0,0.0,WND,.,.,.,.,.,.,.,.,.,.
Oahu_OnshoreWind_OnWind_104,Oahu,OnshoreWind,14832.25522903034,27.5,.,.,30,0.0,0,1,0,0,0.0,WND,.,.,.,.,.,.,.,.,.,.
Oahu_OnshoreWind_OnWind_105,Oahu,OnshoreWind,21657.720214158242,17.5,.,.,30,0.0,0,1,0,0,0.0,WND,.,.,.,.,.,.,.,.,.,.
Oahu_OnshoreWind_OnWind_106,Oahu,OnshoreWind,13537.626812611541,60.0,.,.,30,0.0,0,1,0,0,0.0,WND,.,.,.,.,.,.,.,.,.,.
Oahu_OnshoreWind_OnWind_107,Oahu,OnshoreWind,10687.867393218323,20.0,.,.,30,0.0,0,1,0,0,0.0,WND,.,.,.,.,.,.,.,.,.,.
Oahu_OnshoreWind_OnWind_201,Oahu,OnshoreWind,17074.616775728733,37.5,.,.,30,0.0,0,1,0,0,0.0,WND,.,.,.,.,.,.,.,.,.,.
Oahu_OnshoreWind_OnWind_202,Oahu,OnshoreWind,25483.128804283162,220.0,.,.,30,0.0,0,1,0,0,0.0,WND,.,.,.,.,.,.,.,.,.,.
Oahu_OnshoreWind_OnWind_203,Oahu,OnshoreWind,13370.313156454491,50.0,.,.,30,0.0,0,1,0,0,0.0,WND,.,.,.,.,.,.,.,.,.,.
Oahu_OnshoreWind_OnWind_204,Oahu,OnshoreWind,22744.25917906008,15.0,.,.,30,0.0,0,1,0,0,0.0,WND,.,.,.,.,.,.,.,.,.,.
Oahu_OnshoreWind_OnWind_205,Oahu,OnshoreWind,24839.237101725164,20.0,.,.,30,0.0,0,1,0,0,0.0,WND,.,.,.,.,.,.,.,.,.,.
Oahu_OnshoreWind_OnWind_206,Oahu,OnshoreWind,32097.705679952407,10.0,.,.,30,0.0,0,1,0,0,0.0,WND,.,.,.,.,.,.,.,.,.,.
Oahu_OnshoreWind_OnWind_207,Oahu,OnshoreWind,13804.187212373588,120.0,.,.,30,0.0,0,1,0,0,0.0,WND,.,.,.,.,.,.,.,.,.,.
Oahu_OnshoreWind_OnWind_208,Oahu,OnshoreWind,10400.866379535992,82.5,.,.,30,0.0,0,1,0,0,0.0,WND,.,.,.,.,.,.,.,.,.,.
Oahu_OnshoreWind_OnWind_209,Oahu,OnshoreWind,10315.020906603213,2.5,.,.,30,0.0,0,1,0,0,0.0,WND,.,.,.,.,.,.,.,.,.,.
Oahu_OnshoreWind_OnWind_301,Oahu,OnshoreWind,12534.289618084473,120.0,.,.,30,0.0,0,1,0,0,0.0,WND,.,.,.,.,.,.,.,.,.,.
Oahu_OnshoreWind_OnWind_302,Oahu,OnshoreWind,24387.22596549673,52.5,.,.,30,0.0,0,1,0,0,0.0,WND,.,.,.,.,.,.,.,.,.,.
Oahu_OnshoreWind_OnWind_303,Oahu,OnshoreWind,30628.18221534801,15.0,.,.,30,0.0,0,1,0,0,0.0,WND,.,.,.,.,.,.,.,.,.,.
Oahu_OnshoreWind_OnWind_304,Oahu,OnshoreWind,31140.753665675198,57.5,.,.,30,0.0,0,1,0,0,0.0,WND,.,.,.,.,.,.,.,.,.,.
Oahu_OnshoreWind_OnWind_305,Oahu,OnshoreWind,25226.652183224272,170.0,.,.,30,0.0,0,1,0,0,0.0,WND,.,.,.,.,.,.,.,.,.,.
Oahu_OnshoreWind_OnWind_306,Oahu,OnshoreWind,22077.400328375967,27.5,.,.,30,0.0,0,1,0,0,0.0,WND,.,.,.,.,.,.,.,.,.,.
Oahu_OnshoreWind_OnWind_307,Oahu,OnshoreWind,10546.760375966685,75.0,.,.,30,0.0,0,1,0,0,0.0,WND,.,.,.,.,.,.,.,.,.,.
Oahu_OnshoreWind_OnWind_308,Oahu,OnshoreWind,16238.876897085069,32.5,.,.,30,0.0,0,1,0,0,0.0,WND,.,.,.,.,.,.,.,.,.,.
Oahu_OnshoreWind_OnWind_309,Oahu,OnshoreWind,22590.82465199286,2.5,.,.,30,0.0,0,1,0,0,0.0,WND,.,.,.,.,.,.,.,.,.,.
Oahu_OnshoreWind_OnWind_401,Oahu,OnshoreWind,25123.79225698989,212.5,.,.,30,0.0,0,1,0,0,0.0,WND,.,.,.,.,.,.,.,.,.,.
Oahu_OnshoreWind_OnWind_402,Oahu,OnshoreWind,28652.713689470555,52.5,.,.,30,0.0,0,1,0,0,0.0,WND,.,.,.,.,.,.,.,.,.,.
Oahu_OnshoreWind_OnWind_403,Oahu,OnshoreWind,33716.42975371803,47.5,.,.,30,0.0,0,1,0,0,0.0,WND,.,.,.,.,.,.,.,.,.,.
Oahu_OnshoreWind_OnWind_404,Oahu,OnshoreWind,16750.946370017846,50.0,.,.,30,0.0,0,1,0,0,0.0,WND,.,.,.,.,.,.,.,.,.,.
Oahu_OnshoreWind_OnWind_405,Oahu,OnshoreWind,9331.911161451517,45.0,.,.,30,0.0,0,1,0,0,0.0,WND,.,.,.,.,.,.,.,.,.,.
Oahu_OnshoreWind_OnWind_406,Oahu,OnshoreWind,19212.62537061273,42.5,.,.,30,0.0,0,1,0,0,0.0,WND,.,.,.,.,.,.,.,.,.,.
Oahu_OnshoreWind_OnWind_407,Oahu,OnshoreWind,23084.44249851279,12.5,.,.,30,0.0,0,1,0,0,0.0,WND,.,.,.,.,.,.,.,.,.,.
Oahu_OnshoreWind_OnWind_408,Oahu,OnshoreWind,30602.397582391437,15.0,.,.,30,0.0,0,1,0,0,0.0,WND,.,.,.,.,.,.,.,.,.,.
Oahu_OnshoreWind_OnWind_409,Oahu,OnshoreWind,26449.576157049378,50.0,.,.,30,0.0,0,1,0,0,0.0,WND,.,.,.,.,.,.,.,.,.,.
Oahu_OnshoreWind_OnWind_410,Oahu,OnshoreWind,22583.256128494944,2.5,.,.,30,0.0,0,1,0,0,0.0,WND,.,.,.,.,.,.,.,.,.,.
Oahu_OnshoreWind_OnWind_501,Oahu,OnshoreWind,32835.11355621654,242.5,.,.,30,0.0,0,1,0,0,0.0,WND,.,.,.,.,.,.,.,.,.,.
Oahu_OnshoreWind_OnWind_502,Oahu,OnshoreWind,25573.355240928024,42.5,.,.,30,0.0,0,1,0,0,0.0,WND,.,.,.,.,.,.,.,.,.,.
Oahu_OnshoreWind_OnWind_503,Oahu,OnshoreWind,19237.346503271863,117.5,.,.,30,0.0,0,1,0,0,0.0,WND,.,.,.,.,.,.,.,.,.,.
Oahu_OnshoreWind_OnWind_504,Oahu,OnshoreWind,8548.29011969066,20.0,.,.,30,0.0,0,1,0,0,0.0,WND,.,.,.,.,.,.,.,.,.,.
Oahu_OnshoreWind_OnWind_505,Oahu,OnshoreWind,27163.491778703155,42.5,.,.,30,0.0,0,1,0,0,0.0,WND,.,.,.,.,.,.,.,.,.,.
Oahu_OnshoreWind_OnWind_506,Oahu,OnshoreWind,34665.882327186206,7.5,.,.,30,0.0,0,1,0,0,0.0,WND,.,.,.,.,.,.,.,.,.,.
Oahu_OnshoreWind_OnWind_507,Oahu,OnshoreWind,20985.02474241523,10.0,.,.,30,0.0,0,1,0,0,0.0,WND,.,.,.,.,.,.,.,.,.,.
Oahu_OnshoreWind_OnWind_508,Oahu,OnshoreWind,22529.91296609161,2.5,.,.,30,0.0,0,1,0,0,0.0,WND,.,.,.,.,.,.,.,.,.,.
Oahu_OnshoreWind_OnWind_509,Oahu,OnshoreWind,20074.85768947055,2.5,.,.,30,0.0,0,1,0,0,0.0,WND,.,.,.,.,.,.,.,.,.,.
Oahu_OnshoreWind_OnWind_Kahuku,Oahu,OnshoreWind,33330.04280300663,30.0,.,.,30,0.0,0,1,0,0,0.0,WND,.,.,.,.,.,.,.,.,.,.
Oahu_OnshoreWind_OnWind_Kawailoa,Oahu,OnshoreWind,29348.477116648304,69.0,.,.,30,0.0,0,1,0,0,0.0,WND,.,.,.,.,.,.,.,.,.,.
Oahu_SlopedDistPV_Oahu_SlopedDistPV_0,Oahu,SlopedDistPV,0.0,284.05345876211936,.,.,30,0.0,0,1,0,0,0.0,SUN,.,.,.,.,.,.,.,.,.,.
Oahu_SlopedDistPV_Oahu_SlopedDistPV_1,Oahu,SlopedDistPV,0.0,107.8226765022769,.,.,30,0.0,0,1,0,0,0.0,SUN,.,.,.,.,.,.,.,.,.,.
Oahu_SlopedDistPV_Oahu_SlopedDistPV_10,Oahu,SlopedDistPV,0.0,121.05398149918544,.,.,30,0.0,0,1,0,0,0.0,SUN,.,.,.,.,.,.,.,.,.,.
Oahu_SlopedDistPV_Oahu_SlopedDistPV_11,Oahu,SlopedDistPV,0.0,179.97102088730333,.,.,30,0.0,0,1,0,0,0.0,SUN,.,.,.,.,.,.,.,.,.,.
Oahu_SlopedDistPV_Oahu_SlopedDistPV_12,Oahu,SlopedDistPV,0.0,188.60111798880683,.,.,30,0.0,0,1,0,0,0.0,SUN,.,.,.,.,.,.,.,.,.,.
Oahu_SlopedDistPV_Oahu_SlopedDistPV_13,Oahu,SlopedDistPV,0.0,179.43152839535907,.,.,30,0.0,0,1,0,0,0.0,SUN,.,.,.,.,.,.,.,.,.,.
Oahu_SlopedDistPV_Oahu_SlopedDistPV_14,Oahu,SlopedDistPV,0.0,102.51703169744442,.,.,30,0.0,0,1,0,0,0.0,SUN,.,.,.,.,.,.,.,.,.,.
Oahu_SlopedDistPV_Oahu_SlopedDistPV_15,Oahu,SlopedDistPV,0.0,186.00113522054653,.,.,30,0.0,0,1,0,0,0.0,SUN,.,.,.,.,.,.,.,.,.,.
Oahu_SlopedDistPV_Oahu_SlopedDistPV_2,Oahu,SlopedDistPV,0.0,83.74953819252701,.,.,30,0.0,0,1,0,0,0.0,SUN,.,.,.,.,.,.,.,.,.,.
Oahu_SlopedDistPV_Oahu_SlopedDistPV_3,Oahu,SlopedDistPV,0.0,103.85248821333303,.,.,30,0.0,0,1,0,0,0.0,SUN,.,.,.,.,.,.,.,.,.,.
Oahu_SlopedDistPV_Oahu_SlopedDistPV_4,Oahu,SlopedDistPV,0.0,62.23344166298619,.,.,30,0.0,0,1,0,0,0.0,SUN,.,.,.,.,.,.,.,.,.,.
Oahu_SlopedDistPV_Oahu_SlopedDistPV_5,Oahu,SlopedDistPV,0.0,161.18030342963561,.,.,30,0.0,0,1,0,0,0.0,SUN,.,.,.,.,.,.,.,.,.,.
Oahu_SlopedDistPV_Oahu_SlopedDistPV_6,Oahu,SlopedDistPV,0.0,110.90586133721484,.,.,30,0.0,0,1,0,0,0.0,SUN,.,.,.,.,.,.,.,.,.,.
Oahu_SlopedDistPV_Oahu_SlopedDistPV_7,Oahu,SlopedDistPV,0.0,173.22679223864677,.,.,30,0.0,0,1,0,0,0.0,SUN,.,.,.,.,.,.,.,.,.,.
Oahu_SlopedDistPV_Oahu_SlopedDistPV_8,Oahu,SlopedDistPV,0.0,193.15539132590618,.,.,30,0.0,0,1,0,0,0.0,SUN,.,.,.,.,.,.,.,.,.,.
Oahu_SlopedDistPV_Oahu_SlopedDistPV_9,Oahu,SlopedDistPV,0.0,69.79014828617701,.,.,30,0.0,0,1,0,0,0.0,SUN,.,.,.,.,.,.,.,.,.,.
Oahu_Tesoro_Hawaii,Oahu,Tesoro_Hawaii,0.0,20.0,20.0,.,55,0.12397831050228314,0,0,1,1,55.207046055577784,multiple,.,0.0,0.0,0.0,.,.,.,.,.,.
Oahu_Waiau_10,Oahu,Waiau_10,0.0,49.9,49.9,.,82,0.0,0,0,0,0,0.18600623914353576,multiple,.,1.0,1.0,0.6613226452905812,.,.,.,.,.,.
Oahu_Waiau_3,Oahu,Waiau_3,0.0,46.6,46.6,.,77,0.0,0,0,0,0,9.67232443546386,multiple,.,3.0,5.0,7.23175965665236,.,.,.,.,.,.
Oahu_Waiau_4,Oahu,Waiau_4,0.0,46.6,46.6,.,74,0.0,0,0,0,0,9.67232443546386,multiple,.,3.0,5.0,7.23175965665236,.,.,.,.,.,.
Oahu_Waiau_5,Oahu,Waiau_5,0.0,54.5,54.5,.,68,0.0,0,0,0,0,9.67232443546386,multiple,.,3.0,5.0,5.08256880733945,.,.,.,.,.,.
Oahu_Waiau_6,Oahu,Waiau_6,0.0,53.5,53.5,.,66,0.0,0,0,0,0,9.67232443546386,multiple,.,3.0,5.0,5.177570093457944,.,.,.,.,.,.
Oahu_Waiau_7,Oahu,Waiau_7,0.0,82.9,82.9,.,67,0.0,0,0,0,0,9.67232443546386,multiple,.,3.0,6.0,11.254523522316042,.,.,.,.,.,.
Oahu_Waiau_8,Oahu,Waiau_8,0.0,86.1,86.1,.,65,0.0,0,0,0,0,9.67232443546386,multiple,.,3.0,6.0,10.83623693379791,.,.,.,.,.,.
Oahu_Waiau_9,Oahu,Waiau_9,0.0,52.9,52.9,.,82,0.0,0,0,0,0,0.18600623914353576,multiple,.,1.0,1.0,0.6805293005671078,.,.,.,.,.,.
