GENERATION_PROJECT,SPINNING_RESERVE_TYPE
Oahu_AES,contingency
Oahu_AES,regulation
Oahu_Airport_DSG,contingency
Oahu_Airport_DSG,regulation
Oahu_Battery_Bulk,contingency
Oahu_Battery_Bulk,regulation
Oahu_Battery_Conting,contingency
Oahu_Battery_Reg,contingency
Oahu_Battery_Reg,regulation
Oahu_CC_152,contingency
Oahu_CC_152,regulation
Oahu_CentralTrackingPV_PV_01_B_00_15,contingency
Oahu_CentralTrackingPV_PV_01_B_00_15,regulation
Oahu_CentralTrackingPV_PV_01_B_15_17,contingency
Oahu_CentralTrackingPV_PV_01_B_15_17,regulation
Oahu_CentralTrackingPV_PV_01_B_17_20,contingency
Oahu_CentralTrackingPV_PV_01_B_17_20,regulation
Oahu_CentralTrackingPV_PV_01_C_00_15,contingency
Oahu_CentralTrackingPV_PV_01_C_00_15,regulation
Oahu_CentralTrackingPV_PV_01_C_15_17,contingency
Oahu_CentralTrackingPV_PV_01_C_15_17,regulation
Oahu_CentralTrackingPV_PV_01_C_17_20,contingency
Oahu_CentralTrackingPV_PV_01_C_17_20,regulation
Oahu_CentralTrackingPV_PV_01_X_00_15,contingency
Oahu_CentralTrackingPV_PV_01_X_00_15,regulation
Oahu_CentralTrackingPV_PV_01_X_15_17,contingency
Oahu_CentralTrackingPV_PV_01_X_15_17,regulation
Oahu_CentralTrackingPV_PV_01_X_17_20,contingency
Oahu_CentralTrackingPV_PV_01_X_17_20,regulation
Oahu_CentralTrackingPV_PV_02_B_00_15,contingency
Oahu_CentralTrackingPV_PV_02_B_00_15,regulation
Oahu_CentralTrackingPV_PV_02_B_15_17,contingency
Oahu_CentralTrackingPV_PV_02_B_15_17,regulation
Oahu_CentralTrackingPV_PV_02_B_17_20,contingency
Oahu_CentralTrackingPV_PV_02_B_17_20,regulation
Oahu_CentralTrackingPV_PV_02_X_00_15,contingency
Oahu_CentralTrackingPV_PV_02_X_00_15,regulation
Oahu_CentralTrackingPV_PV_02_X_15_17,contingency
Oahu_CentralTrackingPV_PV_02_X_15_17,regulation
Oahu_CentralTrackingPV_PV_02_X_17_20,contingency
Oahu_CentralTrackingPV_PV_02_X_17_20,regulation
Oahu_CentralTrackingPV_PV_03_X_00_15,contingency
Oahu_CentralTrackingPV_PV_03_X_00_15,regulation
Oahu_CentralTrackingPV_PV_03_X_15_17,contingency
Oahu_CentralTrackingPV_PV_03_X_15_17,regulation
Oahu_CentralTrackingPV_PV_03_X_17_20,contingency
Oahu_CentralTrackingPV_PV_03_X_17_20,regulation
Oahu_CentralTrackingPV_PV_04_B_00_15,contingency
Oahu_CentralTrackingPV_PV_04_B_00_15,regulation
Oahu_CentralTrackingPV_PV_04_B_15_17,contingency
Oahu_CentralTrackingPV_PV_04_B_15_17,regulation
Oahu_CentralTrackingPV_PV_04_B_17_20,contingency
Oahu_CentralTrackingPV_PV_04_B_17_20,regulation
Oahu_CentralTrackingPV_PV_04_C_00_15,contingency
Oahu_CentralTrackingPV_PV_04_C_00_15,regulation
Oahu_CentralTrackingPV_PV_04_C_15_17,contingency
Oahu_CentralTrackingPV_PV_04_C_15_17,regulation
Oahu_CentralTrackingPV_PV_04_X_00_15,contingency
Oahu_CentralTrackingPV_PV_04_X_00_15,regulation
Oahu_CentralTrackingPV_PV_04_X_15_17,contingency
Oahu_CentralTrackingPV_PV_04_X_15_17,regulation
Oahu_CentralTrackingPV_PV_04_X_17_20,contingency
Oahu_CentralTrackingPV_PV_04_X_17_20,regulation
Oahu_CentralTrackingPV_PV_05_C_00_15,contingency
Oahu_CentralTrackingPV_PV_05_C_00_15,regulation
Oahu_CentralTrackingPV_PV_05_X_00_15,contingency
Oahu_CentralTrackingPV_PV_05_X_00_15,regulation
Oahu_CentralTrackingPV_PV_06_C_00_15,contingency
Oahu_CentralTrackingPV_PV_06_C_00_15,regulation
Oahu_CentralTrackingPV_PV_06_X_00_15,contingency
Oahu_CentralTrackingPV_PV_06_X_00_15,regulation
Oahu_CentralTrackingPV_PV_06_X_15_17,contingency
Oahu_CentralTrackingPV_PV_06_X_15_17,regulation
Oahu_CentralTrackingPV_PV_06_X_17_20,contingency
Oahu_CentralTrackingPV_PV_06_X_17_20,regulation
Oahu_CentralTrackingPV_PV_07_B_00_15,contingency
Oahu_CentralTrackingPV_PV_07_B_00_15,regulation
Oahu_CentralTrackingPV_PV_07_B_15_17,contingency
Oahu_CentralTrackingPV_PV_07_B_15_17,regulation
Oahu_CentralTrackingPV_PV_07_B_17_20,contingency
Oahu_CentralTrackingPV_PV_07_B_17_20,regulation
Oahu_CentralTrackingPV_PV_07_C_00_15,contingency
Oahu_CentralTrackingPV_PV_07_C_00_15,regulation
Oahu_CentralTrackingPV_PV_07_C_15_17,contingency
Oahu_CentralTrackingPV_PV_07_C_15_17,regulation
Oahu_CentralTrackingPV_PV_07_C_17_20,contingency
Oahu_CentralTrackingPV_PV_07_C_17_20,regulation
Oahu_CentralTrackingPV_PV_07_X_00_15,contingency
Oahu_CentralTrackingPV_PV_07_X_00_15,regulation
Oahu_CentralTrackingPV_PV_07_X_15_17,contingency
Oahu_CentralTrackingPV_PV_07_X_15_17,regulation
Oahu_CentralTrackingPV_PV_07_X_17_20,contingency
Oahu_CentralTrackingPV_PV_07_X_17_20,regulation
Oahu_CentralTrackingPV_PV_08_B_00_15,contingency
Oahu_CentralTrackingPV_PV_08_B_00_15,regulation
Oahu_CentralTrackingPV_PV_08_B_15_17,contingency
Oahu_CentralTrackingPV_PV_08_B_15_17,regulation
Oahu_CentralTrackingPV_PV_08_B_17_20,contingency
Oahu_CentralTrackingPV_PV_08_B_17_20,regulation
Oahu_CentralTrackingPV_PV_08_C_00_15,contingency
Oahu_CentralTrackingPV_PV_08_C_00_15,regulation
Oahu_CentralTrackingPV_PV_08_C_15_17,contingency
Oahu_CentralTrackingPV_PV_08_C_15_17,regulation
Oahu_CentralTrackingPV_PV_08_C_17_20,contingency
Oahu_CentralTrackingPV_PV_08_C_17_20,regulation
Oahu_CentralTrackingPV_PV_08_X_00_15,contingency
Oahu_CentralTrackingPV_PV_08_X_00_15,regulation
Oahu_CentralTrackingPV_PV_08_X_15_17,contingency
Oahu_CentralTrackingPV_PV_08_X_15_17,regulation
Oahu_CentralTrackingPV_PV_08_X_17_20,contingency
Oahu_CentralTrackingPV_PV_08_X_17_20,regulation
Oahu_CentralTrackingPV_PV_09_B_00_15,contingency
Oahu_CentralTrackingPV_PV_09_B_00_15,regulation
Oahu_CentralTrackingPV_PV_09_B_15_17,contingency
Oahu_CentralTrackingPV_PV_09_B_15_17,regulation
Oahu_CentralTrackingPV_PV_09_B_17_20,contingency
Oahu_CentralTrackingPV_PV_09_B_17_20,regulation
Oahu_CentralTrackingPV_PV_09_C_00_15,contingency
Oahu_CentralTrackingPV_PV_09_C_00_15,regulation
Oahu_CentralTrackingPV_PV_09_C_15_17,contingency
Oahu_CentralTrackingPV_PV_09_C_15_17,regulation
Oahu_CentralTrackingPV_PV_09_C_17_20,contingency
Oahu_CentralTrackingPV_PV_09_C_17_20,regulation
Oahu_CentralTrackingPV_PV_09_X_00_15,contingency
Oahu_CentralTrackingPV_PV_09_X_00_15,regulation
Oahu_CentralTrackingPV_PV_09_X_15_17,contingency
Oahu_CentralTrackingPV_PV_09_X_15_17,regulation
Oahu_CentralTrackingPV_PV_09_X_17_20,contingency
Oahu_CentralTrackingPV_PV_09_X_17_20,regulation
Oahu_CentralTrackingPV_PV_10_B_00_15,contingency
Oahu_CentralTrackingPV_PV_10_B_00_15,regulation
Oahu_CentralTrackingPV_PV_10_B_15_17,contingency
Oahu_CentralTrackingPV_PV_10_B_15_17,regulation
Oahu_CentralTrackingPV_PV_10_B_17_20,contingency
Oahu_CentralTrackingPV_PV_10_B_17_20,regulation
Oahu_CentralTrackingPV_PV_10_C_00_15,contingency
Oahu_CentralTrackingPV_PV_10_C_00_15,regulation
Oahu_CentralTrackingPV_PV_10_C_15_17,contingency
Oahu_CentralTrackingPV_PV_10_C_15_17,regulation
Oahu_CentralTrackingPV_PV_10_C_17_20,contingency
Oahu_CentralTrackingPV_PV_10_C_17_20,regulation
Oahu_CentralTrackingPV_PV_10_X_00_15,contingency
Oahu_CentralTrackingPV_PV_10_X_00_15,regulation
Oahu_CentralTrackingPV_PV_10_X_15_17,contingency
Oahu_CentralTrackingPV_PV_10_X_15_17,regulation
Oahu_CentralTrackingPV_PV_10_X_17_20,contingency
Oahu_CentralTrackingPV_PV_10_X_17_20,regulation
Oahu_CentralTrackingPV_PV_11_B_00_15,contingency
Oahu_CentralTrackingPV_PV_11_B_00_15,regulation
Oahu_CentralTrackingPV_PV_11_B_15_17,contingency
Oahu_CentralTrackingPV_PV_11_B_15_17,regulation
Oahu_CentralTrackingPV_PV_11_B_17_20,contingency
Oahu_CentralTrackingPV_PV_11_B_17_20,regulation
Oahu_CentralTrackingPV_PV_11_C_00_15,contingency
Oahu_CentralTrackingPV_PV_11_C_00_15,regulation
Oahu_CentralTrackingPV_PV_11_C_15_17,contingency
Oahu_CentralTrackingPV_PV_11_C_15_17,regulation
Oahu_CentralTrackingPV_PV_11_C_17_20,contingency
Oahu_CentralTrackingPV_PV_11_C_17_20,regulation
Oahu_CentralTrackingPV_PV_11_X_00_15,contingency
Oahu_CentralTrackingPV_PV_11_X_00_15,regulation
Oahu_CentralTrackingPV_PV_11_X_15_17,contingency
Oahu_CentralTrackingPV_PV_11_X_15_17,regulation
Oahu_CentralTrackingPV_PV_11_X_17_20,contingency
Oahu_CentralTrackingPV_PV_11_X_17_20,regulation
Oahu_CentralTrackingPV_PV_12_B_00_15,contingency
Oahu_CentralTrackingPV_PV_12_B_00_15,regulation
Oahu_CentralTrackingPV_PV_12_B_15_17,contingency
Oahu_CentralTrackingPV_PV_12_B_15_17,regulation
Oahu_CentralTrackingPV_PV_12_B_17_20,contingency
Oahu_CentralTrackingPV_PV_12_B_17_20,regulation
Oahu_CentralTrackingPV_PV_12_C_00_15,contingency
Oahu_CentralTrackingPV_PV_12_C_00_15,regulation
Oahu_CentralTrackingPV_PV_12_C_15_17,contingency
Oahu_CentralTrackingPV_PV_12_C_15_17,regulation
Oahu_CentralTrackingPV_PV_12_C_17_20,contingency
Oahu_CentralTrackingPV_PV_12_C_17_20,regulation
Oahu_CentralTrackingPV_PV_12_X_00_15,contingency
Oahu_CentralTrackingPV_PV_12_X_00_15,regulation
Oahu_CentralTrackingPV_PV_12_X_15_17,contingency
Oahu_CentralTrackingPV_PV_12_X_15_17,regulation
Oahu_CentralTrackingPV_PV_12_X_17_20,contingency
Oahu_CentralTrackingPV_PV_12_X_17_20,regulation
Oahu_CentralTrackingPV_PV_13_B_00_15,contingency
Oahu_CentralTrackingPV_PV_13_B_00_15,regulation
Oahu_CentralTrackingPV_PV_13_B_15_17,contingency
Oahu_CentralTrackingPV_PV_13_B_15_17,regulation
Oahu_CentralTrackingPV_PV_13_B_17_20,contingency
Oahu_CentralTrackingPV_PV_13_B_17_20,regulation
Oahu_CentralTrackingPV_PV_13_C_00_15,contingency
Oahu_CentralTrackingPV_PV_13_C_00_15,regulation
Oahu_CentralTrackingPV_PV_13_C_15_17,contingency
Oahu_CentralTrackingPV_PV_13_C_15_17,regulation
Oahu_CentralTrackingPV_PV_13_C_17_20,contingency
Oahu_CentralTrackingPV_PV_13_C_17_20,regulation
Oahu_CentralTrackingPV_PV_13_X_00_15,contingency
Oahu_CentralTrackingPV_PV_13_X_00_15,regulation
Oahu_CentralTrackingPV_PV_13_X_15_17,contingency
Oahu_CentralTrackingPV_PV_13_X_15_17,regulation
Oahu_CentralTrackingPV_PV_13_X_17_20,contingency
Oahu_CentralTrackingPV_PV_13_X_17_20,regulation
Oahu_CentralTrackingPV_PV_14_B_00_15,contingency
Oahu_CentralTrackingPV_PV_14_B_00_15,regulation
Oahu_CentralTrackingPV_PV_14_B_15_17,contingency
Oahu_CentralTrackingPV_PV_14_B_15_17,regulation
Oahu_CentralTrackingPV_PV_14_B_17_20,contingency
Oahu_CentralTrackingPV_PV_14_B_17_20,regulation
Oahu_CentralTrackingPV_PV_14_C_00_15,contingency
Oahu_CentralTrackingPV_PV_14_C_00_15,regulation
Oahu_CentralTrackingPV_PV_14_C_15_17,contingency
Oahu_CentralTrackingPV_PV_14_C_15_17,regulation
Oahu_CentralTrackingPV_PV_14_C_17_20,contingency
Oahu_CentralTrackingPV_PV_14_C_17_20,regulation
Oahu_CentralTrackingPV_PV_14_X_00_15,contingency
Oahu_CentralTrackingPV_PV_14_X_00_15,regulation
Oahu_CentralTrackingPV_PV_14_X_15_17,contingency
Oahu_CentralTrackingPV_PV_14_X_15_17,regulation
Oahu_CentralTrackingPV_PV_14_X_17_20,contingency
Oahu_CentralTrackingPV_PV_14_X_17_20,regulation
Oahu_CentralTrackingPV_PV_15_B_00_15,contingency
Oahu_CentralTrackingPV_PV_15_B_00_15,regulation
Oahu_CentralTrackingPV_PV_15_B_15_17,contingency
Oahu_CentralTrackingPV_PV_15_B_15_17,regulation
Oahu_CentralTrackingPV_PV_15_B_17_20,contingency
Oahu_CentralTrackingPV_PV_15_B_17_20,regulation
Oahu_CentralTrackingPV_PV_15_C_00_15,contingency
Oahu_CentralTrackingPV_PV_15_C_00_15,regulation
Oahu_CentralTrackingPV_PV_15_C_15_17,contingency
Oahu_CentralTrackingPV_PV_15_C_15_17,regulation
Oahu_CentralTrackingPV_PV_15_C_17_20,contingency
Oahu_CentralTrackingPV_PV_15_C_17_20,regulation
Oahu_CentralTrackingPV_PV_15_X_00_15,contingency
Oahu_CentralTrackingPV_PV_15_X_00_15,regulation
Oahu_CentralTrackingPV_PV_15_X_15_17,contingency
Oahu_CentralTrackingPV_PV_15_X_15_17,regulation
Oahu_CentralTrackingPV_PV_15_X_17_20,contingency
Oahu_CentralTrackingPV_PV_15_X_17_20,regulation
Oahu_CentralTrackingPV_PV_16_B_00_15,contingency
Oahu_CentralTrackingPV_PV_16_B_00_15,regulation
Oahu_CentralTrackingPV_PV_16_B_15_17,contingency
Oahu_CentralTrackingPV_PV_16_B_15_17,regulation
Oahu_CentralTrackingPV_PV_16_B_17_20,contingency
Oahu_CentralTrackingPV_PV_16_B_17_20,regulation
Oahu_CentralTrackingPV_PV_16_C_00_15,contingency
Oahu_CentralTrackingPV_PV_16_C_00_15,regulation
Oahu_CentralTrackingPV_PV_16_C_15_17,contingency
Oahu_CentralTrackingPV_PV_16_C_15_17,regulation
Oahu_CentralTrackingPV_PV_16_C_17_20,contingency
Oahu_CentralTrackingPV_PV_16_C_17_20,regulation
Oahu_CentralTrackingPV_PV_16_X_00_15,contingency
Oahu_CentralTrackingPV_PV_16_X_00_15,regulation
Oahu_CentralTrackingPV_PV_16_X_15_17,contingency
Oahu_CentralTrackingPV_PV_16_X_15_17,regulation
Oahu_CentralTrackingPV_PV_16_X_17_20,contingency
Oahu_CentralTrackingPV_PV_16_X_17_20,regulation
Oahu_CentralTrackingPV_PV_17_X_00_15,contingency
Oahu_CentralTrackingPV_PV_17_X_00_15,regulation
Oahu_CentralTrackingPV_PV_17_X_15_17,contingency
Oahu_CentralTrackingPV_PV_17_X_15_17,regulation
Oahu_CentralTrackingPV_PV_17_X_17_20,contingency
Oahu_CentralTrackingPV_PV_17_X_17_20,regulation
Oahu_CentralTrackingPV_PV_18_B_15_17,contingency
Oahu_CentralTrackingPV_PV_18_B_15_17,regulation
Oahu_CentralTrackingPV_PV_18_B_17_20,contingency
Oahu_CentralTrackingPV_PV_18_B_17_20,regulation
Oahu_CentralTrackingPV_PV_18_X_15_17,contingency
Oahu_CentralTrackingPV_PV_18_X_15_17,regulation
Oahu_CentralTrackingPV_PV_18_X_17_20,contingency
Oahu_CentralTrackingPV_PV_18_X_17_20,regulation
Oahu_CIP_CT,contingency
Oahu_CIP_CT,regulation
Oahu_FlatDistPV_Oahu_FlatDistPV_0,contingency
Oahu_FlatDistPV_Oahu_FlatDistPV_0,regulation
Oahu_FlatDistPV_Oahu_FlatDistPV_1,contingency
Oahu_FlatDistPV_Oahu_FlatDistPV_1,regulation
Oahu_FlatDistPV_Oahu_FlatDistPV_2,contingency
Oahu_FlatDistPV_Oahu_FlatDistPV_2,regulation
Oahu_FlatDistPV_Oahu_FlatDistPV_3,contingency
Oahu_FlatDistPV_Oahu_FlatDistPV_3,regulation
Oahu_Hawaii_Cogen,contingency
Oahu_Hawaii_Cogen,regulation
Oahu_H-Power,contingency
Oahu_H-Power,regulation
Oahu_IC_Barge,contingency
Oahu_IC_Barge,regulation
Oahu_IC_MCBH,contingency
Oahu_IC_MCBH,regulation
Oahu_IC_Schofield,contingency
Oahu_IC_Schofield,regulation
Oahu_Kahe_1,contingency
Oahu_Kahe_1,regulation
Oahu_Kahe_2,contingency
Oahu_Kahe_2,regulation
Oahu_Kahe_3,contingency
Oahu_Kahe_3,regulation
Oahu_Kahe_4,contingency
Oahu_Kahe_4,regulation
Oahu_Kahe_5,contingency
Oahu_Kahe_5,regulation
Oahu_Kahe_6,contingency
Oahu_Kahe_6,regulation
Oahu_Kalaeloa_CC1,contingency
Oahu_Kalaeloa_CC1,regulation
Oahu_Kalaeloa_CC2,contingency
Oahu_Kalaeloa_CC2,regulation
Oahu_Kalaeloa_CC3,contingency
Oahu_Kalaeloa_CC3,regulation
Oahu_OffshoreWind_OffWind,contingency
Oahu_OffshoreWind_OffWind,regulation
Oahu_OnshoreWind_OnWind_101,contingency
Oahu_OnshoreWind_OnWind_101,regulation
Oahu_OnshoreWind_OnWind_102,contingency
Oahu_OnshoreWind_OnWind_102,regulation
Oahu_OnshoreWind_OnWind_103,contingency
Oahu_OnshoreWind_OnWind_103,regulation
Oahu_OnshoreWind_OnWind_104,contingency
Oahu_OnshoreWind_OnWind_104,regulation
Oahu_OnshoreWind_OnWind_105,contingency
Oahu_OnshoreWind_OnWind_105,regulation
Oahu_OnshoreWind_OnWind_106,contingency
Oahu_OnshoreWind_OnWind_106,regulation
Oahu_OnshoreWind_OnWind_107,contingency
Oahu_OnshoreWind_OnWind_107,regulation
Oahu_OnshoreWind_OnWind_201,contingency
Oahu_OnshoreWind_OnWind_201,regulation
Oahu_OnshoreWind_OnWind_202,contingency
Oahu_OnshoreWind_OnWind_202,regulation
Oahu_OnshoreWind_OnWind_203,contingency
Oahu_OnshoreWind_OnWind_203,regulation
Oahu_OnshoreWind_OnWind_204,contingency
Oahu_OnshoreWind_OnWind_204,regulation
Oahu_OnshoreWind_OnWind_205,contingency
Oahu_OnshoreWind_OnWind_205,regulation
Oahu_OnshoreWind_OnWind_206,contingency
Oahu_OnshoreWind_OnWind_206,regulation
Oahu_OnshoreWind_OnWind_207,contingency
Oahu_OnshoreWind_OnWind_207,regulation
Oahu_OnshoreWind_OnWind_208,contingency
Oahu_OnshoreWind_OnWind_208,regulation
Oahu_OnshoreWind_OnWind_209,contingency
Oahu_OnshoreWind_OnWind_209,regulation
Oahu_OnshoreWind_OnWind_301,contingency
Oahu_OnshoreWind_OnWind_301,regulation
Oahu_OnshoreWind_OnWind_302,contingency
Oahu_OnshoreWind_OnWind_302,regulation
Oahu_OnshoreWind_OnWind_303,contingency
Oahu_OnshoreWind_OnWind_303,regulation
Oahu_OnshoreWind_OnWind_304,contingency
Oahu_OnshoreWind_OnWind_304,regulation
Oahu_OnshoreWind_OnWind_305,contingency
Oahu_OnshoreWind_OnWind_305,regulation
Oahu_OnshoreWind_OnWind_306,contingency
Oahu_OnshoreWind_OnWind_306,regulation
Oahu_OnshoreWind_OnWind_307,contingency
Oahu_OnshoreWind_OnWind_307,regulation
Oahu_OnshoreWind_OnWind_308,contingency
Oahu_OnshoreWind_OnWind_308,regulation
Oahu_OnshoreWind_OnWind_309,contingency
Oahu_OnshoreWind_OnWind_309,regulation
Oahu_OnshoreWind_OnWind_401,contingency
Oahu_OnshoreWind_OnWind_401,regulation
Oahu_OnshoreWind_OnWind_402,contingency
Oahu_OnshoreWind_OnWind_402,regulation
Oahu_OnshoreWind_OnWind_403,contingency
Oahu_OnshoreWind_OnWind_403,regulation
Oahu_OnshoreWind_OnWind_404,contingency
Oahu_OnshoreWind_OnWind_404,regulation
Oahu_OnshoreWind_OnWind_405,contingency
Oahu_OnshoreWind_OnWind_405,regulation
Oahu_OnshoreWind_OnWind_406,contingency
Oahu_OnshoreWind_OnWind_406,regulation
Oahu_OnshoreWind_OnWind_407,contingency
Oahu_OnshoreWind_OnWind_407,regulation
Oahu_OnshoreWind_OnWind_408,contingency
Oahu_OnshoreWind_OnWind_408,regulation
Oahu_OnshoreWind_OnWind_409,contingency
Oahu_OnshoreWind_OnWind_409,regulation
Oahu_OnshoreWind_OnWind_410,contingency
Oahu_OnshoreWind_OnWind_410,regulation
Oahu_OnshoreWind_OnWind_501,contingency
Oahu_OnshoreWind_OnWind_501,regulation
Oahu_OnshoreWind_OnWind_502,contingency
Oahu_OnshoreWind_OnWind_502,regulation
Oahu_OnshoreWind_OnWind_503,contingency
Oahu_OnshoreWind_OnWind_503,regulation
Oahu_OnshoreWind_OnWind_504,contingency
Oahu_OnshoreWind_OnWind_504,regulation
Oahu_OnshoreWind_OnWind_505,contingency
Oahu_OnshoreWind_OnWind_505,regulation
Oahu_OnshoreWind_OnWind_506,contingency
Oahu_OnshoreWind_OnWind_506,regulation
Oahu_OnshoreWind_OnWind_507,contingency
Oahu_OnshoreWind_OnWind_507,regulation
Oahu_OnshoreWind_OnWind_508,contingency
Oahu_OnshoreWind_OnWind_508,regulation
Oahu_OnshoreWind_OnWind_509,contingency
Oahu_OnshoreWind_OnWind_509,regulation
Oahu_OnshoreWind_OnWind_Kahuku,contingency
Oahu_OnshoreWind_OnWind_Kahuku,regulation
Oahu_OnshoreWind_OnWind_Kawailoa,contingency
Oahu_OnshoreWind_OnWind_Kawailoa,regulation
Oahu_SlopedDistPV_Oahu_SlopedDistPV_0,contingency
Oahu_SlopedDistPV_Oahu_SlopedDistPV_0,regulation
Oahu_SlopedDistPV_Oahu_SlopedDistPV_1,contingency
Oahu_SlopedDistPV_Oahu_SlopedDistPV_1,regulation
Oahu_SlopedDistPV_Oahu_SlopedDistPV_10,contingency
Oahu_SlopedDistPV_Oahu_SlopedDistPV_10,regulation
Oahu_SlopedDistPV_Oahu_SlopedDistPV_11,contingency
Oahu_SlopedDistPV_Oahu_SlopedDistPV_11,regulation
Oahu_SlopedDistPV_Oahu_SlopedDistPV_12,contingency
Oahu_SlopedDistPV_Oahu_SlopedDistPV_12,regulation
Oahu_SlopedDistPV_Oahu_SlopedDistPV_13,contingency
Oahu_SlopedDistPV_Oahu_SlopedDistPV_13,regulation
Oahu_SlopedDistPV_Oahu_SlopedDistPV_14,contingency
Oahu_SlopedDistPV_Oahu_SlopedDistPV_14,regulation
Oahu_SlopedDistPV_Oahu_SlopedDistPV_15,contingency
Oahu_SlopedDistPV_Oahu_SlopedDistPV_15,regulation
Oahu_SlopedDistPV_Oahu_SlopedDistPV_2,contingency
Oahu_SlopedDistPV_Oahu_SlopedDistPV_2,regulation
Oahu_SlopedDistPV_Oahu_SlopedDistPV_3,contingency
Oahu_SlopedDistPV_Oahu_SlopedDistPV_3,regulation
Oahu_SlopedDistPV_Oahu_SlopedDistPV_4,contingency
Oahu_SlopedDistPV_Oahu_SlopedDistPV_4,regulation
Oahu_SlopedDistPV_Oahu_SlopedDistPV_5,contingency
Oahu_SlopedDistPV_Oahu_SlopedDistPV_5,regulation
Oahu_SlopedDistPV_Oahu_SlopedDistPV_6,contingency
Oahu_SlopedDistPV_Oahu_SlopedDistPV_6,regulation
Oahu_SlopedDistPV_Oahu_SlopedDistPV_7,contingency
Oahu_SlopedDistPV_Oahu_SlopedDistPV_7,regulation
Oahu_SlopedDistPV_Oahu_SlopedDistPV_8,contingency
Oahu_SlopedDistPV_Oahu_SlopedDistPV_8,regulation
Oahu_SlopedDistPV_Oahu_SlopedDistPV_9,contingency
Oahu_SlopedDistPV_Oahu_SlopedDistPV_9,regulation
Oahu_Tesoro_Hawaii,contingency
Oahu_Tesoro_Hawaii,regulation
Oahu_Waiau_10,contingency
Oahu_Waiau_10,regulation
Oahu_Waiau_3,contingency
Oahu_Waiau_3,regulation
Oahu_Waiau_4,contingency
Oahu_Waiau_4,regulation
Oahu_Waiau_5,contingency
Oahu_Waiau_5,regulation
Oahu_Waiau_6,contingency
Oahu_Waiau_6,regulation
Oahu_Waiau_7,contingency
Oahu_Waiau_7,regulation
Oahu_Waiau_8,contingency
Oahu_Waiau_8,regulation
Oahu_Waiau_9,contingency
Oahu_Waiau_9,regulation
