GEN_BLD_YRS_1,GEN_BLD_YRS_2,BuildGen
Oahu_AES,1993,180.0
Oahu_Airport_DSG,2013,8.0
Oahu_Battery_Bulk,2020,185.05334331570887
Oahu_Battery_Bulk,2025,0.0
Oahu_Battery_Bulk,2030,164.42389033096939
Oahu_Battery_Bulk,2035,263.2363065148136
Oahu_Battery_Bulk,2040,197.2918721338972
Oahu_Battery_Bulk,2045,931.2634386650859
Oahu_Battery_Conting,2020,0.0
Oahu_Battery_Conting,2025,0.0
Oahu_Battery_Conting,2030,0.0
Oahu_Battery_Conting,2035,0.0
Oahu_Battery_Conting,2040,0.0
Oahu_Battery_Conting,2045,0.0
Oahu_Battery_Reg,2020,34.476281932155
Oahu_Battery_Reg,2025,98.50011325798997
Oahu_Battery_Reg,2030,201.64019130332937
Oahu_Battery_Reg,2035,88.16782202784613
Oahu_Battery_Reg,2040,187.81714736330957
Oahu_Battery_Reg,2045,593.2250155970826
Oahu_CC_152,2020,301.172
Oahu_CC_152,2025,0.0
Oahu_CC_152,2030,0.0
Oahu_CC_152,2035,0.0
Oahu_CC_152,2040,0.0
Oahu_CC_152,2045,0.0
Oahu_CIP_CT,2009,113.0
Oahu_CentralTrackingPV_PV_01_B_00_15,2020,0.0
Oahu_CentralTrackingPV_PV_01_B_00_15,2025,0.0
Oahu_CentralTrackingPV_PV_01_B_00_15,2030,0.0
Oahu_CentralTrackingPV_PV_01_B_00_15,2035,0.0
Oahu_CentralTrackingPV_PV_01_B_00_15,2040,0.0
Oahu_CentralTrackingPV_PV_01_B_00_15,2045,4.142993809823646
Oahu_CentralTrackingPV_PV_01_B_15_17,2020,0.0
Oahu_CentralTrackingPV_PV_01_B_15_17,2025,0.0
Oahu_CentralTrackingPV_PV_01_B_15_17,2030,0.0
Oahu_CentralTrackingPV_PV_01_B_15_17,2035,0.0
Oahu_CentralTrackingPV_PV_01_B_15_17,2040,0.0
Oahu_CentralTrackingPV_PV_01_B_15_17,2045,0.0
Oahu_CentralTrackingPV_PV_01_B_17_20,2020,0.0
Oahu_CentralTrackingPV_PV_01_B_17_20,2025,0.0
Oahu_CentralTrackingPV_PV_01_B_17_20,2030,0.0
Oahu_CentralTrackingPV_PV_01_B_17_20,2035,0.0
Oahu_CentralTrackingPV_PV_01_B_17_20,2040,0.0
Oahu_CentralTrackingPV_PV_01_B_17_20,2045,0.0
Oahu_CentralTrackingPV_PV_01_C_00_15,2020,0.0
Oahu_CentralTrackingPV_PV_01_C_00_15,2025,0.0
Oahu_CentralTrackingPV_PV_01_C_00_15,2030,0.0
Oahu_CentralTrackingPV_PV_01_C_00_15,2035,0.0
Oahu_CentralTrackingPV_PV_01_C_00_15,2040,0.0
Oahu_CentralTrackingPV_PV_01_C_00_15,2045,10.560505961729243
Oahu_CentralTrackingPV_PV_01_C_15_17,2020,0.0
Oahu_CentralTrackingPV_PV_01_C_15_17,2025,0.0
Oahu_CentralTrackingPV_PV_01_C_15_17,2030,0.0
Oahu_CentralTrackingPV_PV_01_C_15_17,2035,0.0
Oahu_CentralTrackingPV_PV_01_C_15_17,2040,0.0
Oahu_CentralTrackingPV_PV_01_C_15_17,2045,0.0
Oahu_CentralTrackingPV_PV_01_C_17_20,2020,0.0
Oahu_CentralTrackingPV_PV_01_C_17_20,2025,0.0
Oahu_CentralTrackingPV_PV_01_C_17_20,2030,0.0
Oahu_CentralTrackingPV_PV_01_C_17_20,2035,0.0
Oahu_CentralTrackingPV_PV_01_C_17_20,2040,0.0
Oahu_CentralTrackingPV_PV_01_C_17_20,2045,0.0
Oahu_CentralTrackingPV_PV_01_X_00_15,2017,27.6
Oahu_CentralTrackingPV_PV_01_X_00_15,2020,0.0
Oahu_CentralTrackingPV_PV_01_X_00_15,2025,0.0
Oahu_CentralTrackingPV_PV_01_X_00_15,2030,0.0
Oahu_CentralTrackingPV_PV_01_X_00_15,2035,0.0
Oahu_CentralTrackingPV_PV_01_X_00_15,2040,0.0
Oahu_CentralTrackingPV_PV_01_X_00_15,2045,198.1524182595965
Oahu_CentralTrackingPV_PV_01_X_15_17,2020,0.0
Oahu_CentralTrackingPV_PV_01_X_15_17,2025,0.0
Oahu_CentralTrackingPV_PV_01_X_15_17,2030,0.0
Oahu_CentralTrackingPV_PV_01_X_15_17,2035,0.0
Oahu_CentralTrackingPV_PV_01_X_15_17,2040,0.0
Oahu_CentralTrackingPV_PV_01_X_15_17,2045,0.0
Oahu_CentralTrackingPV_PV_01_X_17_20,2020,0.0
Oahu_CentralTrackingPV_PV_01_X_17_20,2025,0.0
Oahu_CentralTrackingPV_PV_01_X_17_20,2030,0.0
Oahu_CentralTrackingPV_PV_01_X_17_20,2035,0.0
Oahu_CentralTrackingPV_PV_01_X_17_20,2040,0.0
Oahu_CentralTrackingPV_PV_01_X_17_20,2045,0.0
Oahu_CentralTrackingPV_PV_02_B_00_15,2020,0.0
Oahu_CentralTrackingPV_PV_02_B_00_15,2025,0.0
Oahu_CentralTrackingPV_PV_02_B_00_15,2030,0.0
Oahu_CentralTrackingPV_PV_02_B_00_15,2035,0.0
Oahu_CentralTrackingPV_PV_02_B_00_15,2040,0.0
Oahu_CentralTrackingPV_PV_02_B_00_15,2045,0.0
Oahu_CentralTrackingPV_PV_02_B_15_17,2020,0.0
Oahu_CentralTrackingPV_PV_02_B_15_17,2025,0.0
Oahu_CentralTrackingPV_PV_02_B_15_17,2030,0.0
Oahu_CentralTrackingPV_PV_02_B_15_17,2035,0.0
Oahu_CentralTrackingPV_PV_02_B_15_17,2040,0.0
Oahu_CentralTrackingPV_PV_02_B_15_17,2045,0.0
Oahu_CentralTrackingPV_PV_02_B_17_20,2020,0.0
Oahu_CentralTrackingPV_PV_02_B_17_20,2025,0.0
Oahu_CentralTrackingPV_PV_02_B_17_20,2030,0.0
Oahu_CentralTrackingPV_PV_02_B_17_20,2035,0.0
Oahu_CentralTrackingPV_PV_02_B_17_20,2040,0.0
Oahu_CentralTrackingPV_PV_02_B_17_20,2045,0.0
Oahu_CentralTrackingPV_PV_02_X_00_15,2017,5.0
Oahu_CentralTrackingPV_PV_02_X_00_15,2020,5.0
Oahu_CentralTrackingPV_PV_02_X_00_15,2025,0.0
Oahu_CentralTrackingPV_PV_02_X_00_15,2030,0.0
Oahu_CentralTrackingPV_PV_02_X_00_15,2035,0.0
Oahu_CentralTrackingPV_PV_02_X_00_15,2040,0.0
Oahu_CentralTrackingPV_PV_02_X_00_15,2045,0.0
Oahu_CentralTrackingPV_PV_02_X_15_17,2020,0.0
Oahu_CentralTrackingPV_PV_02_X_15_17,2025,0.0
Oahu_CentralTrackingPV_PV_02_X_15_17,2030,0.0
Oahu_CentralTrackingPV_PV_02_X_15_17,2035,0.0
Oahu_CentralTrackingPV_PV_02_X_15_17,2040,0.0
Oahu_CentralTrackingPV_PV_02_X_15_17,2045,0.0
Oahu_CentralTrackingPV_PV_02_X_17_20,2020,0.0
Oahu_CentralTrackingPV_PV_02_X_17_20,2025,0.0
Oahu_CentralTrackingPV_PV_02_X_17_20,2030,0.0
Oahu_CentralTrackingPV_PV_02_X_17_20,2035,0.0
Oahu_CentralTrackingPV_PV_02_X_17_20,2040,0.0
Oahu_CentralTrackingPV_PV_02_X_17_20,2045,0.0
Oahu_CentralTrackingPV_PV_03_X_00_15,2020,0.0
Oahu_CentralTrackingPV_PV_03_X_00_15,2025,0.0
Oahu_CentralTrackingPV_PV_03_X_00_15,2030,0.0
Oahu_CentralTrackingPV_PV_03_X_00_15,2035,0.0
Oahu_CentralTrackingPV_PV_03_X_00_15,2040,0.0
Oahu_CentralTrackingPV_PV_03_X_00_15,2045,0.0
Oahu_CentralTrackingPV_PV_03_X_15_17,2020,0.0
Oahu_CentralTrackingPV_PV_03_X_15_17,2025,0.0
Oahu_CentralTrackingPV_PV_03_X_15_17,2030,0.0
Oahu_CentralTrackingPV_PV_03_X_15_17,2035,0.0
Oahu_CentralTrackingPV_PV_03_X_15_17,2040,0.0
Oahu_CentralTrackingPV_PV_03_X_15_17,2045,0.0
Oahu_CentralTrackingPV_PV_03_X_17_20,2020,0.0
Oahu_CentralTrackingPV_PV_03_X_17_20,2025,0.0
Oahu_CentralTrackingPV_PV_03_X_17_20,2030,0.0
Oahu_CentralTrackingPV_PV_03_X_17_20,2035,0.0
Oahu_CentralTrackingPV_PV_03_X_17_20,2040,0.0
Oahu_CentralTrackingPV_PV_03_X_17_20,2045,0.0
Oahu_CentralTrackingPV_PV_04_B_00_15,2014,5.0
Oahu_CentralTrackingPV_PV_04_B_00_15,2020,0.0
Oahu_CentralTrackingPV_PV_04_B_00_15,2025,0.0
Oahu_CentralTrackingPV_PV_04_B_00_15,2030,60.34419687797016
Oahu_CentralTrackingPV_PV_04_B_00_15,2035,0.0
Oahu_CentralTrackingPV_PV_04_B_00_15,2040,0.0
Oahu_CentralTrackingPV_PV_04_B_00_15,2045,5.000000000000213
Oahu_CentralTrackingPV_PV_04_B_15_17,2020,0.0
Oahu_CentralTrackingPV_PV_04_B_15_17,2025,0.0
Oahu_CentralTrackingPV_PV_04_B_15_17,2030,0.8924856211785154
Oahu_CentralTrackingPV_PV_04_B_15_17,2035,0.0
Oahu_CentralTrackingPV_PV_04_B_15_17,2040,0.0
Oahu_CentralTrackingPV_PV_04_B_15_17,2045,0.0
Oahu_CentralTrackingPV_PV_04_B_17_20,2020,0.0
Oahu_CentralTrackingPV_PV_04_B_17_20,2025,0.0
Oahu_CentralTrackingPV_PV_04_B_17_20,2030,0.0
Oahu_CentralTrackingPV_PV_04_B_17_20,2035,0.0
Oahu_CentralTrackingPV_PV_04_B_17_20,2040,0.0
Oahu_CentralTrackingPV_PV_04_B_17_20,2045,1.243054455531165
Oahu_CentralTrackingPV_PV_04_C_00_15,2020,0.0
Oahu_CentralTrackingPV_PV_04_C_00_15,2025,0.0
Oahu_CentralTrackingPV_PV_04_C_00_15,2030,3.8692561426261496
Oahu_CentralTrackingPV_PV_04_C_00_15,2035,0.0
Oahu_CentralTrackingPV_PV_04_C_00_15,2040,0.0
Oahu_CentralTrackingPV_PV_04_C_00_15,2045,0.0
Oahu_CentralTrackingPV_PV_04_C_15_17,2020,0.0
Oahu_CentralTrackingPV_PV_04_C_15_17,2025,0.0
Oahu_CentralTrackingPV_PV_04_C_15_17,2030,0.0
Oahu_CentralTrackingPV_PV_04_C_15_17,2035,0.0
Oahu_CentralTrackingPV_PV_04_C_15_17,2040,0.0
Oahu_CentralTrackingPV_PV_04_C_15_17,2045,0.009742919899828575
Oahu_CentralTrackingPV_PV_04_X_00_15,2020,0.0
Oahu_CentralTrackingPV_PV_04_X_00_15,2025,0.0
Oahu_CentralTrackingPV_PV_04_X_00_15,2030,44.082215433233365
Oahu_CentralTrackingPV_PV_04_X_00_15,2035,0.0
Oahu_CentralTrackingPV_PV_04_X_00_15,2040,0.0
Oahu_CentralTrackingPV_PV_04_X_00_15,2045,0.0
Oahu_CentralTrackingPV_PV_04_X_15_17,2012,6.0
Oahu_CentralTrackingPV_PV_04_X_15_17,2020,0.0
Oahu_CentralTrackingPV_PV_04_X_15_17,2025,0.0
Oahu_CentralTrackingPV_PV_04_X_15_17,2030,1.126030526547357
Oahu_CentralTrackingPV_PV_04_X_15_17,2035,0.0
Oahu_CentralTrackingPV_PV_04_X_15_17,2040,3.4488837835502757
Oahu_CentralTrackingPV_PV_04_X_15_17,2045,8.492128647363188
Oahu_CentralTrackingPV_PV_04_X_17_20,2020,0.0
Oahu_CentralTrackingPV_PV_04_X_17_20,2025,0.0
Oahu_CentralTrackingPV_PV_04_X_17_20,2030,0.0
Oahu_CentralTrackingPV_PV_04_X_17_20,2035,0.0
Oahu_CentralTrackingPV_PV_04_X_17_20,2040,0.0
Oahu_CentralTrackingPV_PV_04_X_17_20,2045,11.327960823808459
Oahu_CentralTrackingPV_PV_05_C_00_15,2020,20.0
Oahu_CentralTrackingPV_PV_05_C_00_15,2025,0.0
Oahu_CentralTrackingPV_PV_05_C_00_15,2030,1.3692307160649975
Oahu_CentralTrackingPV_PV_05_C_00_15,2035,0.0
Oahu_CentralTrackingPV_PV_05_C_00_15,2040,0.0
Oahu_CentralTrackingPV_PV_05_C_00_15,2045,0.0
Oahu_CentralTrackingPV_PV_05_X_00_15,2020,0.0
Oahu_CentralTrackingPV_PV_05_X_00_15,2025,18.293007294583916
Oahu_CentralTrackingPV_PV_05_X_00_15,2030,15.195329469424259
Oahu_CentralTrackingPV_PV_05_X_00_15,2035,0.0
Oahu_CentralTrackingPV_PV_05_X_00_15,2040,0.0
Oahu_CentralTrackingPV_PV_05_X_00_15,2045,0.0
Oahu_CentralTrackingPV_PV_06_C_00_15,2012,1.0
Oahu_CentralTrackingPV_PV_06_C_00_15,2020,0.0
Oahu_CentralTrackingPV_PV_06_C_00_15,2025,0.0
Oahu_CentralTrackingPV_PV_06_C_00_15,2030,0.21074474044295097
Oahu_CentralTrackingPV_PV_06_C_00_15,2035,0.0
Oahu_CentralTrackingPV_PV_06_C_00_15,2040,0.0
Oahu_CentralTrackingPV_PV_06_C_00_15,2045,1.0
Oahu_CentralTrackingPV_PV_06_X_00_15,2020,0.0
Oahu_CentralTrackingPV_PV_06_X_00_15,2025,0.0
Oahu_CentralTrackingPV_PV_06_X_00_15,2030,0.0
Oahu_CentralTrackingPV_PV_06_X_00_15,2035,0.0
Oahu_CentralTrackingPV_PV_06_X_00_15,2040,0.0
Oahu_CentralTrackingPV_PV_06_X_00_15,2045,3.33147937552796
Oahu_CentralTrackingPV_PV_06_X_15_17,2020,0.0
Oahu_CentralTrackingPV_PV_06_X_15_17,2025,0.0
Oahu_CentralTrackingPV_PV_06_X_15_17,2030,0.0
Oahu_CentralTrackingPV_PV_06_X_15_17,2035,0.0
Oahu_CentralTrackingPV_PV_06_X_15_17,2040,0.0
Oahu_CentralTrackingPV_PV_06_X_15_17,2045,0.0
Oahu_CentralTrackingPV_PV_06_X_17_20,2020,0.0
Oahu_CentralTrackingPV_PV_06_X_17_20,2025,0.0
Oahu_CentralTrackingPV_PV_06_X_17_20,2030,0.0
Oahu_CentralTrackingPV_PV_06_X_17_20,2035,0.0
Oahu_CentralTrackingPV_PV_06_X_17_20,2040,0.0
Oahu_CentralTrackingPV_PV_06_X_17_20,2045,0.0
Oahu_CentralTrackingPV_PV_07_B_00_15,2016,6.5
Oahu_CentralTrackingPV_PV_07_B_00_15,2020,0.0
Oahu_CentralTrackingPV_PV_07_B_00_15,2025,0.0
Oahu_CentralTrackingPV_PV_07_B_00_15,2030,0.0
Oahu_CentralTrackingPV_PV_07_B_00_15,2035,0.0
Oahu_CentralTrackingPV_PV_07_B_00_15,2040,0.0
Oahu_CentralTrackingPV_PV_07_B_00_15,2045,97.35303609038944
Oahu_CentralTrackingPV_PV_07_B_15_17,2020,0.0
Oahu_CentralTrackingPV_PV_07_B_15_17,2025,0.0
Oahu_CentralTrackingPV_PV_07_B_15_17,2030,0.0
Oahu_CentralTrackingPV_PV_07_B_15_17,2035,0.0
Oahu_CentralTrackingPV_PV_07_B_15_17,2040,0.0
Oahu_CentralTrackingPV_PV_07_B_15_17,2045,0.0
Oahu_CentralTrackingPV_PV_07_B_17_20,2020,0.0
Oahu_CentralTrackingPV_PV_07_B_17_20,2025,0.0
Oahu_CentralTrackingPV_PV_07_B_17_20,2030,0.0
Oahu_CentralTrackingPV_PV_07_B_17_20,2035,0.0
Oahu_CentralTrackingPV_PV_07_B_17_20,2040,0.0
Oahu_CentralTrackingPV_PV_07_B_17_20,2045,0.0
Oahu_CentralTrackingPV_PV_07_C_00_15,2020,0.0
Oahu_CentralTrackingPV_PV_07_C_00_15,2025,0.0
Oahu_CentralTrackingPV_PV_07_C_00_15,2030,0.0
Oahu_CentralTrackingPV_PV_07_C_00_15,2035,0.0
Oahu_CentralTrackingPV_PV_07_C_00_15,2040,0.0
Oahu_CentralTrackingPV_PV_07_C_00_15,2045,18.812387496874052
Oahu_CentralTrackingPV_PV_07_C_15_17,2020,0.0
Oahu_CentralTrackingPV_PV_07_C_15_17,2025,0.0
Oahu_CentralTrackingPV_PV_07_C_15_17,2030,0.0
Oahu_CentralTrackingPV_PV_07_C_15_17,2035,0.0
Oahu_CentralTrackingPV_PV_07_C_15_17,2040,0.0
Oahu_CentralTrackingPV_PV_07_C_15_17,2045,2.9809354215856456
Oahu_CentralTrackingPV_PV_07_C_17_20,2020,0.0
Oahu_CentralTrackingPV_PV_07_C_17_20,2025,0.0
Oahu_CentralTrackingPV_PV_07_C_17_20,2030,0.0
Oahu_CentralTrackingPV_PV_07_C_17_20,2035,0.0
Oahu_CentralTrackingPV_PV_07_C_17_20,2040,0.0
Oahu_CentralTrackingPV_PV_07_C_17_20,2045,2.437134609468998
Oahu_CentralTrackingPV_PV_07_X_00_15,2020,60.599999999999994
Oahu_CentralTrackingPV_PV_07_X_00_15,2025,0.0
Oahu_CentralTrackingPV_PV_07_X_00_15,2030,0.0
Oahu_CentralTrackingPV_PV_07_X_00_15,2035,0.0
Oahu_CentralTrackingPV_PV_07_X_00_15,2040,0.0
Oahu_CentralTrackingPV_PV_07_X_00_15,2045,123.12833369888762
Oahu_CentralTrackingPV_PV_07_X_15_17,2020,0.0
Oahu_CentralTrackingPV_PV_07_X_15_17,2025,0.0
Oahu_CentralTrackingPV_PV_07_X_15_17,2030,0.0
Oahu_CentralTrackingPV_PV_07_X_15_17,2035,0.0
Oahu_CentralTrackingPV_PV_07_X_15_17,2040,0.0
Oahu_CentralTrackingPV_PV_07_X_15_17,2045,19.33384870050691
Oahu_CentralTrackingPV_PV_07_X_17_20,2020,0.0
Oahu_CentralTrackingPV_PV_07_X_17_20,2025,0.0
Oahu_CentralTrackingPV_PV_07_X_17_20,2030,0.0
Oahu_CentralTrackingPV_PV_07_X_17_20,2035,0.0
Oahu_CentralTrackingPV_PV_07_X_17_20,2040,0.0
Oahu_CentralTrackingPV_PV_07_X_17_20,2045,18.69746156253818
Oahu_CentralTrackingPV_PV_08_B_00_15,2020,0.0
Oahu_CentralTrackingPV_PV_08_B_00_15,2025,0.0
Oahu_CentralTrackingPV_PV_08_B_00_15,2030,0.0
Oahu_CentralTrackingPV_PV_08_B_00_15,2035,0.0
Oahu_CentralTrackingPV_PV_08_B_00_15,2040,0.0
Oahu_CentralTrackingPV_PV_08_B_00_15,2045,0.0
Oahu_CentralTrackingPV_PV_08_B_15_17,2020,0.0
Oahu_CentralTrackingPV_PV_08_B_15_17,2025,0.0
Oahu_CentralTrackingPV_PV_08_B_15_17,2030,0.0
Oahu_CentralTrackingPV_PV_08_B_15_17,2035,0.0
Oahu_CentralTrackingPV_PV_08_B_15_17,2040,0.0
Oahu_CentralTrackingPV_PV_08_B_15_17,2045,0.0
Oahu_CentralTrackingPV_PV_08_B_17_20,2020,0.0
Oahu_CentralTrackingPV_PV_08_B_17_20,2025,0.0
Oahu_CentralTrackingPV_PV_08_B_17_20,2030,0.0
Oahu_CentralTrackingPV_PV_08_B_17_20,2035,0.0
Oahu_CentralTrackingPV_PV_08_B_17_20,2040,0.0
Oahu_CentralTrackingPV_PV_08_B_17_20,2045,0.0
Oahu_CentralTrackingPV_PV_08_C_00_15,2020,0.0
Oahu_CentralTrackingPV_PV_08_C_00_15,2025,0.0
Oahu_CentralTrackingPV_PV_08_C_00_15,2030,0.0
Oahu_CentralTrackingPV_PV_08_C_00_15,2035,0.0
Oahu_CentralTrackingPV_PV_08_C_00_15,2040,0.0
Oahu_CentralTrackingPV_PV_08_C_00_15,2045,0.0
Oahu_CentralTrackingPV_PV_08_C_15_17,2020,0.0
Oahu_CentralTrackingPV_PV_08_C_15_17,2025,0.0
Oahu_CentralTrackingPV_PV_08_C_15_17,2030,0.0
Oahu_CentralTrackingPV_PV_08_C_15_17,2035,0.0
Oahu_CentralTrackingPV_PV_08_C_15_17,2040,0.0
Oahu_CentralTrackingPV_PV_08_C_15_17,2045,0.0
Oahu_CentralTrackingPV_PV_08_C_17_20,2020,0.0
Oahu_CentralTrackingPV_PV_08_C_17_20,2025,0.0
Oahu_CentralTrackingPV_PV_08_C_17_20,2030,0.0
Oahu_CentralTrackingPV_PV_08_C_17_20,2035,0.0
Oahu_CentralTrackingPV_PV_08_C_17_20,2040,0.0
Oahu_CentralTrackingPV_PV_08_C_17_20,2045,0.0
Oahu_CentralTrackingPV_PV_08_X_00_15,2020,0.0
Oahu_CentralTrackingPV_PV_08_X_00_15,2025,0.0
Oahu_CentralTrackingPV_PV_08_X_00_15,2030,0.0
Oahu_CentralTrackingPV_PV_08_X_00_15,2035,0.0
Oahu_CentralTrackingPV_PV_08_X_00_15,2040,0.0
Oahu_CentralTrackingPV_PV_08_X_00_15,2045,0.0
Oahu_CentralTrackingPV_PV_08_X_15_17,2020,0.0
Oahu_CentralTrackingPV_PV_08_X_15_17,2025,0.0
Oahu_CentralTrackingPV_PV_08_X_15_17,2030,0.0
Oahu_CentralTrackingPV_PV_08_X_15_17,2035,0.0
Oahu_CentralTrackingPV_PV_08_X_15_17,2040,0.0
Oahu_CentralTrackingPV_PV_08_X_15_17,2045,0.0
Oahu_CentralTrackingPV_PV_08_X_17_20,2020,0.0
Oahu_CentralTrackingPV_PV_08_X_17_20,2025,0.0
Oahu_CentralTrackingPV_PV_08_X_17_20,2030,0.0
Oahu_CentralTrackingPV_PV_08_X_17_20,2035,0.0
Oahu_CentralTrackingPV_PV_08_X_17_20,2040,0.0
Oahu_CentralTrackingPV_PV_08_X_17_20,2045,0.0
Oahu_CentralTrackingPV_PV_09_B_00_15,2020,0.0
Oahu_CentralTrackingPV_PV_09_B_00_15,2025,0.0
Oahu_CentralTrackingPV_PV_09_B_00_15,2030,0.0
Oahu_CentralTrackingPV_PV_09_B_00_15,2035,0.0
Oahu_CentralTrackingPV_PV_09_B_00_15,2040,0.0
Oahu_CentralTrackingPV_PV_09_B_00_15,2045,0.0
Oahu_CentralTrackingPV_PV_09_B_15_17,2020,0.0
Oahu_CentralTrackingPV_PV_09_B_15_17,2025,0.0
Oahu_CentralTrackingPV_PV_09_B_15_17,2030,0.0
Oahu_CentralTrackingPV_PV_09_B_15_17,2035,0.0
Oahu_CentralTrackingPV_PV_09_B_15_17,2040,0.0
Oahu_CentralTrackingPV_PV_09_B_15_17,2045,0.0
Oahu_CentralTrackingPV_PV_09_B_17_20,2020,0.0
Oahu_CentralTrackingPV_PV_09_B_17_20,2025,0.0
Oahu_CentralTrackingPV_PV_09_B_17_20,2030,0.0
Oahu_CentralTrackingPV_PV_09_B_17_20,2035,0.0
Oahu_CentralTrackingPV_PV_09_B_17_20,2040,0.0
Oahu_CentralTrackingPV_PV_09_B_17_20,2045,0.0
Oahu_CentralTrackingPV_PV_09_C_00_15,2020,0.0
Oahu_CentralTrackingPV_PV_09_C_00_15,2025,0.0
Oahu_CentralTrackingPV_PV_09_C_00_15,2030,0.0
Oahu_CentralTrackingPV_PV_09_C_00_15,2035,0.0
Oahu_CentralTrackingPV_PV_09_C_00_15,2040,0.0
Oahu_CentralTrackingPV_PV_09_C_00_15,2045,0.0
Oahu_CentralTrackingPV_PV_09_C_15_17,2020,0.0
Oahu_CentralTrackingPV_PV_09_C_15_17,2025,0.0
Oahu_CentralTrackingPV_PV_09_C_15_17,2030,0.0
Oahu_CentralTrackingPV_PV_09_C_15_17,2035,0.0
Oahu_CentralTrackingPV_PV_09_C_15_17,2040,0.0
Oahu_CentralTrackingPV_PV_09_C_15_17,2045,0.0
Oahu_CentralTrackingPV_PV_09_C_17_20,2020,0.0
Oahu_CentralTrackingPV_PV_09_C_17_20,2025,0.0
Oahu_CentralTrackingPV_PV_09_C_17_20,2030,0.0
Oahu_CentralTrackingPV_PV_09_C_17_20,2035,0.0
Oahu_CentralTrackingPV_PV_09_C_17_20,2040,0.0
Oahu_CentralTrackingPV_PV_09_C_17_20,2045,0.0
Oahu_CentralTrackingPV_PV_09_X_00_15,2020,0.0
Oahu_CentralTrackingPV_PV_09_X_00_15,2025,0.0
Oahu_CentralTrackingPV_PV_09_X_00_15,2030,0.0
Oahu_CentralTrackingPV_PV_09_X_00_15,2035,0.0
Oahu_CentralTrackingPV_PV_09_X_00_15,2040,0.0
Oahu_CentralTrackingPV_PV_09_X_00_15,2045,106.74096112721827
Oahu_CentralTrackingPV_PV_09_X_15_17,2020,0.0
Oahu_CentralTrackingPV_PV_09_X_15_17,2025,0.0
Oahu_CentralTrackingPV_PV_09_X_15_17,2030,0.0
Oahu_CentralTrackingPV_PV_09_X_15_17,2035,0.0
Oahu_CentralTrackingPV_PV_09_X_15_17,2040,0.0
Oahu_CentralTrackingPV_PV_09_X_15_17,2045,0.0
Oahu_CentralTrackingPV_PV_09_X_17_20,2020,0.0
Oahu_CentralTrackingPV_PV_09_X_17_20,2025,0.0
Oahu_CentralTrackingPV_PV_09_X_17_20,2030,0.0
Oahu_CentralTrackingPV_PV_09_X_17_20,2035,0.0
Oahu_CentralTrackingPV_PV_09_X_17_20,2040,0.0
Oahu_CentralTrackingPV_PV_09_X_17_20,2045,0.0
Oahu_CentralTrackingPV_PV_10_B_00_15,2020,0.0
Oahu_CentralTrackingPV_PV_10_B_00_15,2025,0.0
Oahu_CentralTrackingPV_PV_10_B_00_15,2030,31.807511103147803
Oahu_CentralTrackingPV_PV_10_B_00_15,2035,203.28718115045717
Oahu_CentralTrackingPV_PV_10_B_00_15,2040,200.02407565854384
Oahu_CentralTrackingPV_PV_10_B_00_15,2045,489.1559445556865
Oahu_CentralTrackingPV_PV_10_B_15_17,2020,0.0
Oahu_CentralTrackingPV_PV_10_B_15_17,2025,0.0
Oahu_CentralTrackingPV_PV_10_B_15_17,2030,0.0
Oahu_CentralTrackingPV_PV_10_B_15_17,2035,0.0
Oahu_CentralTrackingPV_PV_10_B_15_17,2040,0.0
Oahu_CentralTrackingPV_PV_10_B_15_17,2045,0.0
Oahu_CentralTrackingPV_PV_10_B_17_20,2020,0.0
Oahu_CentralTrackingPV_PV_10_B_17_20,2025,0.0
Oahu_CentralTrackingPV_PV_10_B_17_20,2030,0.0
Oahu_CentralTrackingPV_PV_10_B_17_20,2035,0.0
Oahu_CentralTrackingPV_PV_10_B_17_20,2040,0.0
Oahu_CentralTrackingPV_PV_10_B_17_20,2045,0.0
Oahu_CentralTrackingPV_PV_10_C_00_15,2020,0.0
Oahu_CentralTrackingPV_PV_10_C_00_15,2025,0.0
Oahu_CentralTrackingPV_PV_10_C_00_15,2030,0.0
Oahu_CentralTrackingPV_PV_10_C_00_15,2035,0.0
Oahu_CentralTrackingPV_PV_10_C_00_15,2040,0.0
Oahu_CentralTrackingPV_PV_10_C_00_15,2045,149.96112538240814
Oahu_CentralTrackingPV_PV_10_C_15_17,2020,0.0
Oahu_CentralTrackingPV_PV_10_C_15_17,2025,0.0
Oahu_CentralTrackingPV_PV_10_C_15_17,2030,0.0
Oahu_CentralTrackingPV_PV_10_C_15_17,2035,0.0
Oahu_CentralTrackingPV_PV_10_C_15_17,2040,0.0
Oahu_CentralTrackingPV_PV_10_C_15_17,2045,0.0
Oahu_CentralTrackingPV_PV_10_C_17_20,2020,0.0
Oahu_CentralTrackingPV_PV_10_C_17_20,2025,0.0
Oahu_CentralTrackingPV_PV_10_C_17_20,2030,0.0
Oahu_CentralTrackingPV_PV_10_C_17_20,2035,0.0
Oahu_CentralTrackingPV_PV_10_C_17_20,2040,0.0
Oahu_CentralTrackingPV_PV_10_C_17_20,2045,0.0
Oahu_CentralTrackingPV_PV_10_X_00_15,2020,0.0
Oahu_CentralTrackingPV_PV_10_X_00_15,2025,0.0
Oahu_CentralTrackingPV_PV_10_X_00_15,2030,0.0
Oahu_CentralTrackingPV_PV_10_X_00_15,2035,0.0
Oahu_CentralTrackingPV_PV_10_X_00_15,2040,0.0
Oahu_CentralTrackingPV_PV_10_X_00_15,2045,121.19786760522072
Oahu_CentralTrackingPV_PV_10_X_15_17,2020,0.0
Oahu_CentralTrackingPV_PV_10_X_15_17,2025,0.0
Oahu_CentralTrackingPV_PV_10_X_15_17,2030,0.0
Oahu_CentralTrackingPV_PV_10_X_15_17,2035,0.0
Oahu_CentralTrackingPV_PV_10_X_15_17,2040,0.0
Oahu_CentralTrackingPV_PV_10_X_15_17,2045,0.0
Oahu_CentralTrackingPV_PV_10_X_17_20,2020,0.0
Oahu_CentralTrackingPV_PV_10_X_17_20,2025,0.0
Oahu_CentralTrackingPV_PV_10_X_17_20,2030,0.0
Oahu_CentralTrackingPV_PV_10_X_17_20,2035,0.0
Oahu_CentralTrackingPV_PV_10_X_17_20,2040,0.0
Oahu_CentralTrackingPV_PV_10_X_17_20,2045,0.0
Oahu_CentralTrackingPV_PV_11_B_00_15,2020,49.0
Oahu_CentralTrackingPV_PV_11_B_00_15,2025,0.0
Oahu_CentralTrackingPV_PV_11_B_00_15,2030,89.09786885293441
Oahu_CentralTrackingPV_PV_11_B_00_15,2035,0.0
Oahu_CentralTrackingPV_PV_11_B_00_15,2040,0.0
Oahu_CentralTrackingPV_PV_11_B_00_15,2045,0.0
Oahu_CentralTrackingPV_PV_11_B_15_17,2020,0.0
Oahu_CentralTrackingPV_PV_11_B_15_17,2025,0.0
Oahu_CentralTrackingPV_PV_11_B_15_17,2030,8.701260376903555
Oahu_CentralTrackingPV_PV_11_B_15_17,2035,0.0
Oahu_CentralTrackingPV_PV_11_B_15_17,2040,0.0
Oahu_CentralTrackingPV_PV_11_B_15_17,2045,0.0
Oahu_CentralTrackingPV_PV_11_B_17_20,2020,0.0
Oahu_CentralTrackingPV_PV_11_B_17_20,2025,0.0
Oahu_CentralTrackingPV_PV_11_B_17_20,2030,0.0
Oahu_CentralTrackingPV_PV_11_B_17_20,2035,0.0
Oahu_CentralTrackingPV_PV_11_B_17_20,2040,0.0
Oahu_CentralTrackingPV_PV_11_B_17_20,2045,5.615467207164911
Oahu_CentralTrackingPV_PV_11_C_00_15,2020,0.0
Oahu_CentralTrackingPV_PV_11_C_00_15,2025,0.0
Oahu_CentralTrackingPV_PV_11_C_00_15,2030,0.0
Oahu_CentralTrackingPV_PV_11_C_00_15,2035,0.0
Oahu_CentralTrackingPV_PV_11_C_00_15,2040,59.76154676136812
Oahu_CentralTrackingPV_PV_11_C_00_15,2045,0.0
Oahu_CentralTrackingPV_PV_11_C_15_17,2020,0.0
Oahu_CentralTrackingPV_PV_11_C_15_17,2025,0.0
Oahu_CentralTrackingPV_PV_11_C_15_17,2030,0.0
Oahu_CentralTrackingPV_PV_11_C_15_17,2035,0.0
Oahu_CentralTrackingPV_PV_11_C_15_17,2040,0.0
Oahu_CentralTrackingPV_PV_11_C_15_17,2045,4.573578492419
Oahu_CentralTrackingPV_PV_11_C_17_20,2020,0.0
Oahu_CentralTrackingPV_PV_11_C_17_20,2025,0.0
Oahu_CentralTrackingPV_PV_11_C_17_20,2030,0.0
Oahu_CentralTrackingPV_PV_11_C_17_20,2035,0.0
Oahu_CentralTrackingPV_PV_11_C_17_20,2040,0.0
Oahu_CentralTrackingPV_PV_11_C_17_20,2045,3.6540253994358727
Oahu_CentralTrackingPV_PV_11_X_00_15,2020,0.0
Oahu_CentralTrackingPV_PV_11_X_00_15,2025,0.0
Oahu_CentralTrackingPV_PV_11_X_00_15,2030,4.736316696290696
Oahu_CentralTrackingPV_PV_11_X_00_15,2035,0.0
Oahu_CentralTrackingPV_PV_11_X_00_15,2040,45.17510637371554
Oahu_CentralTrackingPV_PV_11_X_00_15,2045,71.69538714878502
Oahu_CentralTrackingPV_PV_11_X_15_17,2020,0.0
Oahu_CentralTrackingPV_PV_11_X_15_17,2025,0.0
Oahu_CentralTrackingPV_PV_11_X_15_17,2030,0.0
Oahu_CentralTrackingPV_PV_11_X_15_17,2035,0.0
Oahu_CentralTrackingPV_PV_11_X_15_17,2040,0.0
Oahu_CentralTrackingPV_PV_11_X_15_17,2045,15.460524525603873
Oahu_CentralTrackingPV_PV_11_X_17_20,2020,0.0
Oahu_CentralTrackingPV_PV_11_X_17_20,2025,0.0
Oahu_CentralTrackingPV_PV_11_X_17_20,2030,0.0
Oahu_CentralTrackingPV_PV_11_X_17_20,2035,0.0
Oahu_CentralTrackingPV_PV_11_X_17_20,2040,0.0
Oahu_CentralTrackingPV_PV_11_X_17_20,2045,16.619047518749547
Oahu_CentralTrackingPV_PV_12_B_00_15,2020,0.0
Oahu_CentralTrackingPV_PV_12_B_00_15,2025,0.0
Oahu_CentralTrackingPV_PV_12_B_00_15,2030,53.90182446555638
Oahu_CentralTrackingPV_PV_12_B_00_15,2035,0.0
Oahu_CentralTrackingPV_PV_12_B_00_15,2040,0.0
Oahu_CentralTrackingPV_PV_12_B_00_15,2045,0.0
Oahu_CentralTrackingPV_PV_12_B_15_17,2020,0.0
Oahu_CentralTrackingPV_PV_12_B_15_17,2025,0.0
Oahu_CentralTrackingPV_PV_12_B_15_17,2030,0.0
Oahu_CentralTrackingPV_PV_12_B_15_17,2035,0.0
Oahu_CentralTrackingPV_PV_12_B_15_17,2040,0.0
Oahu_CentralTrackingPV_PV_12_B_15_17,2045,2.2875592773116193
Oahu_CentralTrackingPV_PV_12_B_17_20,2020,0.0
Oahu_CentralTrackingPV_PV_12_B_17_20,2025,0.0
Oahu_CentralTrackingPV_PV_12_B_17_20,2030,0.0
Oahu_CentralTrackingPV_PV_12_B_17_20,2035,0.0
Oahu_CentralTrackingPV_PV_12_B_17_20,2040,0.0
Oahu_CentralTrackingPV_PV_12_B_17_20,2045,1.492353751900998
Oahu_CentralTrackingPV_PV_12_C_00_15,2020,0.0
Oahu_CentralTrackingPV_PV_12_C_00_15,2025,0.0
Oahu_CentralTrackingPV_PV_12_C_00_15,2030,85.78281066607249
Oahu_CentralTrackingPV_PV_12_C_00_15,2035,0.0
Oahu_CentralTrackingPV_PV_12_C_00_15,2040,0.0
Oahu_CentralTrackingPV_PV_12_C_00_15,2045,0.0
Oahu_CentralTrackingPV_PV_12_C_15_17,2020,0.0
Oahu_CentralTrackingPV_PV_12_C_15_17,2025,0.0
Oahu_CentralTrackingPV_PV_12_C_15_17,2030,4.924753229763978
Oahu_CentralTrackingPV_PV_12_C_15_17,2035,0.0
Oahu_CentralTrackingPV_PV_12_C_15_17,2040,7.512641004938773
Oahu_CentralTrackingPV_PV_12_C_15_17,2045,0.0
Oahu_CentralTrackingPV_PV_12_C_17_20,2020,0.0
Oahu_CentralTrackingPV_PV_12_C_17_20,2025,0.0
Oahu_CentralTrackingPV_PV_12_C_17_20,2030,0.0
Oahu_CentralTrackingPV_PV_12_C_17_20,2035,0.0
Oahu_CentralTrackingPV_PV_12_C_17_20,2040,6.785487094314234
Oahu_CentralTrackingPV_PV_12_C_17_20,2045,4.0572455257139035
Oahu_CentralTrackingPV_PV_12_X_00_15,2020,0.0
Oahu_CentralTrackingPV_PV_12_X_00_15,2025,0.0
Oahu_CentralTrackingPV_PV_12_X_00_15,2030,73.34985340288289
Oahu_CentralTrackingPV_PV_12_X_00_15,2035,0.0
Oahu_CentralTrackingPV_PV_12_X_00_15,2040,0.0
Oahu_CentralTrackingPV_PV_12_X_00_15,2045,0.0
Oahu_CentralTrackingPV_PV_12_X_15_17,2020,0.0
Oahu_CentralTrackingPV_PV_12_X_15_17,2025,0.0
Oahu_CentralTrackingPV_PV_12_X_15_17,2030,0.0
Oahu_CentralTrackingPV_PV_12_X_15_17,2035,0.0
Oahu_CentralTrackingPV_PV_12_X_15_17,2040,19.01772463405743
Oahu_CentralTrackingPV_PV_12_X_15_17,2045,0.0
Oahu_CentralTrackingPV_PV_12_X_17_20,2020,0.0
Oahu_CentralTrackingPV_PV_12_X_17_20,2025,0.0
Oahu_CentralTrackingPV_PV_12_X_17_20,2030,0.0
Oahu_CentralTrackingPV_PV_12_X_17_20,2035,0.0
Oahu_CentralTrackingPV_PV_12_X_17_20,2040,0.0
Oahu_CentralTrackingPV_PV_12_X_17_20,2045,21.695037836457377
Oahu_CentralTrackingPV_PV_13_B_00_15,2020,0.0
Oahu_CentralTrackingPV_PV_13_B_00_15,2025,0.0
Oahu_CentralTrackingPV_PV_13_B_00_15,2030,84.29005987001837
Oahu_CentralTrackingPV_PV_13_B_00_15,2035,0.0
Oahu_CentralTrackingPV_PV_13_B_00_15,2040,0.0
Oahu_CentralTrackingPV_PV_13_B_00_15,2045,123.20136937293783
Oahu_CentralTrackingPV_PV_13_B_15_17,2020,0.0
Oahu_CentralTrackingPV_PV_13_B_15_17,2025,0.0
Oahu_CentralTrackingPV_PV_13_B_15_17,2030,0.0
Oahu_CentralTrackingPV_PV_13_B_15_17,2035,0.0
Oahu_CentralTrackingPV_PV_13_B_15_17,2040,0.0
Oahu_CentralTrackingPV_PV_13_B_15_17,2045,12.791326202950946
Oahu_CentralTrackingPV_PV_13_B_17_20,2020,0.0
Oahu_CentralTrackingPV_PV_13_B_17_20,2025,0.0
Oahu_CentralTrackingPV_PV_13_B_17_20,2030,0.0
Oahu_CentralTrackingPV_PV_13_B_17_20,2035,0.0
Oahu_CentralTrackingPV_PV_13_B_17_20,2040,0.0
Oahu_CentralTrackingPV_PV_13_B_17_20,2045,8.923663770749872
Oahu_CentralTrackingPV_PV_13_C_00_15,2020,0.0
Oahu_CentralTrackingPV_PV_13_C_00_15,2025,0.0
Oahu_CentralTrackingPV_PV_13_C_00_15,2030,0.0
Oahu_CentralTrackingPV_PV_13_C_00_15,2035,0.0
Oahu_CentralTrackingPV_PV_13_C_00_15,2040,0.0
Oahu_CentralTrackingPV_PV_13_C_00_15,2045,85.99237683461197
Oahu_CentralTrackingPV_PV_13_C_15_17,2020,0.0
Oahu_CentralTrackingPV_PV_13_C_15_17,2025,0.0
Oahu_CentralTrackingPV_PV_13_C_15_17,2030,0.0
Oahu_CentralTrackingPV_PV_13_C_15_17,2035,0.0
Oahu_CentralTrackingPV_PV_13_C_15_17,2040,0.0
Oahu_CentralTrackingPV_PV_13_C_15_17,2045,0.0
Oahu_CentralTrackingPV_PV_13_C_17_20,2020,0.0
Oahu_CentralTrackingPV_PV_13_C_17_20,2025,0.0
Oahu_CentralTrackingPV_PV_13_C_17_20,2030,0.0
Oahu_CentralTrackingPV_PV_13_C_17_20,2035,0.0
Oahu_CentralTrackingPV_PV_13_C_17_20,2040,0.0
Oahu_CentralTrackingPV_PV_13_C_17_20,2045,0.0
Oahu_CentralTrackingPV_PV_13_X_00_15,2020,0.0
Oahu_CentralTrackingPV_PV_13_X_00_15,2025,0.0
Oahu_CentralTrackingPV_PV_13_X_00_15,2030,148.5180528888419
Oahu_CentralTrackingPV_PV_13_X_00_15,2035,0.0
Oahu_CentralTrackingPV_PV_13_X_00_15,2040,0.0
Oahu_CentralTrackingPV_PV_13_X_00_15,2045,0.0
Oahu_CentralTrackingPV_PV_13_X_15_17,2020,0.0
Oahu_CentralTrackingPV_PV_13_X_15_17,2025,0.0
Oahu_CentralTrackingPV_PV_13_X_15_17,2030,0.0
Oahu_CentralTrackingPV_PV_13_X_15_17,2035,0.0
Oahu_CentralTrackingPV_PV_13_X_15_17,2040,0.0
Oahu_CentralTrackingPV_PV_13_X_15_17,2045,0.0
Oahu_CentralTrackingPV_PV_13_X_17_20,2020,0.0
Oahu_CentralTrackingPV_PV_13_X_17_20,2025,0.0
Oahu_CentralTrackingPV_PV_13_X_17_20,2030,0.0
Oahu_CentralTrackingPV_PV_13_X_17_20,2035,0.0
Oahu_CentralTrackingPV_PV_13_X_17_20,2040,0.0
Oahu_CentralTrackingPV_PV_13_X_17_20,2045,0.0
Oahu_CentralTrackingPV_PV_14_B_00_15,2020,0.0
Oahu_CentralTrackingPV_PV_14_B_00_15,2025,0.0
Oahu_CentralTrackingPV_PV_14_B_00_15,2030,0.0
Oahu_CentralTrackingPV_PV_14_B_00_15,2035,0.0
Oahu_CentralTrackingPV_PV_14_B_00_15,2040,0.0
Oahu_CentralTrackingPV_PV_14_B_00_15,2045,0.0
Oahu_CentralTrackingPV_PV_14_B_15_17,2020,0.0
Oahu_CentralTrackingPV_PV_14_B_15_17,2025,0.0
Oahu_CentralTrackingPV_PV_14_B_15_17,2030,0.0
Oahu_CentralTrackingPV_PV_14_B_15_17,2035,0.0
Oahu_CentralTrackingPV_PV_14_B_15_17,2040,0.0
Oahu_CentralTrackingPV_PV_14_B_15_17,2045,0.0
Oahu_CentralTrackingPV_PV_14_B_17_20,2020,0.0
Oahu_CentralTrackingPV_PV_14_B_17_20,2025,0.0
Oahu_CentralTrackingPV_PV_14_B_17_20,2030,0.0
Oahu_CentralTrackingPV_PV_14_B_17_20,2035,0.0
Oahu_CentralTrackingPV_PV_14_B_17_20,2040,0.0
Oahu_CentralTrackingPV_PV_14_B_17_20,2045,0.0
Oahu_CentralTrackingPV_PV_14_C_00_15,2020,0.0
Oahu_CentralTrackingPV_PV_14_C_00_15,2025,0.0
Oahu_CentralTrackingPV_PV_14_C_00_15,2030,0.0
Oahu_CentralTrackingPV_PV_14_C_00_15,2035,0.0
Oahu_CentralTrackingPV_PV_14_C_00_15,2040,0.0
Oahu_CentralTrackingPV_PV_14_C_00_15,2045,0.0
Oahu_CentralTrackingPV_PV_14_C_15_17,2020,0.0
Oahu_CentralTrackingPV_PV_14_C_15_17,2025,0.0
Oahu_CentralTrackingPV_PV_14_C_15_17,2030,0.0
Oahu_CentralTrackingPV_PV_14_C_15_17,2035,0.0
Oahu_CentralTrackingPV_PV_14_C_15_17,2040,0.0
Oahu_CentralTrackingPV_PV_14_C_15_17,2045,0.0
Oahu_CentralTrackingPV_PV_14_C_17_20,2020,0.0
Oahu_CentralTrackingPV_PV_14_C_17_20,2025,0.0
Oahu_CentralTrackingPV_PV_14_C_17_20,2030,0.0
Oahu_CentralTrackingPV_PV_14_C_17_20,2035,0.0
Oahu_CentralTrackingPV_PV_14_C_17_20,2040,0.0
Oahu_CentralTrackingPV_PV_14_C_17_20,2045,0.0
Oahu_CentralTrackingPV_PV_14_X_00_15,2020,0.0
Oahu_CentralTrackingPV_PV_14_X_00_15,2025,0.0
Oahu_CentralTrackingPV_PV_14_X_00_15,2030,0.0
Oahu_CentralTrackingPV_PV_14_X_00_15,2035,0.0
Oahu_CentralTrackingPV_PV_14_X_00_15,2040,0.0
Oahu_CentralTrackingPV_PV_14_X_00_15,2045,17.610149424810068
Oahu_CentralTrackingPV_PV_14_X_15_17,2020,0.0
Oahu_CentralTrackingPV_PV_14_X_15_17,2025,0.0
Oahu_CentralTrackingPV_PV_14_X_15_17,2030,0.0
Oahu_CentralTrackingPV_PV_14_X_15_17,2035,0.0
Oahu_CentralTrackingPV_PV_14_X_15_17,2040,0.0
Oahu_CentralTrackingPV_PV_14_X_15_17,2045,0.0
Oahu_CentralTrackingPV_PV_14_X_17_20,2020,0.0
Oahu_CentralTrackingPV_PV_14_X_17_20,2025,0.0
Oahu_CentralTrackingPV_PV_14_X_17_20,2030,0.0
Oahu_CentralTrackingPV_PV_14_X_17_20,2035,0.0
Oahu_CentralTrackingPV_PV_14_X_17_20,2040,0.0
Oahu_CentralTrackingPV_PV_14_X_17_20,2045,0.0
Oahu_CentralTrackingPV_PV_15_B_00_15,2020,0.0
Oahu_CentralTrackingPV_PV_15_B_00_15,2025,0.0
Oahu_CentralTrackingPV_PV_15_B_00_15,2030,0.0
Oahu_CentralTrackingPV_PV_15_B_00_15,2035,0.0
Oahu_CentralTrackingPV_PV_15_B_00_15,2040,0.0
Oahu_CentralTrackingPV_PV_15_B_00_15,2045,0.0
Oahu_CentralTrackingPV_PV_15_B_15_17,2020,0.0
Oahu_CentralTrackingPV_PV_15_B_15_17,2025,0.0
Oahu_CentralTrackingPV_PV_15_B_15_17,2030,0.0
Oahu_CentralTrackingPV_PV_15_B_15_17,2035,0.0
Oahu_CentralTrackingPV_PV_15_B_15_17,2040,0.0
Oahu_CentralTrackingPV_PV_15_B_15_17,2045,0.0
Oahu_CentralTrackingPV_PV_15_B_17_20,2020,0.0
Oahu_CentralTrackingPV_PV_15_B_17_20,2025,0.0
Oahu_CentralTrackingPV_PV_15_B_17_20,2030,0.0
Oahu_CentralTrackingPV_PV_15_B_17_20,2035,0.0
Oahu_CentralTrackingPV_PV_15_B_17_20,2040,0.0
Oahu_CentralTrackingPV_PV_15_B_17_20,2045,0.0
Oahu_CentralTrackingPV_PV_15_C_00_15,2020,0.0
Oahu_CentralTrackingPV_PV_15_C_00_15,2025,0.0
Oahu_CentralTrackingPV_PV_15_C_00_15,2030,0.0
Oahu_CentralTrackingPV_PV_15_C_00_15,2035,0.0
Oahu_CentralTrackingPV_PV_15_C_00_15,2040,0.0
Oahu_CentralTrackingPV_PV_15_C_00_15,2045,0.0
Oahu_CentralTrackingPV_PV_15_C_15_17,2020,0.0
Oahu_CentralTrackingPV_PV_15_C_15_17,2025,0.0
Oahu_CentralTrackingPV_PV_15_C_15_17,2030,0.0
Oahu_CentralTrackingPV_PV_15_C_15_17,2035,0.0
Oahu_CentralTrackingPV_PV_15_C_15_17,2040,0.0
Oahu_CentralTrackingPV_PV_15_C_15_17,2045,0.0
Oahu_CentralTrackingPV_PV_15_C_17_20,2020,0.0
Oahu_CentralTrackingPV_PV_15_C_17_20,2025,0.0
Oahu_CentralTrackingPV_PV_15_C_17_20,2030,0.0
Oahu_CentralTrackingPV_PV_15_C_17_20,2035,0.0
Oahu_CentralTrackingPV_PV_15_C_17_20,2040,0.0
Oahu_CentralTrackingPV_PV_15_C_17_20,2045,0.0
Oahu_CentralTrackingPV_PV_15_X_00_15,2020,0.0
Oahu_CentralTrackingPV_PV_15_X_00_15,2025,0.0
Oahu_CentralTrackingPV_PV_15_X_00_15,2030,0.0
Oahu_CentralTrackingPV_PV_15_X_00_15,2035,0.0
Oahu_CentralTrackingPV_PV_15_X_00_15,2040,0.0
Oahu_CentralTrackingPV_PV_15_X_00_15,2045,0.0
Oahu_CentralTrackingPV_PV_15_X_15_17,2020,0.0
Oahu_CentralTrackingPV_PV_15_X_15_17,2025,0.0
Oahu_CentralTrackingPV_PV_15_X_15_17,2030,0.0
Oahu_CentralTrackingPV_PV_15_X_15_17,2035,0.0
Oahu_CentralTrackingPV_PV_15_X_15_17,2040,0.0
Oahu_CentralTrackingPV_PV_15_X_15_17,2045,0.0
Oahu_CentralTrackingPV_PV_15_X_17_20,2020,0.0
Oahu_CentralTrackingPV_PV_15_X_17_20,2025,0.0
Oahu_CentralTrackingPV_PV_15_X_17_20,2030,0.0
Oahu_CentralTrackingPV_PV_15_X_17_20,2035,0.0
Oahu_CentralTrackingPV_PV_15_X_17_20,2040,0.0
Oahu_CentralTrackingPV_PV_15_X_17_20,2045,0.0
Oahu_CentralTrackingPV_PV_16_B_00_15,2020,0.0
Oahu_CentralTrackingPV_PV_16_B_00_15,2025,0.0
Oahu_CentralTrackingPV_PV_16_B_00_15,2030,0.0
Oahu_CentralTrackingPV_PV_16_B_00_15,2035,0.0
Oahu_CentralTrackingPV_PV_16_B_00_15,2040,0.0
Oahu_CentralTrackingPV_PV_16_B_00_15,2045,80.43391811433582
Oahu_CentralTrackingPV_PV_16_B_15_17,2020,0.0
Oahu_CentralTrackingPV_PV_16_B_15_17,2025,0.0
Oahu_CentralTrackingPV_PV_16_B_15_17,2030,0.0
Oahu_CentralTrackingPV_PV_16_B_15_17,2035,0.0
Oahu_CentralTrackingPV_PV_16_B_15_17,2040,0.0
Oahu_CentralTrackingPV_PV_16_B_15_17,2045,0.8866566401743511
Oahu_CentralTrackingPV_PV_16_B_17_20,2020,0.0
Oahu_CentralTrackingPV_PV_16_B_17_20,2025,0.0
Oahu_CentralTrackingPV_PV_16_B_17_20,2030,0.0
Oahu_CentralTrackingPV_PV_16_B_17_20,2035,0.0
Oahu_CentralTrackingPV_PV_16_B_17_20,2040,0.0
Oahu_CentralTrackingPV_PV_16_B_17_20,2045,0.5000681997867048
Oahu_CentralTrackingPV_PV_16_C_00_15,2020,0.0
Oahu_CentralTrackingPV_PV_16_C_00_15,2025,0.0
Oahu_CentralTrackingPV_PV_16_C_00_15,2030,0.0
Oahu_CentralTrackingPV_PV_16_C_00_15,2035,0.0
Oahu_CentralTrackingPV_PV_16_C_00_15,2040,0.0
Oahu_CentralTrackingPV_PV_16_C_00_15,2045,41.402244668250724
Oahu_CentralTrackingPV_PV_16_C_15_17,2020,0.0
Oahu_CentralTrackingPV_PV_16_C_15_17,2025,0.0
Oahu_CentralTrackingPV_PV_16_C_15_17,2030,0.0
Oahu_CentralTrackingPV_PV_16_C_15_17,2035,0.0
Oahu_CentralTrackingPV_PV_16_C_15_17,2040,0.0
Oahu_CentralTrackingPV_PV_16_C_15_17,2045,3.690790056195035
Oahu_CentralTrackingPV_PV_16_C_17_20,2020,0.0
Oahu_CentralTrackingPV_PV_16_C_17_20,2025,0.0
Oahu_CentralTrackingPV_PV_16_C_17_20,2030,0.0
Oahu_CentralTrackingPV_PV_16_C_17_20,2035,0.0
Oahu_CentralTrackingPV_PV_16_C_17_20,2040,0.0
Oahu_CentralTrackingPV_PV_16_C_17_20,2045,3.218615435706515
Oahu_CentralTrackingPV_PV_16_X_00_15,2020,0.0
Oahu_CentralTrackingPV_PV_16_X_00_15,2025,0.0
Oahu_CentralTrackingPV_PV_16_X_00_15,2030,0.0
Oahu_CentralTrackingPV_PV_16_X_00_15,2035,0.0
Oahu_CentralTrackingPV_PV_16_X_00_15,2040,0.0
Oahu_CentralTrackingPV_PV_16_X_00_15,2045,108.31668033857723
Oahu_CentralTrackingPV_PV_16_X_15_17,2020,0.0
Oahu_CentralTrackingPV_PV_16_X_15_17,2025,0.0
Oahu_CentralTrackingPV_PV_16_X_15_17,2030,0.0
Oahu_CentralTrackingPV_PV_16_X_15_17,2035,0.0
Oahu_CentralTrackingPV_PV_16_X_15_17,2040,0.0
Oahu_CentralTrackingPV_PV_16_X_15_17,2045,20.052427677484896
Oahu_CentralTrackingPV_PV_16_X_17_20,2020,0.0
Oahu_CentralTrackingPV_PV_16_X_17_20,2025,0.0
Oahu_CentralTrackingPV_PV_16_X_17_20,2030,0.0
Oahu_CentralTrackingPV_PV_16_X_17_20,2035,0.0
Oahu_CentralTrackingPV_PV_16_X_17_20,2040,0.0
Oahu_CentralTrackingPV_PV_16_X_17_20,2045,18.99392238015637
Oahu_CentralTrackingPV_PV_17_X_00_15,2020,0.0
Oahu_CentralTrackingPV_PV_17_X_00_15,2025,0.0
Oahu_CentralTrackingPV_PV_17_X_00_15,2030,0.0
Oahu_CentralTrackingPV_PV_17_X_00_15,2035,0.0
Oahu_CentralTrackingPV_PV_17_X_00_15,2040,0.0
Oahu_CentralTrackingPV_PV_17_X_00_15,2045,7.2340026084218705
Oahu_CentralTrackingPV_PV_17_X_15_17,2020,0.0
Oahu_CentralTrackingPV_PV_17_X_15_17,2025,0.0
Oahu_CentralTrackingPV_PV_17_X_15_17,2030,0.0
Oahu_CentralTrackingPV_PV_17_X_15_17,2035,0.0
Oahu_CentralTrackingPV_PV_17_X_15_17,2040,0.0
Oahu_CentralTrackingPV_PV_17_X_15_17,2045,0.0
Oahu_CentralTrackingPV_PV_17_X_17_20,2020,0.0
Oahu_CentralTrackingPV_PV_17_X_17_20,2025,0.0
Oahu_CentralTrackingPV_PV_17_X_17_20,2030,0.0
Oahu_CentralTrackingPV_PV_17_X_17_20,2035,0.0
Oahu_CentralTrackingPV_PV_17_X_17_20,2040,0.0
Oahu_CentralTrackingPV_PV_17_X_17_20,2045,0.0
Oahu_CentralTrackingPV_PV_18_B_15_17,2020,0.0
Oahu_CentralTrackingPV_PV_18_B_15_17,2025,0.0
Oahu_CentralTrackingPV_PV_18_B_15_17,2030,0.0
Oahu_CentralTrackingPV_PV_18_B_15_17,2035,0.0
Oahu_CentralTrackingPV_PV_18_B_15_17,2040,0.0
Oahu_CentralTrackingPV_PV_18_B_15_17,2045,0.0
Oahu_CentralTrackingPV_PV_18_B_17_20,2020,0.0
Oahu_CentralTrackingPV_PV_18_B_17_20,2025,0.0
Oahu_CentralTrackingPV_PV_18_B_17_20,2030,0.0
Oahu_CentralTrackingPV_PV_18_B_17_20,2035,0.0
Oahu_CentralTrackingPV_PV_18_B_17_20,2040,0.0
Oahu_CentralTrackingPV_PV_18_B_17_20,2045,0.0
Oahu_CentralTrackingPV_PV_18_X_15_17,2020,0.0
Oahu_CentralTrackingPV_PV_18_X_15_17,2025,0.0
Oahu_CentralTrackingPV_PV_18_X_15_17,2030,0.0
Oahu_CentralTrackingPV_PV_18_X_15_17,2035,0.0
Oahu_CentralTrackingPV_PV_18_X_15_17,2040,0.0
Oahu_CentralTrackingPV_PV_18_X_15_17,2045,0.0
Oahu_CentralTrackingPV_PV_18_X_17_20,2020,0.0
Oahu_CentralTrackingPV_PV_18_X_17_20,2025,0.0
Oahu_CentralTrackingPV_PV_18_X_17_20,2030,0.0
Oahu_CentralTrackingPV_PV_18_X_17_20,2035,0.0
Oahu_CentralTrackingPV_PV_18_X_17_20,2040,0.0
Oahu_CentralTrackingPV_PV_18_X_17_20,2045,0.0
Oahu_FlatDistPV_Oahu_FlatDistPV_0,2013,42.438417282539916
Oahu_FlatDistPV_Oahu_FlatDistPV_0,2014,24.842000360511154
Oahu_FlatDistPV_Oahu_FlatDistPV_0,2015,13.95187975429268
Oahu_FlatDistPV_Oahu_FlatDistPV_0,2016,29.156297341888465
Oahu_FlatDistPV_Oahu_FlatDistPV_0,2017,29.03452283031732
Oahu_FlatDistPV_Oahu_FlatDistPV_0,2018,61.43524108763668
Oahu_FlatDistPV_Oahu_FlatDistPV_0,2019,12.403603821459699
Oahu_FlatDistPV_Oahu_FlatDistPV_0,2020,109.17954780291888
Oahu_FlatDistPV_Oahu_FlatDistPV_0,2025,0.0
Oahu_FlatDistPV_Oahu_FlatDistPV_0,2030,0.0
Oahu_FlatDistPV_Oahu_FlatDistPV_0,2035,0.0
Oahu_FlatDistPV_Oahu_FlatDistPV_0,2040,0.0
Oahu_FlatDistPV_Oahu_FlatDistPV_0,2045,31.795695508394942
Oahu_FlatDistPV_Oahu_FlatDistPV_1,2013,2.758077967717952
Oahu_FlatDistPV_Oahu_FlatDistPV_1,2014,1.6144846640300197
Oahu_FlatDistPV_Oahu_FlatDistPV_1,2015,0.9067343841401091
Oahu_FlatDistPV_Oahu_FlatDistPV_1,2016,1.8948713563825739
Oahu_FlatDistPV_Oahu_FlatDistPV_1,2017,1.8869572158726218
Oahu_FlatDistPV_Oahu_FlatDistPV_1,2018,3.99268388727032
Oahu_FlatDistPV_Oahu_FlatDistPV_1,2019,0.8061117405135881
Oahu_FlatDistPV_Oahu_FlatDistPV_1,2020,7.095592262921858
Oahu_FlatDistPV_Oahu_FlatDistPV_1,2025,0.0
Oahu_FlatDistPV_Oahu_FlatDistPV_1,2030,0.0
Oahu_FlatDistPV_Oahu_FlatDistPV_1,2035,0.0
Oahu_FlatDistPV_Oahu_FlatDistPV_1,2040,0.0
Oahu_FlatDistPV_Oahu_FlatDistPV_1,2045,0.0
Oahu_FlatDistPV_Oahu_FlatDistPV_2,2020,0.0
Oahu_FlatDistPV_Oahu_FlatDistPV_2,2025,0.0
Oahu_FlatDistPV_Oahu_FlatDistPV_2,2030,0.0
Oahu_FlatDistPV_Oahu_FlatDistPV_2,2035,0.0
Oahu_FlatDistPV_Oahu_FlatDistPV_2,2040,0.0
Oahu_FlatDistPV_Oahu_FlatDistPV_2,2045,0.0
Oahu_FlatDistPV_Oahu_FlatDistPV_3,2013,3.59350474974214
Oahu_FlatDistPV_Oahu_FlatDistPV_3,2014,2.1035149754588125
Oahu_FlatDistPV_Oahu_FlatDistPV_3,2015,1.1813858615672042
Oahu_FlatDistPV_Oahu_FlatDistPV_3,2016,2.4688313017289722
Oahu_FlatDistPV_Oahu_FlatDistPV_3,2017,2.4585199538100553
Oahu_FlatDistPV_Oahu_FlatDistPV_3,2018,5.202075025092997
Oahu_FlatDistPV_Oahu_FlatDistPV_3,2019,1.0502844380267038
Oahu_FlatDistPV_Oahu_FlatDistPV_3,2020,9.24485993415933
Oahu_FlatDistPV_Oahu_FlatDistPV_3,2025,0.0
Oahu_FlatDistPV_Oahu_FlatDistPV_3,2030,0.0
Oahu_FlatDistPV_Oahu_FlatDistPV_3,2035,0.0
Oahu_FlatDistPV_Oahu_FlatDistPV_3,2040,0.0
Oahu_FlatDistPV_Oahu_FlatDistPV_3,2045,0.0
Oahu_H-Power,1989,73.0
Oahu_Hawaii_Cogen,1982,12.2
Oahu_IC_Barge,2020,0.0
Oahu_IC_Barge,2025,0.0
Oahu_IC_Barge,2030,0.0
Oahu_IC_Barge,2035,0.0
Oahu_IC_Barge,2040,0.0
Oahu_IC_Barge,2045,0.0
Oahu_IC_MCBH,2020,0.0
Oahu_IC_MCBH,2025,0.0
Oahu_IC_MCBH,2030,0.0
Oahu_IC_MCBH,2035,0.0
Oahu_IC_MCBH,2040,0.0
Oahu_IC_MCBH,2045,0.0
Oahu_IC_Schofield,2018,48.84
Oahu_IC_Schofield,2020,0.0
Oahu_IC_Schofield,2025,0.0
Oahu_IC_Schofield,2030,0.0
Oahu_IC_Schofield,2035,0.0
Oahu_IC_Schofield,2040,0.0
Oahu_IC_Schofield,2045,0.0
Oahu_Kahe_1,1963,82.1
Oahu_Kahe_2,1964,82.1
Oahu_Kahe_3,1970,86.1
Oahu_Kahe_4,1972,85.3
Oahu_Kahe_5,1974,134.3
Oahu_Kahe_6,1981,134.4
Oahu_Kalaeloa_CC1,1989,90.0
Oahu_Kalaeloa_CC2,1991,90.0
Oahu_Kalaeloa_CC3,1991,28.0
Oahu_OffshoreWind_OffWind,2020,0.0
Oahu_OffshoreWind_OffWind,2025,0.0
Oahu_OffshoreWind_OffWind,2030,0.0
Oahu_OffshoreWind_OffWind,2035,0.0
Oahu_OffshoreWind_OffWind,2040,0.0
Oahu_OffshoreWind_OffWind,2045,0.0
Oahu_OnshoreWind_OnWind_101,2020,0.0
Oahu_OnshoreWind_OnWind_101,2025,0.0
Oahu_OnshoreWind_OnWind_101,2030,0.0
Oahu_OnshoreWind_OnWind_101,2035,0.0
Oahu_OnshoreWind_OnWind_101,2040,0.0
Oahu_OnshoreWind_OnWind_101,2045,0.0
Oahu_OnshoreWind_OnWind_102,2020,0.0
Oahu_OnshoreWind_OnWind_102,2025,0.0
Oahu_OnshoreWind_OnWind_102,2030,0.0
Oahu_OnshoreWind_OnWind_102,2035,0.0
Oahu_OnshoreWind_OnWind_102,2040,0.0
Oahu_OnshoreWind_OnWind_102,2045,0.0
Oahu_OnshoreWind_OnWind_103,2020,0.0
Oahu_OnshoreWind_OnWind_103,2025,0.0
Oahu_OnshoreWind_OnWind_103,2030,0.0
Oahu_OnshoreWind_OnWind_103,2035,0.0
Oahu_OnshoreWind_OnWind_103,2040,0.0
Oahu_OnshoreWind_OnWind_103,2045,0.0
Oahu_OnshoreWind_OnWind_104,2020,0.0
Oahu_OnshoreWind_OnWind_104,2025,0.0
Oahu_OnshoreWind_OnWind_104,2030,0.0
Oahu_OnshoreWind_OnWind_104,2035,0.0
Oahu_OnshoreWind_OnWind_104,2040,0.0
Oahu_OnshoreWind_OnWind_104,2045,0.0
Oahu_OnshoreWind_OnWind_105,2020,0.0
Oahu_OnshoreWind_OnWind_105,2025,0.0
Oahu_OnshoreWind_OnWind_105,2030,0.0
Oahu_OnshoreWind_OnWind_105,2035,0.0
Oahu_OnshoreWind_OnWind_105,2040,0.0
Oahu_OnshoreWind_OnWind_105,2045,0.0
Oahu_OnshoreWind_OnWind_106,2020,0.0
Oahu_OnshoreWind_OnWind_106,2025,0.0
Oahu_OnshoreWind_OnWind_106,2030,0.0
Oahu_OnshoreWind_OnWind_106,2035,0.0
Oahu_OnshoreWind_OnWind_106,2040,0.0
Oahu_OnshoreWind_OnWind_106,2045,0.0
Oahu_OnshoreWind_OnWind_107,2020,0.0
Oahu_OnshoreWind_OnWind_107,2025,0.0
Oahu_OnshoreWind_OnWind_107,2030,0.0
Oahu_OnshoreWind_OnWind_107,2035,0.0
Oahu_OnshoreWind_OnWind_107,2040,0.0
Oahu_OnshoreWind_OnWind_107,2045,0.0
Oahu_OnshoreWind_OnWind_201,2020,0.0
Oahu_OnshoreWind_OnWind_201,2025,0.0
Oahu_OnshoreWind_OnWind_201,2030,0.0
Oahu_OnshoreWind_OnWind_201,2035,0.0
Oahu_OnshoreWind_OnWind_201,2040,0.0
Oahu_OnshoreWind_OnWind_201,2045,0.0
Oahu_OnshoreWind_OnWind_202,2020,0.0
Oahu_OnshoreWind_OnWind_202,2025,0.0
Oahu_OnshoreWind_OnWind_202,2030,0.0
Oahu_OnshoreWind_OnWind_202,2035,0.0
Oahu_OnshoreWind_OnWind_202,2040,0.0
Oahu_OnshoreWind_OnWind_202,2045,0.0
Oahu_OnshoreWind_OnWind_203,2020,0.0
Oahu_OnshoreWind_OnWind_203,2025,0.0
Oahu_OnshoreWind_OnWind_203,2030,0.0
Oahu_OnshoreWind_OnWind_203,2035,0.0
Oahu_OnshoreWind_OnWind_203,2040,0.0
Oahu_OnshoreWind_OnWind_203,2045,0.0
Oahu_OnshoreWind_OnWind_204,2020,0.0
Oahu_OnshoreWind_OnWind_204,2025,0.0
Oahu_OnshoreWind_OnWind_204,2030,0.0
Oahu_OnshoreWind_OnWind_204,2035,0.0
Oahu_OnshoreWind_OnWind_204,2040,0.0
Oahu_OnshoreWind_OnWind_204,2045,0.0
Oahu_OnshoreWind_OnWind_205,2020,0.0
Oahu_OnshoreWind_OnWind_205,2025,0.0
Oahu_OnshoreWind_OnWind_205,2030,0.0
Oahu_OnshoreWind_OnWind_205,2035,0.0
Oahu_OnshoreWind_OnWind_205,2040,0.0
Oahu_OnshoreWind_OnWind_205,2045,0.0
Oahu_OnshoreWind_OnWind_206,2020,0.0
Oahu_OnshoreWind_OnWind_206,2025,0.0
Oahu_OnshoreWind_OnWind_206,2030,0.0
Oahu_OnshoreWind_OnWind_206,2035,0.0
Oahu_OnshoreWind_OnWind_206,2040,0.0
Oahu_OnshoreWind_OnWind_206,2045,0.0
Oahu_OnshoreWind_OnWind_207,2020,0.0
Oahu_OnshoreWind_OnWind_207,2025,0.0
Oahu_OnshoreWind_OnWind_207,2030,0.0
Oahu_OnshoreWind_OnWind_207,2035,0.0
Oahu_OnshoreWind_OnWind_207,2040,0.0
Oahu_OnshoreWind_OnWind_207,2045,0.0
Oahu_OnshoreWind_OnWind_208,2020,0.0
Oahu_OnshoreWind_OnWind_208,2025,0.0
Oahu_OnshoreWind_OnWind_208,2030,0.0
Oahu_OnshoreWind_OnWind_208,2035,0.0
Oahu_OnshoreWind_OnWind_208,2040,0.0
Oahu_OnshoreWind_OnWind_208,2045,0.0
Oahu_OnshoreWind_OnWind_209,2020,0.0
Oahu_OnshoreWind_OnWind_209,2025,0.0
Oahu_OnshoreWind_OnWind_209,2030,0.0
Oahu_OnshoreWind_OnWind_209,2035,0.0
Oahu_OnshoreWind_OnWind_209,2040,0.0
Oahu_OnshoreWind_OnWind_209,2045,0.0
Oahu_OnshoreWind_OnWind_301,2020,0.0
Oahu_OnshoreWind_OnWind_301,2025,0.0
Oahu_OnshoreWind_OnWind_301,2030,0.0
Oahu_OnshoreWind_OnWind_301,2035,0.0
Oahu_OnshoreWind_OnWind_301,2040,0.0
Oahu_OnshoreWind_OnWind_301,2045,0.0
Oahu_OnshoreWind_OnWind_302,2020,0.0
Oahu_OnshoreWind_OnWind_302,2025,0.0
Oahu_OnshoreWind_OnWind_302,2030,0.0
Oahu_OnshoreWind_OnWind_302,2035,0.0
Oahu_OnshoreWind_OnWind_302,2040,0.0
Oahu_OnshoreWind_OnWind_302,2045,0.0
Oahu_OnshoreWind_OnWind_303,2020,0.0
Oahu_OnshoreWind_OnWind_303,2025,0.0
Oahu_OnshoreWind_OnWind_303,2030,0.0
Oahu_OnshoreWind_OnWind_303,2035,0.0
Oahu_OnshoreWind_OnWind_303,2040,0.0
Oahu_OnshoreWind_OnWind_303,2045,0.0
Oahu_OnshoreWind_OnWind_304,2020,0.0
Oahu_OnshoreWind_OnWind_304,2025,0.0
Oahu_OnshoreWind_OnWind_304,2030,0.0
Oahu_OnshoreWind_OnWind_304,2035,0.0
Oahu_OnshoreWind_OnWind_304,2040,0.0
Oahu_OnshoreWind_OnWind_304,2045,0.0
Oahu_OnshoreWind_OnWind_305,2020,0.0
Oahu_OnshoreWind_OnWind_305,2025,0.0
Oahu_OnshoreWind_OnWind_305,2030,0.0
Oahu_OnshoreWind_OnWind_305,2035,0.0
Oahu_OnshoreWind_OnWind_305,2040,0.0
Oahu_OnshoreWind_OnWind_305,2045,0.0
Oahu_OnshoreWind_OnWind_306,2020,0.0
Oahu_OnshoreWind_OnWind_306,2025,0.0
Oahu_OnshoreWind_OnWind_306,2030,0.0
Oahu_OnshoreWind_OnWind_306,2035,0.0
Oahu_OnshoreWind_OnWind_306,2040,0.0
Oahu_OnshoreWind_OnWind_306,2045,0.0
Oahu_OnshoreWind_OnWind_307,2020,0.0
Oahu_OnshoreWind_OnWind_307,2025,0.0
Oahu_OnshoreWind_OnWind_307,2030,0.0
Oahu_OnshoreWind_OnWind_307,2035,0.0
Oahu_OnshoreWind_OnWind_307,2040,0.0
Oahu_OnshoreWind_OnWind_307,2045,0.0
Oahu_OnshoreWind_OnWind_308,2020,0.0
Oahu_OnshoreWind_OnWind_308,2025,0.0
Oahu_OnshoreWind_OnWind_308,2030,0.0
Oahu_OnshoreWind_OnWind_308,2035,0.0
Oahu_OnshoreWind_OnWind_308,2040,0.0
Oahu_OnshoreWind_OnWind_308,2045,0.0
Oahu_OnshoreWind_OnWind_309,2020,0.0
Oahu_OnshoreWind_OnWind_309,2025,0.0
Oahu_OnshoreWind_OnWind_309,2030,0.0
Oahu_OnshoreWind_OnWind_309,2035,0.0
Oahu_OnshoreWind_OnWind_309,2040,0.0
Oahu_OnshoreWind_OnWind_309,2045,0.0
Oahu_OnshoreWind_OnWind_401,2020,0.0
Oahu_OnshoreWind_OnWind_401,2025,0.0
Oahu_OnshoreWind_OnWind_401,2030,78.26121995859697
Oahu_OnshoreWind_OnWind_401,2035,129.38116441403943
Oahu_OnshoreWind_OnWind_401,2040,0.0
Oahu_OnshoreWind_OnWind_401,2045,4.857615627363604
Oahu_OnshoreWind_OnWind_402,2020,0.0
Oahu_OnshoreWind_OnWind_402,2025,28.872645163010368
Oahu_OnshoreWind_OnWind_402,2030,23.62735483698963
Oahu_OnshoreWind_OnWind_402,2035,0.0
Oahu_OnshoreWind_OnWind_402,2040,0.0
Oahu_OnshoreWind_OnWind_402,2045,0.0
Oahu_OnshoreWind_OnWind_403,2020,0.0
Oahu_OnshoreWind_OnWind_403,2025,0.0
Oahu_OnshoreWind_OnWind_403,2030,0.0
Oahu_OnshoreWind_OnWind_403,2035,0.0
Oahu_OnshoreWind_OnWind_403,2040,0.0
Oahu_OnshoreWind_OnWind_403,2045,0.0
Oahu_OnshoreWind_OnWind_404,2020,0.0
Oahu_OnshoreWind_OnWind_404,2025,0.0
Oahu_OnshoreWind_OnWind_404,2030,0.0
Oahu_OnshoreWind_OnWind_404,2035,0.0
Oahu_OnshoreWind_OnWind_404,2040,0.0
Oahu_OnshoreWind_OnWind_404,2045,0.0
Oahu_OnshoreWind_OnWind_405,2020,0.0
Oahu_OnshoreWind_OnWind_405,2025,0.0
Oahu_OnshoreWind_OnWind_405,2030,45.0
Oahu_OnshoreWind_OnWind_405,2035,0.0
Oahu_OnshoreWind_OnWind_405,2040,0.0
Oahu_OnshoreWind_OnWind_405,2045,0.0
Oahu_OnshoreWind_OnWind_406,2020,0.0
Oahu_OnshoreWind_OnWind_406,2025,0.0
Oahu_OnshoreWind_OnWind_406,2030,0.0
Oahu_OnshoreWind_OnWind_406,2035,0.0
Oahu_OnshoreWind_OnWind_406,2040,0.0
Oahu_OnshoreWind_OnWind_406,2045,0.0
Oahu_OnshoreWind_OnWind_407,2020,0.0
Oahu_OnshoreWind_OnWind_407,2025,0.0
Oahu_OnshoreWind_OnWind_407,2030,0.0
Oahu_OnshoreWind_OnWind_407,2035,0.0
Oahu_OnshoreWind_OnWind_407,2040,0.0
Oahu_OnshoreWind_OnWind_407,2045,0.0
Oahu_OnshoreWind_OnWind_408,2020,0.0
Oahu_OnshoreWind_OnWind_408,2025,0.0
Oahu_OnshoreWind_OnWind_408,2030,0.0
Oahu_OnshoreWind_OnWind_408,2035,0.0
Oahu_OnshoreWind_OnWind_408,2040,0.0
Oahu_OnshoreWind_OnWind_408,2045,0.0
Oahu_OnshoreWind_OnWind_409,2020,0.0
Oahu_OnshoreWind_OnWind_409,2025,0.0
Oahu_OnshoreWind_OnWind_409,2030,0.0
Oahu_OnshoreWind_OnWind_409,2035,0.0
Oahu_OnshoreWind_OnWind_409,2040,0.0
Oahu_OnshoreWind_OnWind_409,2045,0.0
Oahu_OnshoreWind_OnWind_410,2020,0.0
Oahu_OnshoreWind_OnWind_410,2025,0.0
Oahu_OnshoreWind_OnWind_410,2030,0.0
Oahu_OnshoreWind_OnWind_410,2035,0.0
Oahu_OnshoreWind_OnWind_410,2040,0.0
Oahu_OnshoreWind_OnWind_410,2045,0.0
Oahu_OnshoreWind_OnWind_501,2020,198.0631118031467
Oahu_OnshoreWind_OnWind_501,2025,44.43688819685327
Oahu_OnshoreWind_OnWind_501,2030,0.0
Oahu_OnshoreWind_OnWind_501,2035,0.0
Oahu_OnshoreWind_OnWind_501,2040,0.0
Oahu_OnshoreWind_OnWind_501,2045,0.0
Oahu_OnshoreWind_OnWind_502,2020,0.0
Oahu_OnshoreWind_OnWind_502,2025,42.5
Oahu_OnshoreWind_OnWind_502,2030,0.0
Oahu_OnshoreWind_OnWind_502,2035,0.0
Oahu_OnshoreWind_OnWind_502,2040,0.0
Oahu_OnshoreWind_OnWind_502,2045,0.0
Oahu_OnshoreWind_OnWind_503,2020,79.8092429091732
Oahu_OnshoreWind_OnWind_503,2025,37.69075709082681
Oahu_OnshoreWind_OnWind_503,2030,0.0
Oahu_OnshoreWind_OnWind_503,2035,0.0
Oahu_OnshoreWind_OnWind_503,2040,0.0
Oahu_OnshoreWind_OnWind_503,2045,0.0
Oahu_OnshoreWind_OnWind_504,2020,0.0
Oahu_OnshoreWind_OnWind_504,2025,20.0
Oahu_OnshoreWind_OnWind_504,2030,0.0
Oahu_OnshoreWind_OnWind_504,2035,0.0
Oahu_OnshoreWind_OnWind_504,2040,0.0
Oahu_OnshoreWind_OnWind_504,2045,0.0
Oahu_OnshoreWind_OnWind_505,2020,0.0
Oahu_OnshoreWind_OnWind_505,2025,42.5
Oahu_OnshoreWind_OnWind_505,2030,0.0
Oahu_OnshoreWind_OnWind_505,2035,0.0
Oahu_OnshoreWind_OnWind_505,2040,0.0
Oahu_OnshoreWind_OnWind_505,2045,0.0
Oahu_OnshoreWind_OnWind_506,2020,0.0
Oahu_OnshoreWind_OnWind_506,2025,7.5
Oahu_OnshoreWind_OnWind_506,2030,0.0
Oahu_OnshoreWind_OnWind_506,2035,0.0
Oahu_OnshoreWind_OnWind_506,2040,0.0
Oahu_OnshoreWind_OnWind_506,2045,0.0
Oahu_OnshoreWind_OnWind_507,2020,0.0
Oahu_OnshoreWind_OnWind_507,2025,10.0
Oahu_OnshoreWind_OnWind_507,2030,0.0
Oahu_OnshoreWind_OnWind_507,2035,0.0
Oahu_OnshoreWind_OnWind_507,2040,0.0
Oahu_OnshoreWind_OnWind_507,2045,0.0
Oahu_OnshoreWind_OnWind_508,2020,0.0
Oahu_OnshoreWind_OnWind_508,2025,2.5
Oahu_OnshoreWind_OnWind_508,2030,0.0
Oahu_OnshoreWind_OnWind_508,2035,0.0
Oahu_OnshoreWind_OnWind_508,2040,0.0
Oahu_OnshoreWind_OnWind_508,2045,0.0
Oahu_OnshoreWind_OnWind_509,2020,0.0
Oahu_OnshoreWind_OnWind_509,2025,0.0
Oahu_OnshoreWind_OnWind_509,2030,2.5
Oahu_OnshoreWind_OnWind_509,2035,0.0
Oahu_OnshoreWind_OnWind_509,2040,0.0
Oahu_OnshoreWind_OnWind_509,2045,0.0
Oahu_OnshoreWind_OnWind_Kahuku,2011,30.0
Oahu_OnshoreWind_OnWind_Kahuku,2020,0.0
Oahu_OnshoreWind_OnWind_Kahuku,2025,0.0
Oahu_OnshoreWind_OnWind_Kahuku,2030,0.0
Oahu_OnshoreWind_OnWind_Kahuku,2035,0.0
Oahu_OnshoreWind_OnWind_Kahuku,2040,0.0
Oahu_OnshoreWind_OnWind_Kahuku,2045,0.0
Oahu_OnshoreWind_OnWind_Kawailoa,2012,69.0
Oahu_OnshoreWind_OnWind_Kawailoa,2020,0.0
Oahu_OnshoreWind_OnWind_Kawailoa,2025,0.0
Oahu_OnshoreWind_OnWind_Kawailoa,2030,0.0
Oahu_OnshoreWind_OnWind_Kawailoa,2035,0.0
Oahu_OnshoreWind_OnWind_Kawailoa,2040,0.0
Oahu_OnshoreWind_OnWind_Kawailoa,2045,0.0
Oahu_SlopedDistPV_Oahu_SlopedDistPV_0,2013,16.7721489794237
Oahu_SlopedDistPV_Oahu_SlopedDistPV_0,2014,17.543749053537628
Oahu_SlopedDistPV_Oahu_SlopedDistPV_0,2015,10.979176286772732
Oahu_SlopedDistPV_Oahu_SlopedDistPV_0,2016,6.325687294902997
Oahu_SlopedDistPV_Oahu_SlopedDistPV_0,2017,8.270215035858833
Oahu_SlopedDistPV_Oahu_SlopedDistPV_0,2018,4.866097061826824
Oahu_SlopedDistPV_Oahu_SlopedDistPV_0,2019,3.9989427989681237
Oahu_SlopedDistPV_Oahu_SlopedDistPV_0,2020,3.6979471044221506
Oahu_SlopedDistPV_Oahu_SlopedDistPV_0,2025,0.0
Oahu_SlopedDistPV_Oahu_SlopedDistPV_0,2030,0.0
Oahu_SlopedDistPV_Oahu_SlopedDistPV_0,2035,0.0
Oahu_SlopedDistPV_Oahu_SlopedDistPV_0,2040,0.0
Oahu_SlopedDistPV_Oahu_SlopedDistPV_0,2045,0.0
Oahu_SlopedDistPV_Oahu_SlopedDistPV_1,2020,0.0
Oahu_SlopedDistPV_Oahu_SlopedDistPV_1,2025,0.0
Oahu_SlopedDistPV_Oahu_SlopedDistPV_1,2030,0.0
Oahu_SlopedDistPV_Oahu_SlopedDistPV_1,2035,0.0
Oahu_SlopedDistPV_Oahu_SlopedDistPV_1,2040,0.0
Oahu_SlopedDistPV_Oahu_SlopedDistPV_1,2045,0.0
Oahu_SlopedDistPV_Oahu_SlopedDistPV_10,2013,7.147722900839745
Oahu_SlopedDistPV_Oahu_SlopedDistPV_10,2014,7.476552767948596
Oahu_SlopedDistPV_Oahu_SlopedDistPV_10,2015,4.678953774712929
Oahu_SlopedDistPV_Oahu_SlopedDistPV_10,2016,2.6957940808180654
Oahu_SlopedDistPV_Oahu_SlopedDistPV_10,2017,3.5244860678973366
Oahu_SlopedDistPV_Oahu_SlopedDistPV_10,2018,2.0737660659465296
Oahu_SlopedDistPV_Oahu_SlopedDistPV_10,2019,1.704214233870631
Oahu_SlopedDistPV_Oahu_SlopedDistPV_10,2020,1.5759400442244607
Oahu_SlopedDistPV_Oahu_SlopedDistPV_10,2025,0.0
Oahu_SlopedDistPV_Oahu_SlopedDistPV_10,2030,0.0
Oahu_SlopedDistPV_Oahu_SlopedDistPV_10,2035,0.0
Oahu_SlopedDistPV_Oahu_SlopedDistPV_10,2040,0.0
Oahu_SlopedDistPV_Oahu_SlopedDistPV_10,2045,0.0
Oahu_SlopedDistPV_Oahu_SlopedDistPV_11,2020,0.0
Oahu_SlopedDistPV_Oahu_SlopedDistPV_11,2025,0.0
Oahu_SlopedDistPV_Oahu_SlopedDistPV_11,2030,0.0
Oahu_SlopedDistPV_Oahu_SlopedDistPV_11,2035,0.0
Oahu_SlopedDistPV_Oahu_SlopedDistPV_11,2040,0.0
Oahu_SlopedDistPV_Oahu_SlopedDistPV_11,2045,0.0
Oahu_SlopedDistPV_Oahu_SlopedDistPV_12,2013,11.136094108409349
Oahu_SlopedDistPV_Oahu_SlopedDistPV_12,2014,11.648408365212687
Oahu_SlopedDistPV_Oahu_SlopedDistPV_12,2015,7.289771901758921
Oahu_SlopedDistPV_Oahu_SlopedDistPV_12,2016,4.200025238437252
Oahu_SlopedDistPV_Oahu_SlopedDistPV_12,2017,5.491120610071667
Oahu_SlopedDistPV_Oahu_SlopedDistPV_12,2018,3.230910653586367
Oahu_SlopedDistPV_Oahu_SlopedDistPV_12,2019,2.6551519067764136
Oahu_SlopedDistPV_Oahu_SlopedDistPV_12,2020,2.4553017632556178
Oahu_SlopedDistPV_Oahu_SlopedDistPV_12,2025,0.0
Oahu_SlopedDistPV_Oahu_SlopedDistPV_12,2030,0.0
Oahu_SlopedDistPV_Oahu_SlopedDistPV_12,2035,0.0
Oahu_SlopedDistPV_Oahu_SlopedDistPV_12,2040,0.0
Oahu_SlopedDistPV_Oahu_SlopedDistPV_12,2045,0.0
Oahu_SlopedDistPV_Oahu_SlopedDistPV_13,2020,0.0
Oahu_SlopedDistPV_Oahu_SlopedDistPV_13,2025,0.0
Oahu_SlopedDistPV_Oahu_SlopedDistPV_13,2030,0.0
Oahu_SlopedDistPV_Oahu_SlopedDistPV_13,2035,0.0
Oahu_SlopedDistPV_Oahu_SlopedDistPV_13,2040,0.0
Oahu_SlopedDistPV_Oahu_SlopedDistPV_13,2045,0.0
Oahu_SlopedDistPV_Oahu_SlopedDistPV_14,2013,6.053194831884717
Oahu_SlopedDistPV_Oahu_SlopedDistPV_14,2014,6.33167110744358
Oahu_SlopedDistPV_Oahu_SlopedDistPV_14,2015,3.962467376063548
Oahu_SlopedDistPV_Oahu_SlopedDistPV_14,2016,2.2829881661915294
Oahu_SlopedDistPV_Oahu_SlopedDistPV_14,2017,2.984782866825936
Oahu_SlopedDistPV_Oahu_SlopedDistPV_14,2018,1.7562110628897862
Oahu_SlopedDistPV_Oahu_SlopedDistPV_14,2019,1.4432485612555175
Oahu_SlopedDistPV_Oahu_SlopedDistPV_14,2020,1.3346169491180109
Oahu_SlopedDistPV_Oahu_SlopedDistPV_14,2025,0.0
Oahu_SlopedDistPV_Oahu_SlopedDistPV_14,2030,0.0
Oahu_SlopedDistPV_Oahu_SlopedDistPV_14,2035,0.0
Oahu_SlopedDistPV_Oahu_SlopedDistPV_14,2040,0.0
Oahu_SlopedDistPV_Oahu_SlopedDistPV_14,2045,0.0
Oahu_SlopedDistPV_Oahu_SlopedDistPV_15,2020,0.0
Oahu_SlopedDistPV_Oahu_SlopedDistPV_15,2025,0.0
Oahu_SlopedDistPV_Oahu_SlopedDistPV_15,2030,0.0
Oahu_SlopedDistPV_Oahu_SlopedDistPV_15,2035,0.0
Oahu_SlopedDistPV_Oahu_SlopedDistPV_15,2040,0.0
Oahu_SlopedDistPV_Oahu_SlopedDistPV_15,2045,0.0
Oahu_SlopedDistPV_Oahu_SlopedDistPV_2,2013,4.945054137500684
Oahu_SlopedDistPV_Oahu_SlopedDistPV_2,2014,5.172550574819119
Oahu_SlopedDistPV_Oahu_SlopedDistPV_2,2015,3.237070049274056
Oahu_SlopedDistPV_Oahu_SlopedDistPV_2,2016,1.8650481920099424
Oahu_SlopedDistPV_Oahu_SlopedDistPV_2,2017,2.4383673869858096
Oahu_SlopedDistPV_Oahu_SlopedDistPV_2,2018,1.4347066341103702
Oahu_SlopedDistPV_Oahu_SlopedDistPV_2,2019,1.1790372633778836
Oahu_SlopedDistPV_Oahu_SlopedDistPV_2,2020,1.0902925231236387
Oahu_SlopedDistPV_Oahu_SlopedDistPV_2,2025,0.0
Oahu_SlopedDistPV_Oahu_SlopedDistPV_2,2030,0.0
Oahu_SlopedDistPV_Oahu_SlopedDistPV_2,2035,0.0
Oahu_SlopedDistPV_Oahu_SlopedDistPV_2,2040,0.0
Oahu_SlopedDistPV_Oahu_SlopedDistPV_2,2045,0.0
Oahu_SlopedDistPV_Oahu_SlopedDistPV_3,2013,6.132047860950571
Oahu_SlopedDistPV_Oahu_SlopedDistPV_3,2014,6.414151757701326
Oahu_SlopedDistPV_Oahu_SlopedDistPV_3,2015,4.01408516862681
Oahu_SlopedDistPV_Oahu_SlopedDistPV_3,2016,2.3127279213498233
Oahu_SlopedDistPV_Oahu_SlopedDistPV_3,2017,3.023664676628811
Oahu_SlopedDistPV_Oahu_SlopedDistPV_3,2018,1.7790886615519637
Oahu_SlopedDistPV_Oahu_SlopedDistPV_3,2019,1.4620492977113273
Oahu_SlopedDistPV_Oahu_SlopedDistPV_3,2020,1.3520025763782222
Oahu_SlopedDistPV_Oahu_SlopedDistPV_3,2025,0.0
Oahu_SlopedDistPV_Oahu_SlopedDistPV_3,2030,0.0
Oahu_SlopedDistPV_Oahu_SlopedDistPV_3,2035,0.0
Oahu_SlopedDistPV_Oahu_SlopedDistPV_3,2040,0.0
Oahu_SlopedDistPV_Oahu_SlopedDistPV_3,2045,0.0
Oahu_SlopedDistPV_Oahu_SlopedDistPV_4,2013,3.674620121235697
Oahu_SlopedDistPV_Oahu_SlopedDistPV_4,2014,3.843670441583103
Oahu_SlopedDistPV_Oahu_SlopedDistPV_4,2015,2.405434279618184
Oahu_SlopedDistPV_Oahu_SlopedDistPV_4,2016,1.3858986014858456
Oahu_SlopedDistPV_Oahu_SlopedDistPV_4,2017,1.8119263437854987
Oahu_SlopedDistPV_Oahu_SlopedDistPV_4,2018,1.0661161069587135
Oahu_SlopedDistPV_Oahu_SlopedDistPV_4,2019,0.8761307624196754
Oahu_SlopedDistPV_Oahu_SlopedDistPV_4,2020,0.8101854362160471
Oahu_SlopedDistPV_Oahu_SlopedDistPV_4,2025,0.0
Oahu_SlopedDistPV_Oahu_SlopedDistPV_4,2030,0.0
Oahu_SlopedDistPV_Oahu_SlopedDistPV_4,2035,0.0
Oahu_SlopedDistPV_Oahu_SlopedDistPV_4,2040,0.0
Oahu_SlopedDistPV_Oahu_SlopedDistPV_4,2045,0.0
Oahu_SlopedDistPV_Oahu_SlopedDistPV_5,2020,0.0
Oahu_SlopedDistPV_Oahu_SlopedDistPV_5,2025,0.0
Oahu_SlopedDistPV_Oahu_SlopedDistPV_5,2030,0.0
Oahu_SlopedDistPV_Oahu_SlopedDistPV_5,2035,0.0
Oahu_SlopedDistPV_Oahu_SlopedDistPV_5,2040,0.0
Oahu_SlopedDistPV_Oahu_SlopedDistPV_5,2045,0.0
Oahu_SlopedDistPV_Oahu_SlopedDistPV_6,2020,0.0
Oahu_SlopedDistPV_Oahu_SlopedDistPV_6,2025,0.0
Oahu_SlopedDistPV_Oahu_SlopedDistPV_6,2030,0.0
Oahu_SlopedDistPV_Oahu_SlopedDistPV_6,2035,0.0
Oahu_SlopedDistPV_Oahu_SlopedDistPV_6,2040,0.0
Oahu_SlopedDistPV_Oahu_SlopedDistPV_6,2045,0.0
Oahu_SlopedDistPV_Oahu_SlopedDistPV_7,2013,10.228305542610471
Oahu_SlopedDistPV_Oahu_SlopedDistPV_7,2014,10.698857129316526
Oahu_SlopedDistPV_Oahu_SlopedDistPV_7,2015,6.695526602170309
Oahu_SlopedDistPV_Oahu_SlopedDistPV_7,2016,3.857648921354867
Oahu_SlopedDistPV_Oahu_SlopedDistPV_7,2017,5.043497192496434
Oahu_SlopedDistPV_Oahu_SlopedDistPV_7,2018,2.9675343099697433
Oahu_SlopedDistPV_Oahu_SlopedDistPV_7,2019,2.438710080947142
Oahu_SlopedDistPV_Oahu_SlopedDistPV_7,2020,2.2551512576500543
Oahu_SlopedDistPV_Oahu_SlopedDistPV_7,2025,0.0
Oahu_SlopedDistPV_Oahu_SlopedDistPV_7,2030,0.0
Oahu_SlopedDistPV_Oahu_SlopedDistPV_7,2035,0.0
Oahu_SlopedDistPV_Oahu_SlopedDistPV_7,2040,0.0
Oahu_SlopedDistPV_Oahu_SlopedDistPV_7,2045,0.0
Oahu_SlopedDistPV_Oahu_SlopedDistPV_8,2020,0.0
Oahu_SlopedDistPV_Oahu_SlopedDistPV_8,2025,0.0
Oahu_SlopedDistPV_Oahu_SlopedDistPV_8,2030,0.0
Oahu_SlopedDistPV_Oahu_SlopedDistPV_8,2035,0.0
Oahu_SlopedDistPV_Oahu_SlopedDistPV_8,2040,0.0
Oahu_SlopedDistPV_Oahu_SlopedDistPV_8,2045,0.0
Oahu_SlopedDistPV_Oahu_SlopedDistPV_9,2013,4.120811517145066
Oahu_SlopedDistPV_Oahu_SlopedDistPV_9,2014,4.310388802437455
Oahu_SlopedDistPV_Oahu_SlopedDistPV_9,2015,2.6975145610025253
Oahu_SlopedDistPV_Oahu_SlopedDistPV_9,2016,1.5541815834496697
Oahu_SlopedDistPV_Oahu_SlopedDistPV_9,2017,2.0319398194496823
Oahu_SlopedDistPV_Oahu_SlopedDistPV_9,2018,1.195569443159737
Oahu_SlopedDistPV_Oahu_SlopedDistPV_9,2019,0.9825150946732405
Oahu_SlopedDistPV_Oahu_SlopedDistPV_9,2020,0.9085623456118175
Oahu_SlopedDistPV_Oahu_SlopedDistPV_9,2025,0.0
Oahu_SlopedDistPV_Oahu_SlopedDistPV_9,2030,0.0
Oahu_SlopedDistPV_Oahu_SlopedDistPV_9,2035,0.0
Oahu_SlopedDistPV_Oahu_SlopedDistPV_9,2040,0.0
Oahu_SlopedDistPV_Oahu_SlopedDistPV_9,2045,0.0
Oahu_Tesoro_Hawaii,1990,20.0
Oahu_Waiau_10,1973,49.9
Oahu_Waiau_3,1947,46.6
Oahu_Waiau_4,1950,46.6
Oahu_Waiau_5,1959,54.5
Oahu_Waiau_6,1961,53.5
Oahu_Waiau_7,1966,82.9
Oahu_Waiau_8,1968,86.1
Oahu_Waiau_9,1973,52.9
