load_zone,technology,period,capacity
Oahu,AES,2020,180.0
Oahu,AES,2025,0.0
Oahu,AES,2030,0.0
Oahu,AES,2035,0.0
Oahu,AES,2040,0.0
Oahu,AES,2045,0.0
Oahu,Airport_DSG,2020,8.0
Oahu,Airport_DSG,2025,8.0
Oahu,Airport_DSG,2030,8.0
Oahu,Airport_DSG,2035,8.0
Oahu,Airport_DSG,2040,8.0
Oahu,Airport_DSG,2045,8.0
Oahu,Battery_Bulk,2020,185.05334331570887
Oahu,Battery_Bulk,2025,185.05334331570887
Oahu,Battery_Bulk,2030,349.47723364667826
Oahu,Battery_Bulk,2035,427.66019684578293
Oahu,Battery_Bulk,2040,624.9520689796801
Oahu,Battery_Bulk,2045,1391.7916173137967
Oahu,Battery_Bulk_MWh,2020,20.043101071609694
Oahu,Battery_Bulk_MWh,2025,165.56523431217045
Oahu,Battery_Bulk_MWh,2030,1713.2382844962326
Oahu,Battery_Bulk_MWh,2035,2290.744867062615
Oahu,Battery_Bulk_MWh,2040,3514.041808670414
Oahu,Battery_Bulk_MWh,2045,9638.070722216464
Oahu,Battery_Conting,2020,0.0
Oahu,Battery_Conting,2025,0.0
Oahu,Battery_Conting,2030,0.0
Oahu,Battery_Conting,2035,0.0
Oahu,Battery_Conting,2040,0.0
Oahu,Battery_Conting,2045,0.0
Oahu,Battery_Conting_MWh,2020,0.0
Oahu,Battery_Conting_MWh,2025,0.0
Oahu,Battery_Conting_MWh,2030,0.0
Oahu,Battery_Conting_MWh,2035,0.0
Oahu,Battery_Conting_MWh,2040,0.0
Oahu,Battery_Conting_MWh,2045,0.0
Oahu,Battery_Reg,2020,34.476281932155
Oahu,Battery_Reg,2025,132.97639519014496
Oahu,Battery_Reg,2030,334.6165864934743
Oahu,Battery_Reg,2035,388.30812658916545
Oahu,Battery_Reg,2040,477.6251606944851
Oahu,Battery_Reg,2045,869.2099849882383
Oahu,Battery_Reg_MWh,2020,0.0
Oahu,Battery_Reg_MWh,2025,0.0
Oahu,Battery_Reg_MWh,2030,0.0
Oahu,Battery_Reg_MWh,2035,0.0
Oahu,Battery_Reg_MWh,2040,0.0
Oahu,Battery_Reg_MWh,2045,0.0
Oahu,CC_152,2020,301.172
Oahu,CC_152,2025,301.172
Oahu,CC_152,2030,301.172
Oahu,CC_152,2035,301.172
Oahu,CC_152,2040,301.172
Oahu,CC_152,2045,301.172
Oahu,CIP_CT,2020,113.0
Oahu,CIP_CT,2025,113.0
Oahu,CIP_CT,2030,113.0
Oahu,CIP_CT,2035,113.0
Oahu,CIP_CT,2040,113.0
Oahu,CIP_CT,2045,113.0
Oahu,CentralTrackingPV,2020,185.7
Oahu,CentralTrackingPV,2025,203.9930072945839
Oahu,CentralTrackingPV,2030,916.1928083744841
Oahu,CentralTrackingPV,2035,1119.4799895249412
Oahu,CentralTrackingPV,2040,1461.2054548354295
Oahu,CentralTrackingPV,2045,3522.6632137481865
Oahu,FlatDistPV,2020,370.70000000000005
Oahu,FlatDistPV,2025,370.70000000000005
Oahu,FlatDistPV,2030,370.70000000000005
Oahu,FlatDistPV,2035,370.70000000000005
Oahu,FlatDistPV,2040,370.70000000000005
Oahu,FlatDistPV,2045,309.105695508395
Oahu,H-Power,2020,73.0
Oahu,H-Power,2025,73.0
Oahu,H-Power,2030,73.0
Oahu,H-Power,2035,73.0
Oahu,H-Power,2040,73.0
Oahu,H-Power,2045,73.0
Oahu,Hawaii_Cogen,2020,12.2
Oahu,Hawaii_Cogen,2025,12.2
Oahu,Hawaii_Cogen,2030,12.2
Oahu,Hawaii_Cogen,2035,12.2
Oahu,Hawaii_Cogen,2040,12.2
Oahu,Hawaii_Cogen,2045,0.0
Oahu,IC_Barge,2020,0.0
Oahu,IC_Barge,2025,0.0
Oahu,IC_Barge,2030,0.0
Oahu,IC_Barge,2035,0.0
Oahu,IC_Barge,2040,0.0
Oahu,IC_Barge,2045,0.0
Oahu,IC_MCBH,2020,0.0
Oahu,IC_MCBH,2025,0.0
Oahu,IC_MCBH,2030,0.0
Oahu,IC_MCBH,2035,0.0
Oahu,IC_MCBH,2040,0.0
Oahu,IC_MCBH,2045,0.0
Oahu,IC_Schofield,2020,48.84
Oahu,IC_Schofield,2025,48.84
Oahu,IC_Schofield,2030,48.84
Oahu,IC_Schofield,2035,48.84
Oahu,IC_Schofield,2040,48.84
Oahu,IC_Schofield,2045,48.84
Oahu,Kahe_1,2020,82.1
Oahu,Kahe_1,2025,82.1
Oahu,Kahe_1,2030,0.0
Oahu,Kahe_1,2035,0.0
Oahu,Kahe_1,2040,0.0
Oahu,Kahe_1,2045,0.0
Oahu,Kahe_2,2020,82.1
Oahu,Kahe_2,2025,82.1
Oahu,Kahe_2,2030,0.0
Oahu,Kahe_2,2035,0.0
Oahu,Kahe_2,2040,0.0
Oahu,Kahe_2,2045,0.0
Oahu,Kahe_3,2020,86.1
Oahu,Kahe_3,2025,86.1
Oahu,Kahe_3,2030,86.1
Oahu,Kahe_3,2035,86.1
Oahu,Kahe_3,2040,0.0
Oahu,Kahe_3,2045,0.0
Oahu,Kahe_4,2020,85.3
Oahu,Kahe_4,2025,85.3
Oahu,Kahe_4,2030,85.3
Oahu,Kahe_4,2035,85.3
Oahu,Kahe_4,2040,0.0
Oahu,Kahe_4,2045,0.0
Oahu,Kahe_5,2020,134.3
Oahu,Kahe_5,2025,134.3
Oahu,Kahe_5,2030,134.3
Oahu,Kahe_5,2035,134.3
Oahu,Kahe_5,2040,134.3
Oahu,Kahe_5,2045,134.3
Oahu,Kahe_6,2020,134.4
Oahu,Kahe_6,2025,134.4
Oahu,Kahe_6,2030,134.4
Oahu,Kahe_6,2035,134.4
Oahu,Kahe_6,2040,134.4
Oahu,Kahe_6,2045,134.4
Oahu,Kalaeloa_CC1,2020,90.0
Oahu,Kalaeloa_CC1,2025,90.0
Oahu,Kalaeloa_CC1,2030,90.0
Oahu,Kalaeloa_CC1,2035,90.0
Oahu,Kalaeloa_CC1,2040,90.0
Oahu,Kalaeloa_CC1,2045,90.0
Oahu,Kalaeloa_CC2,2020,90.0
Oahu,Kalaeloa_CC2,2025,90.0
Oahu,Kalaeloa_CC2,2030,90.0
Oahu,Kalaeloa_CC2,2035,90.0
Oahu,Kalaeloa_CC2,2040,90.0
Oahu,Kalaeloa_CC2,2045,90.0
Oahu,Kalaeloa_CC3,2020,28.0
Oahu,Kalaeloa_CC3,2025,28.0
Oahu,Kalaeloa_CC3,2030,28.0
Oahu,Kalaeloa_CC3,2035,28.0
Oahu,Kalaeloa_CC3,2040,28.0
Oahu,Kalaeloa_CC3,2045,28.0
Oahu,OffshoreWind,2020,0.0
Oahu,OffshoreWind,2025,0.0
Oahu,OffshoreWind,2030,0.0
Oahu,OffshoreWind,2035,0.0
Oahu,OffshoreWind,2040,0.0
Oahu,OffshoreWind,2045,0.0
Oahu,OnshoreWind,2020,376.8723547123199
Oahu,OnshoreWind,2025,612.8726451630104
Oahu,OnshoreWind,2030,762.2612199585969
Oahu,OnshoreWind,2035,891.6423843726363
Oahu,OnshoreWind,2040,891.6423843726363
Oahu,OnshoreWind,2045,797.5
Oahu,SlopedDistPV,2020,303.3
Oahu,SlopedDistPV,2025,303.3
Oahu,SlopedDistPV,2030,303.3
Oahu,SlopedDistPV,2035,303.3
Oahu,SlopedDistPV,2040,303.3
Oahu,SlopedDistPV,2045,113.69000000000001
Oahu,Tesoro_Hawaii,2020,20.0
Oahu,Tesoro_Hawaii,2025,20.0
Oahu,Tesoro_Hawaii,2030,20.0
Oahu,Tesoro_Hawaii,2035,20.0
Oahu,Tesoro_Hawaii,2040,20.0
Oahu,Tesoro_Hawaii,2045,0.0
Oahu,Waiau_10,2020,49.9
Oahu,Waiau_10,2025,49.9
Oahu,Waiau_10,2030,49.9
Oahu,Waiau_10,2035,49.9
Oahu,Waiau_10,2040,49.9
Oahu,Waiau_10,2045,49.9
Oahu,Waiau_3,2020,46.6
Oahu,Waiau_3,2025,0.0
Oahu,Waiau_3,2030,0.0
Oahu,Waiau_3,2035,0.0
Oahu,Waiau_3,2040,0.0
Oahu,Waiau_3,2045,0.0
Oahu,Waiau_4,2020,46.6
Oahu,Waiau_4,2025,0.0
Oahu,Waiau_4,2030,0.0
Oahu,Waiau_4,2035,0.0
Oahu,Waiau_4,2040,0.0
Oahu,Waiau_4,2045,0.0
Oahu,Waiau_5,2020,54.5
Oahu,Waiau_5,2025,54.5
Oahu,Waiau_5,2030,0.0
Oahu,Waiau_5,2035,0.0
Oahu,Waiau_5,2040,0.0
Oahu,Waiau_5,2045,0.0
Oahu,Waiau_6,2020,53.5
Oahu,Waiau_6,2025,53.5
Oahu,Waiau_6,2030,0.0
Oahu,Waiau_6,2035,0.0
Oahu,Waiau_6,2040,0.0
Oahu,Waiau_6,2045,0.0
Oahu,Waiau_7,2020,82.9
Oahu,Waiau_7,2025,82.9
Oahu,Waiau_7,2030,82.9
Oahu,Waiau_7,2035,0.0
Oahu,Waiau_7,2040,0.0
Oahu,Waiau_7,2045,0.0
Oahu,Waiau_8,2020,86.1
Oahu,Waiau_8,2025,86.1
Oahu,Waiau_8,2030,86.1
Oahu,Waiau_8,2035,0.0
Oahu,Waiau_8,2040,0.0
Oahu,Waiau_8,2045,0.0
Oahu,Waiau_9,2020,52.9
Oahu,Waiau_9,2025,52.9
Oahu,Waiau_9,2030,52.9
Oahu,Waiau_9,2035,52.9
Oahu,Waiau_9,2040,52.9
Oahu,Waiau_9,2045,52.9
Oahu,hydro,2020,0.0
Oahu,hydro,2025,0.0
Oahu,hydro,2030,0.0
Oahu,hydro,2035,0.0
Oahu,hydro,2040,0.0
Oahu,hydro,2045,0.0
Oahu,fuel cells,2020,0.0
Oahu,fuel cells,2025,0.0
Oahu,fuel cells,2030,0.0
Oahu,fuel cells,2035,0.0
Oahu,fuel cells,2040,0.0
Oahu,fuel cells,2045,0.0
