GENERATION_PROJECT,PERIOD,gen_tech,gen_load_zone,gen_energy_source,BuildGen,BuildStorageEnergy,GenCapitalOutlay
Oahu_AES,2020,AES,Oahu,multiple,0,0,0
Oahu_Airport_DSG,2020,Airport_DSG,Oahu,multiple,0,0,0
Oahu_Airport_DSG,2025,Airport_DSG,Oahu,multiple,0,0,0
Oahu_Airport_DSG,2030,Airport_DSG,Oahu,multiple,0,0,0
Oahu_Airport_DSG,2035,Airport_DSG,Oahu,multiple,0,0,0
Oahu_Airport_DSG,2040,Airport_DSG,Oahu,multiple,0,0,0
Oahu_Airport_DSG,2045,Airport_DSG,Oahu,multiple,0,0,0
Oahu_Battery_Bulk,2020,Battery_Bulk,Oahu,Battery,185.053,20.0431,6.59155e+07
Oahu_Battery_Bulk,2025,Battery_Bulk,Oahu,Battery,0,145.522,3.65484e+07
Oahu_Battery_Bulk,2030,Battery_Bulk,Oahu,Battery,164.424,1547.67,3.45637e+08
Oahu_Battery_Bulk,2035,Battery_Bulk,Oahu,Battery,263.236,597.55,1.58438e+08
Oahu_Battery_Bulk,2040,Battery_Bulk,Oahu,Battery,197.292,1368.82,2.7556e+08
Oahu_Battery_Bulk,2045,Battery_Bulk,Oahu,Battery,931.263,7671.7,1.40886e+09
Oahu_Battery_Conting,2020,Battery_Conting,Oahu,Battery,0,0,0
Oahu_Battery_Conting,2025,Battery_Conting,Oahu,Battery,0,0,0
Oahu_Battery_Conting,2030,Battery_Conting,Oahu,Battery,0,0,0
Oahu_Battery_Conting,2035,Battery_Conting,Oahu,Battery,0,0,0
Oahu_Battery_Conting,2040,Battery_Conting,Oahu,Battery,0,0,0
Oahu_Battery_Conting,2045,Battery_Conting,Oahu,Battery,0,0,0
Oahu_Battery_Reg,2020,Battery_Reg,Oahu,Battery,34.4763,0,2.34658e+07
Oahu_Battery_Reg,2025,Battery_Reg,Oahu,Battery,98.5001,0,4.62777e+07
Oahu_Battery_Reg,2030,Battery_Reg,Oahu,Battery,201.64,0,7.71068e+07
Oahu_Battery_Reg,2035,Battery_Reg,Oahu,Battery,88.1678,0,3.1608e+07
Oahu_Battery_Reg,2040,Battery_Reg,Oahu,Battery,187.817,0,6.28433e+07
Oahu_Battery_Reg,2045,Battery_Reg,Oahu,Battery,593.225,0,1.84314e+08
Oahu_CC_152,2020,CC_152,Oahu,multiple,301.172,0,5.35108e+08
Oahu_CC_152,2025,CC_152,Oahu,multiple,0,0,0
Oahu_CC_152,2030,CC_152,Oahu,multiple,0,0,0
Oahu_CC_152,2035,CC_152,Oahu,multiple,0,0,0
Oahu_CC_152,2040,CC_152,Oahu,multiple,0,0,0
Oahu_CC_152,2045,CC_152,Oahu,multiple,0,0,0
Oahu_CIP_CT,2020,CIP_CT,Oahu,multiple,0,0,0
Oahu_CIP_CT,2025,CIP_CT,Oahu,multiple,0,0,0
Oahu_CIP_CT,2030,CIP_CT,Oahu,multiple,0,0,0
Oahu_CIP_CT,2035,CIP_CT,Oahu,multiple,0,0,0
Oahu_CIP_CT,2040,CIP_CT,Oahu,multiple,0,0,0
Oahu_CIP_CT,2045,CIP_CT,Oahu,multiple,0,0,0
Oahu_CentralTrackingPV_PV_01_B_00_15,2020,CentralTrackingPV,Oahu,SUN,0,0,0
Oahu_CentralTrackingPV_PV_01_B_00_15,2025,CentralTrackingPV,Oahu,SUN,0,0,0
Oahu_CentralTrackingPV_PV_01_B_00_15,2030,CentralTrackingPV,Oahu,SUN,0,0,0
Oahu_CentralTrackingPV_PV_01_B_00_15,2035,CentralTrackingPV,Oahu,SUN,0,0,0
Oahu_CentralTrackingPV_PV_01_B_00_15,2040,CentralTrackingPV,Oahu,SUN,0,0,0
Oahu_CentralTrackingPV_PV_01_B_00_15,2045,CentralTrackingPV,Oahu,SUN,4.14299,0,4.79857e+06
Oahu_CentralTrackingPV_PV_01_B_15_17,2020,CentralTrackingPV,Oahu,SUN,0,0,0
Oahu_CentralTrackingPV_PV_01_B_15_17,2025,CentralTrackingPV,Oahu,SUN,0,0,0
Oahu_CentralTrackingPV_PV_01_B_15_17,2030,CentralTrackingPV,Oahu,SUN,0,0,0
Oahu_CentralTrackingPV_PV_01_B_15_17,2035,CentralTrackingPV,Oahu,SUN,0,0,0
Oahu_CentralTrackingPV_PV_01_B_15_17,2040,CentralTrackingPV,Oahu,SUN,0,0,0
Oahu_CentralTrackingPV_PV_01_B_15_17,2045,CentralTrackingPV,Oahu,SUN,0,0,0
Oahu_CentralTrackingPV_PV_01_B_17_20,2020,CentralTrackingPV,Oahu,SUN,0,0,0
Oahu_CentralTrackingPV_PV_01_B_17_20,2025,CentralTrackingPV,Oahu,SUN,0,0,0
Oahu_CentralTrackingPV_PV_01_B_17_20,2030,CentralTrackingPV,Oahu,SUN,0,0,0
Oahu_CentralTrackingPV_PV_01_B_17_20,2035,CentralTrackingPV,Oahu,SUN,0,0,0
Oahu_CentralTrackingPV_PV_01_B_17_20,2040,CentralTrackingPV,Oahu,SUN,0,0,0
Oahu_CentralTrackingPV_PV_01_B_17_20,2045,CentralTrackingPV,Oahu,SUN,0,0,0
Oahu_CentralTrackingPV_PV_01_C_00_15,2020,CentralTrackingPV,Oahu,SUN,0,0,0
Oahu_CentralTrackingPV_PV_01_C_00_15,2025,CentralTrackingPV,Oahu,SUN,0,0,0
Oahu_CentralTrackingPV_PV_01_C_00_15,2030,CentralTrackingPV,Oahu,SUN,0,0,0
Oahu_CentralTrackingPV_PV_01_C_00_15,2035,CentralTrackingPV,Oahu,SUN,0,0,0
Oahu_CentralTrackingPV_PV_01_C_00_15,2040,CentralTrackingPV,Oahu,SUN,0,0,0
Oahu_CentralTrackingPV_PV_01_C_00_15,2045,CentralTrackingPV,Oahu,SUN,10.5605,0,1.22437e+07
Oahu_CentralTrackingPV_PV_01_C_15_17,2020,CentralTrackingPV,Oahu,SUN,0,0,0
Oahu_CentralTrackingPV_PV_01_C_15_17,2025,CentralTrackingPV,Oahu,SUN,0,0,0
Oahu_CentralTrackingPV_PV_01_C_15_17,2030,CentralTrackingPV,Oahu,SUN,0,0,0
Oahu_CentralTrackingPV_PV_01_C_15_17,2035,CentralTrackingPV,Oahu,SUN,0,0,0
Oahu_CentralTrackingPV_PV_01_C_15_17,2040,CentralTrackingPV,Oahu,SUN,0,0,0
Oahu_CentralTrackingPV_PV_01_C_15_17,2045,CentralTrackingPV,Oahu,SUN,0,0,0
Oahu_CentralTrackingPV_PV_01_C_17_20,2020,CentralTrackingPV,Oahu,SUN,0,0,0
Oahu_CentralTrackingPV_PV_01_C_17_20,2025,CentralTrackingPV,Oahu,SUN,0,0,0
Oahu_CentralTrackingPV_PV_01_C_17_20,2030,CentralTrackingPV,Oahu,SUN,0,0,0
Oahu_CentralTrackingPV_PV_01_C_17_20,2035,CentralTrackingPV,Oahu,SUN,0,0,0
Oahu_CentralTrackingPV_PV_01_C_17_20,2040,CentralTrackingPV,Oahu,SUN,0,0,0
Oahu_CentralTrackingPV_PV_01_C_17_20,2045,CentralTrackingPV,Oahu,SUN,0,0,0
Oahu_CentralTrackingPV_PV_01_X_00_15,2020,CentralTrackingPV,Oahu,SUN,0,0,0
Oahu_CentralTrackingPV_PV_01_X_00_15,2025,CentralTrackingPV,Oahu,SUN,0,0,0
Oahu_CentralTrackingPV_PV_01_X_00_15,2030,CentralTrackingPV,Oahu,SUN,0,0,0
Oahu_CentralTrackingPV_PV_01_X_00_15,2035,CentralTrackingPV,Oahu,SUN,0,0,0
Oahu_CentralTrackingPV_PV_01_X_00_15,2040,CentralTrackingPV,Oahu,SUN,0,0,0
Oahu_CentralTrackingPV_PV_01_X_00_15,2045,CentralTrackingPV,Oahu,SUN,198.152,0,2.29947e+08
Oahu_CentralTrackingPV_PV_01_X_15_17,2020,CentralTrackingPV,Oahu,SUN,0,0,0
Oahu_CentralTrackingPV_PV_01_X_15_17,2025,CentralTrackingPV,Oahu,SUN,0,0,0
Oahu_CentralTrackingPV_PV_01_X_15_17,2030,CentralTrackingPV,Oahu,SUN,0,0,0
Oahu_CentralTrackingPV_PV_01_X_15_17,2035,CentralTrackingPV,Oahu,SUN,0,0,0
Oahu_CentralTrackingPV_PV_01_X_15_17,2040,CentralTrackingPV,Oahu,SUN,0,0,0
Oahu_CentralTrackingPV_PV_01_X_15_17,2045,CentralTrackingPV,Oahu,SUN,0,0,0
Oahu_CentralTrackingPV_PV_01_X_17_20,2020,CentralTrackingPV,Oahu,SUN,0,0,0
Oahu_CentralTrackingPV_PV_01_X_17_20,2025,CentralTrackingPV,Oahu,SUN,0,0,0
Oahu_CentralTrackingPV_PV_01_X_17_20,2030,CentralTrackingPV,Oahu,SUN,0,0,0
Oahu_CentralTrackingPV_PV_01_X_17_20,2035,CentralTrackingPV,Oahu,SUN,0,0,0
Oahu_CentralTrackingPV_PV_01_X_17_20,2040,CentralTrackingPV,Oahu,SUN,0,0,0
Oahu_CentralTrackingPV_PV_01_X_17_20,2045,CentralTrackingPV,Oahu,SUN,0,0,0
Oahu_CentralTrackingPV_PV_02_B_00_15,2020,CentralTrackingPV,Oahu,SUN,0,0,0
Oahu_CentralTrackingPV_PV_02_B_00_15,2025,CentralTrackingPV,Oahu,SUN,0,0,0
Oahu_CentralTrackingPV_PV_02_B_00_15,2030,CentralTrackingPV,Oahu,SUN,0,0,0
Oahu_CentralTrackingPV_PV_02_B_00_15,2035,CentralTrackingPV,Oahu,SUN,0,0,0
Oahu_CentralTrackingPV_PV_02_B_00_15,2040,CentralTrackingPV,Oahu,SUN,0,0,0
Oahu_CentralTrackingPV_PV_02_B_00_15,2045,CentralTrackingPV,Oahu,SUN,0,0,0
Oahu_CentralTrackingPV_PV_02_B_15_17,2020,CentralTrackingPV,Oahu,SUN,0,0,0
Oahu_CentralTrackingPV_PV_02_B_15_17,2025,CentralTrackingPV,Oahu,SUN,0,0,0
Oahu_CentralTrackingPV_PV_02_B_15_17,2030,CentralTrackingPV,Oahu,SUN,0,0,0
Oahu_CentralTrackingPV_PV_02_B_15_17,2035,CentralTrackingPV,Oahu,SUN,0,0,0
Oahu_CentralTrackingPV_PV_02_B_15_17,2040,CentralTrackingPV,Oahu,SUN,0,0,0
Oahu_CentralTrackingPV_PV_02_B_15_17,2045,CentralTrackingPV,Oahu,SUN,0,0,0
Oahu_CentralTrackingPV_PV_02_B_17_20,2020,CentralTrackingPV,Oahu,SUN,0,0,0
Oahu_CentralTrackingPV_PV_02_B_17_20,2025,CentralTrackingPV,Oahu,SUN,0,0,0
Oahu_CentralTrackingPV_PV_02_B_17_20,2030,CentralTrackingPV,Oahu,SUN,0,0,0
Oahu_CentralTrackingPV_PV_02_B_17_20,2035,CentralTrackingPV,Oahu,SUN,0,0,0
Oahu_CentralTrackingPV_PV_02_B_17_20,2040,CentralTrackingPV,Oahu,SUN,0,0,0
Oahu_CentralTrackingPV_PV_02_B_17_20,2045,CentralTrackingPV,Oahu,SUN,0,0,0
Oahu_CentralTrackingPV_PV_02_X_00_15,2020,CentralTrackingPV,Oahu,SUN,5,0,1.06862e+07
Oahu_CentralTrackingPV_PV_02_X_00_15,2025,CentralTrackingPV,Oahu,SUN,0,0,0
Oahu_CentralTrackingPV_PV_02_X_00_15,2030,CentralTrackingPV,Oahu,SUN,0,0,0
Oahu_CentralTrackingPV_PV_02_X_00_15,2035,CentralTrackingPV,Oahu,SUN,0,0,0
Oahu_CentralTrackingPV_PV_02_X_00_15,2040,CentralTrackingPV,Oahu,SUN,0,0,0
Oahu_CentralTrackingPV_PV_02_X_00_15,2045,CentralTrackingPV,Oahu,SUN,0,0,0
Oahu_CentralTrackingPV_PV_02_X_15_17,2020,CentralTrackingPV,Oahu,SUN,0,0,0
Oahu_CentralTrackingPV_PV_02_X_15_17,2025,CentralTrackingPV,Oahu,SUN,0,0,0
Oahu_CentralTrackingPV_PV_02_X_15_17,2030,CentralTrackingPV,Oahu,SUN,0,0,0
Oahu_CentralTrackingPV_PV_02_X_15_17,2035,CentralTrackingPV,Oahu,SUN,0,0,0
Oahu_CentralTrackingPV_PV_02_X_15_17,2040,CentralTrackingPV,Oahu,SUN,0,0,0
Oahu_CentralTrackingPV_PV_02_X_15_17,2045,CentralTrackingPV,Oahu,SUN,0,0,0
Oahu_CentralTrackingPV_PV_02_X_17_20,2020,CentralTrackingPV,Oahu,SUN,0,0,0
Oahu_CentralTrackingPV_PV_02_X_17_20,2025,CentralTrackingPV,Oahu,SUN,0,0,0
Oahu_CentralTrackingPV_PV_02_X_17_20,2030,CentralTrackingPV,Oahu,SUN,0,0,0
Oahu_CentralTrackingPV_PV_02_X_17_20,2035,CentralTrackingPV,Oahu,SUN,0,0,0
Oahu_CentralTrackingPV_PV_02_X_17_20,2040,CentralTrackingPV,Oahu,SUN,0,0,0
Oahu_CentralTrackingPV_PV_02_X_17_20,2045,CentralTrackingPV,Oahu,SUN,0,0,0
Oahu_CentralTrackingPV_PV_03_X_00_15,2020,CentralTrackingPV,Oahu,SUN,0,0,0
Oahu_CentralTrackingPV_PV_03_X_00_15,2025,CentralTrackingPV,Oahu,SUN,0,0,0
Oahu_CentralTrackingPV_PV_03_X_00_15,2030,CentralTrackingPV,Oahu,SUN,0,0,0
Oahu_CentralTrackingPV_PV_03_X_00_15,2035,CentralTrackingPV,Oahu,SUN,0,0,0
Oahu_CentralTrackingPV_PV_03_X_00_15,2040,CentralTrackingPV,Oahu,SUN,0,0,0
Oahu_CentralTrackingPV_PV_03_X_00_15,2045,CentralTrackingPV,Oahu,SUN,0,0,0
Oahu_CentralTrackingPV_PV_03_X_15_17,2020,CentralTrackingPV,Oahu,SUN,0,0,0
Oahu_CentralTrackingPV_PV_03_X_15_17,2025,CentralTrackingPV,Oahu,SUN,0,0,0
Oahu_CentralTrackingPV_PV_03_X_15_17,2030,CentralTrackingPV,Oahu,SUN,0,0,0
Oahu_CentralTrackingPV_PV_03_X_15_17,2035,CentralTrackingPV,Oahu,SUN,0,0,0
Oahu_CentralTrackingPV_PV_03_X_15_17,2040,CentralTrackingPV,Oahu,SUN,0,0,0
Oahu_CentralTrackingPV_PV_03_X_15_17,2045,CentralTrackingPV,Oahu,SUN,0,0,0
Oahu_CentralTrackingPV_PV_03_X_17_20,2020,CentralTrackingPV,Oahu,SUN,0,0,0
Oahu_CentralTrackingPV_PV_03_X_17_20,2025,CentralTrackingPV,Oahu,SUN,0,0,0
Oahu_CentralTrackingPV_PV_03_X_17_20,2030,CentralTrackingPV,Oahu,SUN,0,0,0
Oahu_CentralTrackingPV_PV_03_X_17_20,2035,CentralTrackingPV,Oahu,SUN,0,0,0
Oahu_CentralTrackingPV_PV_03_X_17_20,2040,CentralTrackingPV,Oahu,SUN,0,0,0
Oahu_CentralTrackingPV_PV_03_X_17_20,2045,CentralTrackingPV,Oahu,SUN,0,0,0
Oahu_CentralTrackingPV_PV_04_B_00_15,2020,CentralTrackingPV,Oahu,SUN,0,0,0
Oahu_CentralTrackingPV_PV_04_B_00_15,2025,CentralTrackingPV,Oahu,SUN,0,0,0
Oahu_CentralTrackingPV_PV_04_B_00_15,2030,CentralTrackingPV,Oahu,SUN,60.3442,0,7.95839e+07
Oahu_CentralTrackingPV_PV_04_B_00_15,2035,CentralTrackingPV,Oahu,SUN,0,0,0
Oahu_CentralTrackingPV_PV_04_B_00_15,2040,CentralTrackingPV,Oahu,SUN,0,0,0
Oahu_CentralTrackingPV_PV_04_B_00_15,2045,CentralTrackingPV,Oahu,SUN,5,0,5.72435e+06
Oahu_CentralTrackingPV_PV_04_B_15_17,2020,CentralTrackingPV,Oahu,SUN,0,0,0
Oahu_CentralTrackingPV_PV_04_B_15_17,2025,CentralTrackingPV,Oahu,SUN,0,0,0
Oahu_CentralTrackingPV_PV_04_B_15_17,2030,CentralTrackingPV,Oahu,SUN,0.892486,0,1.22724e+06
Oahu_CentralTrackingPV_PV_04_B_15_17,2035,CentralTrackingPV,Oahu,SUN,0,0,0
Oahu_CentralTrackingPV_PV_04_B_15_17,2040,CentralTrackingPV,Oahu,SUN,0,0,0
Oahu_CentralTrackingPV_PV_04_B_15_17,2045,CentralTrackingPV,Oahu,SUN,0,0,0
Oahu_CentralTrackingPV_PV_04_B_17_20,2020,CentralTrackingPV,Oahu,SUN,0,0,0
Oahu_CentralTrackingPV_PV_04_B_17_20,2025,CentralTrackingPV,Oahu,SUN,0,0,0
Oahu_CentralTrackingPV_PV_04_B_17_20,2030,CentralTrackingPV,Oahu,SUN,0,0,0
Oahu_CentralTrackingPV_PV_04_B_17_20,2035,CentralTrackingPV,Oahu,SUN,0,0,0
Oahu_CentralTrackingPV_PV_04_B_17_20,2040,CentralTrackingPV,Oahu,SUN,0,0,0
Oahu_CentralTrackingPV_PV_04_B_17_20,2045,CentralTrackingPV,Oahu,SUN,1.24305,0,1.50328e+06
Oahu_CentralTrackingPV_PV_04_C_00_15,2020,CentralTrackingPV,Oahu,SUN,0,0,0
Oahu_CentralTrackingPV_PV_04_C_00_15,2025,CentralTrackingPV,Oahu,SUN,0,0,0
Oahu_CentralTrackingPV_PV_04_C_00_15,2030,CentralTrackingPV,Oahu,SUN,3.86926,0,5.1073e+06
Oahu_CentralTrackingPV_PV_04_C_00_15,2035,CentralTrackingPV,Oahu,SUN,0,0,0
Oahu_CentralTrackingPV_PV_04_C_00_15,2040,CentralTrackingPV,Oahu,SUN,0,0,0
Oahu_CentralTrackingPV_PV_04_C_00_15,2045,CentralTrackingPV,Oahu,SUN,0,0,0
Oahu_CentralTrackingPV_PV_04_C_15_17,2020,CentralTrackingPV,Oahu,SUN,0,0,0
Oahu_CentralTrackingPV_PV_04_C_15_17,2025,CentralTrackingPV,Oahu,SUN,0,0,0
Oahu_CentralTrackingPV_PV_04_C_15_17,2030,CentralTrackingPV,Oahu,SUN,0,0,0
Oahu_CentralTrackingPV_PV_04_C_15_17,2035,CentralTrackingPV,Oahu,SUN,0,0,0
Oahu_CentralTrackingPV_PV_04_C_15_17,2040,CentralTrackingPV,Oahu,SUN,0,0,0
Oahu_CentralTrackingPV_PV_04_C_15_17,2045,CentralTrackingPV,Oahu,SUN,0.00974292,0,11711.3
Oahu_CentralTrackingPV_PV_04_X_00_15,2020,CentralTrackingPV,Oahu,SUN,0,0,0
Oahu_CentralTrackingPV_PV_04_X_00_15,2025,CentralTrackingPV,Oahu,SUN,0,0,0
Oahu_CentralTrackingPV_PV_04_X_00_15,2030,CentralTrackingPV,Oahu,SUN,44.0822,0,5.81967e+07
Oahu_CentralTrackingPV_PV_04_X_00_15,2035,CentralTrackingPV,Oahu,SUN,0,0,0
Oahu_CentralTrackingPV_PV_04_X_00_15,2040,CentralTrackingPV,Oahu,SUN,0,0,0
Oahu_CentralTrackingPV_PV_04_X_00_15,2045,CentralTrackingPV,Oahu,SUN,0,0,0
Oahu_CentralTrackingPV_PV_04_X_15_17,2020,CentralTrackingPV,Oahu,SUN,0,0,0
Oahu_CentralTrackingPV_PV_04_X_15_17,2025,CentralTrackingPV,Oahu,SUN,0,0,0
Oahu_CentralTrackingPV_PV_04_X_15_17,2030,CentralTrackingPV,Oahu,SUN,1.12603,0,1.5495e+06
Oahu_CentralTrackingPV_PV_04_X_15_17,2035,CentralTrackingPV,Oahu,SUN,0,0,0
Oahu_CentralTrackingPV_PV_04_X_15_17,2040,CentralTrackingPV,Oahu,SUN,3.44888,0,4.34592e+06
Oahu_CentralTrackingPV_PV_04_X_15_17,2045,CentralTrackingPV,Oahu,SUN,8.49213,0,1.02085e+07
Oahu_CentralTrackingPV_PV_04_X_17_20,2020,CentralTrackingPV,Oahu,SUN,0,0,0
Oahu_CentralTrackingPV_PV_04_X_17_20,2025,CentralTrackingPV,Oahu,SUN,0,0,0
Oahu_CentralTrackingPV_PV_04_X_17_20,2030,CentralTrackingPV,Oahu,SUN,0,0,0
Oahu_CentralTrackingPV_PV_04_X_17_20,2035,CentralTrackingPV,Oahu,SUN,0,0,0
Oahu_CentralTrackingPV_PV_04_X_17_20,2040,CentralTrackingPV,Oahu,SUN,0,0,0
Oahu_CentralTrackingPV_PV_04_X_17_20,2045,CentralTrackingPV,Oahu,SUN,11.328,0,1.37201e+07
Oahu_CentralTrackingPV_PV_05_C_00_15,2020,CentralTrackingPV,Oahu,SUN,20,0,4.24589e+07
Oahu_CentralTrackingPV_PV_05_C_00_15,2025,CentralTrackingPV,Oahu,SUN,0,0,0
Oahu_CentralTrackingPV_PV_05_C_00_15,2030,CentralTrackingPV,Oahu,SUN,1.36923,0,1.80146e+06
Oahu_CentralTrackingPV_PV_05_C_00_15,2035,CentralTrackingPV,Oahu,SUN,0,0,0
Oahu_CentralTrackingPV_PV_05_C_00_15,2040,CentralTrackingPV,Oahu,SUN,0,0,0
Oahu_CentralTrackingPV_PV_05_C_00_15,2045,CentralTrackingPV,Oahu,SUN,0,0,0
Oahu_CentralTrackingPV_PV_05_X_00_15,2020,CentralTrackingPV,Oahu,SUN,0,0,0
Oahu_CentralTrackingPV_PV_05_X_00_15,2025,CentralTrackingPV,Oahu,SUN,18.293,0,3.14377e+07
Oahu_CentralTrackingPV_PV_05_X_00_15,2030,CentralTrackingPV,Oahu,SUN,15.1953,0,1.99808e+07
Oahu_CentralTrackingPV_PV_05_X_00_15,2035,CentralTrackingPV,Oahu,SUN,0,0,0
Oahu_CentralTrackingPV_PV_05_X_00_15,2040,CentralTrackingPV,Oahu,SUN,0,0,0
Oahu_CentralTrackingPV_PV_05_X_00_15,2045,CentralTrackingPV,Oahu,SUN,0,0,0
Oahu_CentralTrackingPV_PV_06_C_00_15,2020,CentralTrackingPV,Oahu,SUN,0,0,0
Oahu_CentralTrackingPV_PV_06_C_00_15,2025,CentralTrackingPV,Oahu,SUN,0,0,0
Oahu_CentralTrackingPV_PV_06_C_00_15,2030,CentralTrackingPV,Oahu,SUN,0.210745,0,275804
Oahu_CentralTrackingPV_PV_06_C_00_15,2035,CentralTrackingPV,Oahu,SUN,0,0,0
Oahu_CentralTrackingPV_PV_06_C_00_15,2040,CentralTrackingPV,Oahu,SUN,0,0,0
Oahu_CentralTrackingPV_PV_06_C_00_15,2045,CentralTrackingPV,Oahu,SUN,1,0,1.13475e+06
Oahu_CentralTrackingPV_PV_06_X_00_15,2020,CentralTrackingPV,Oahu,SUN,0,0,0
Oahu_CentralTrackingPV_PV_06_X_00_15,2025,CentralTrackingPV,Oahu,SUN,0,0,0
Oahu_CentralTrackingPV_PV_06_X_00_15,2030,CentralTrackingPV,Oahu,SUN,0,0,0
Oahu_CentralTrackingPV_PV_06_X_00_15,2035,CentralTrackingPV,Oahu,SUN,0,0,0
Oahu_CentralTrackingPV_PV_06_X_00_15,2040,CentralTrackingPV,Oahu,SUN,0,0,0
Oahu_CentralTrackingPV_PV_06_X_00_15,2045,CentralTrackingPV,Oahu,SUN,3.33148,0,3.77201e+06
Oahu_CentralTrackingPV_PV_06_X_15_17,2020,CentralTrackingPV,Oahu,SUN,0,0,0
Oahu_CentralTrackingPV_PV_06_X_15_17,2025,CentralTrackingPV,Oahu,SUN,0,0,0
Oahu_CentralTrackingPV_PV_06_X_15_17,2030,CentralTrackingPV,Oahu,SUN,0,0,0
Oahu_CentralTrackingPV_PV_06_X_15_17,2035,CentralTrackingPV,Oahu,SUN,0,0,0
Oahu_CentralTrackingPV_PV_06_X_15_17,2040,CentralTrackingPV,Oahu,SUN,0,0,0
Oahu_CentralTrackingPV_PV_06_X_15_17,2045,CentralTrackingPV,Oahu,SUN,0,0,0
Oahu_CentralTrackingPV_PV_06_X_17_20,2020,CentralTrackingPV,Oahu,SUN,0,0,0
Oahu_CentralTrackingPV_PV_06_X_17_20,2025,CentralTrackingPV,Oahu,SUN,0,0,0
Oahu_CentralTrackingPV_PV_06_X_17_20,2030,CentralTrackingPV,Oahu,SUN,0,0,0
Oahu_CentralTrackingPV_PV_06_X_17_20,2035,CentralTrackingPV,Oahu,SUN,0,0,0
Oahu_CentralTrackingPV_PV_06_X_17_20,2040,CentralTrackingPV,Oahu,SUN,0,0,0
Oahu_CentralTrackingPV_PV_06_X_17_20,2045,CentralTrackingPV,Oahu,SUN,0,0,0
Oahu_CentralTrackingPV_PV_07_B_00_15,2020,CentralTrackingPV,Oahu,SUN,0,0,0
Oahu_CentralTrackingPV_PV_07_B_00_15,2025,CentralTrackingPV,Oahu,SUN,0,0,0
Oahu_CentralTrackingPV_PV_07_B_00_15,2030,CentralTrackingPV,Oahu,SUN,0,0,0
Oahu_CentralTrackingPV_PV_07_B_00_15,2035,CentralTrackingPV,Oahu,SUN,0,0,0
Oahu_CentralTrackingPV_PV_07_B_00_15,2040,CentralTrackingPV,Oahu,SUN,0,0,0
Oahu_CentralTrackingPV_PV_07_B_00_15,2045,CentralTrackingPV,Oahu,SUN,97.353,0,1.11351e+08
Oahu_CentralTrackingPV_PV_07_B_15_17,2020,CentralTrackingPV,Oahu,SUN,0,0,0
Oahu_CentralTrackingPV_PV_07_B_15_17,2025,CentralTrackingPV,Oahu,SUN,0,0,0
Oahu_CentralTrackingPV_PV_07_B_15_17,2030,CentralTrackingPV,Oahu,SUN,0,0,0
Oahu_CentralTrackingPV_PV_07_B_15_17,2035,CentralTrackingPV,Oahu,SUN,0,0,0
Oahu_CentralTrackingPV_PV_07_B_15_17,2040,CentralTrackingPV,Oahu,SUN,0,0,0
Oahu_CentralTrackingPV_PV_07_B_15_17,2045,CentralTrackingPV,Oahu,SUN,0,0,0
Oahu_CentralTrackingPV_PV_07_B_17_20,2020,CentralTrackingPV,Oahu,SUN,0,0,0
Oahu_CentralTrackingPV_PV_07_B_17_20,2025,CentralTrackingPV,Oahu,SUN,0,0,0
Oahu_CentralTrackingPV_PV_07_B_17_20,2030,CentralTrackingPV,Oahu,SUN,0,0,0
Oahu_CentralTrackingPV_PV_07_B_17_20,2035,CentralTrackingPV,Oahu,SUN,0,0,0
Oahu_CentralTrackingPV_PV_07_B_17_20,2040,CentralTrackingPV,Oahu,SUN,0,0,0
Oahu_CentralTrackingPV_PV_07_B_17_20,2045,CentralTrackingPV,Oahu,SUN,0,0,0
Oahu_CentralTrackingPV_PV_07_C_00_15,2020,CentralTrackingPV,Oahu,SUN,0,0,0
Oahu_CentralTrackingPV_PV_07_C_00_15,2025,CentralTrackingPV,Oahu,SUN,0,0,0
Oahu_CentralTrackingPV_PV_07_C_00_15,2030,CentralTrackingPV,Oahu,SUN,0,0,0
Oahu_CentralTrackingPV_PV_07_C_00_15,2035,CentralTrackingPV,Oahu,SUN,0,0,0
Oahu_CentralTrackingPV_PV_07_C_00_15,2040,CentralTrackingPV,Oahu,SUN,0,0,0
Oahu_CentralTrackingPV_PV_07_C_00_15,2045,CentralTrackingPV,Oahu,SUN,18.8124,0,2.14637e+07
Oahu_CentralTrackingPV_PV_07_C_15_17,2020,CentralTrackingPV,Oahu,SUN,0,0,0
Oahu_CentralTrackingPV_PV_07_C_15_17,2025,CentralTrackingPV,Oahu,SUN,0,0,0
Oahu_CentralTrackingPV_PV_07_C_15_17,2030,CentralTrackingPV,Oahu,SUN,0,0,0
Oahu_CentralTrackingPV_PV_07_C_15_17,2035,CentralTrackingPV,Oahu,SUN,0,0,0
Oahu_CentralTrackingPV_PV_07_C_15_17,2040,CentralTrackingPV,Oahu,SUN,0,0,0
Oahu_CentralTrackingPV_PV_07_C_15_17,2045,CentralTrackingPV,Oahu,SUN,2.98094,0,3.56773e+06
Oahu_CentralTrackingPV_PV_07_C_17_20,2020,CentralTrackingPV,Oahu,SUN,0,0,0
Oahu_CentralTrackingPV_PV_07_C_17_20,2025,CentralTrackingPV,Oahu,SUN,0,0,0
Oahu_CentralTrackingPV_PV_07_C_17_20,2030,CentralTrackingPV,Oahu,SUN,0,0,0
Oahu_CentralTrackingPV_PV_07_C_17_20,2035,CentralTrackingPV,Oahu,SUN,0,0,0
Oahu_CentralTrackingPV_PV_07_C_17_20,2040,CentralTrackingPV,Oahu,SUN,0,0,0
Oahu_CentralTrackingPV_PV_07_C_17_20,2045,CentralTrackingPV,Oahu,SUN,2.43713,0,2.93953e+06
Oahu_CentralTrackingPV_PV_07_X_00_15,2020,CentralTrackingPV,Oahu,SUN,60.6,0,1.28624e+08
Oahu_CentralTrackingPV_PV_07_X_00_15,2025,CentralTrackingPV,Oahu,SUN,0,0,0
Oahu_CentralTrackingPV_PV_07_X_00_15,2030,CentralTrackingPV,Oahu,SUN,0,0,0
Oahu_CentralTrackingPV_PV_07_X_00_15,2035,CentralTrackingPV,Oahu,SUN,0,0,0
Oahu_CentralTrackingPV_PV_07_X_00_15,2040,CentralTrackingPV,Oahu,SUN,0,0,0
Oahu_CentralTrackingPV_PV_07_X_00_15,2045,CentralTrackingPV,Oahu,SUN,123.128,0,1.40523e+08
Oahu_CentralTrackingPV_PV_07_X_15_17,2020,CentralTrackingPV,Oahu,SUN,0,0,0
Oahu_CentralTrackingPV_PV_07_X_15_17,2025,CentralTrackingPV,Oahu,SUN,0,0,0
Oahu_CentralTrackingPV_PV_07_X_15_17,2030,CentralTrackingPV,Oahu,SUN,0,0,0
Oahu_CentralTrackingPV_PV_07_X_15_17,2035,CentralTrackingPV,Oahu,SUN,0,0,0
Oahu_CentralTrackingPV_PV_07_X_15_17,2040,CentralTrackingPV,Oahu,SUN,0,0,0
Oahu_CentralTrackingPV_PV_07_X_15_17,2045,CentralTrackingPV,Oahu,SUN,19.3338,0,2.3124e+07
Oahu_CentralTrackingPV_PV_07_X_17_20,2020,CentralTrackingPV,Oahu,SUN,0,0,0
Oahu_CentralTrackingPV_PV_07_X_17_20,2025,CentralTrackingPV,Oahu,SUN,0,0,0
Oahu_CentralTrackingPV_PV_07_X_17_20,2030,CentralTrackingPV,Oahu,SUN,0,0,0
Oahu_CentralTrackingPV_PV_07_X_17_20,2035,CentralTrackingPV,Oahu,SUN,0,0,0
Oahu_CentralTrackingPV_PV_07_X_17_20,2040,CentralTrackingPV,Oahu,SUN,0,0,0
Oahu_CentralTrackingPV_PV_07_X_17_20,2045,CentralTrackingPV,Oahu,SUN,18.6975,0,2.25341e+07
Oahu_CentralTrackingPV_PV_08_B_00_15,2020,CentralTrackingPV,Oahu,SUN,0,0,0
Oahu_CentralTrackingPV_PV_08_B_00_15,2025,CentralTrackingPV,Oahu,SUN,0,0,0
Oahu_CentralTrackingPV_PV_08_B_00_15,2030,CentralTrackingPV,Oahu,SUN,0,0,0
Oahu_CentralTrackingPV_PV_08_B_00_15,2035,CentralTrackingPV,Oahu,SUN,0,0,0
Oahu_CentralTrackingPV_PV_08_B_00_15,2040,CentralTrackingPV,Oahu,SUN,0,0,0
Oahu_CentralTrackingPV_PV_08_B_00_15,2045,CentralTrackingPV,Oahu,SUN,0,0,0
Oahu_CentralTrackingPV_PV_08_B_15_17,2020,CentralTrackingPV,Oahu,SUN,0,0,0
Oahu_CentralTrackingPV_PV_08_B_15_17,2025,CentralTrackingPV,Oahu,SUN,0,0,0
Oahu_CentralTrackingPV_PV_08_B_15_17,2030,CentralTrackingPV,Oahu,SUN,0,0,0
Oahu_CentralTrackingPV_PV_08_B_15_17,2035,CentralTrackingPV,Oahu,SUN,0,0,0
Oahu_CentralTrackingPV_PV_08_B_15_17,2040,CentralTrackingPV,Oahu,SUN,0,0,0
Oahu_CentralTrackingPV_PV_08_B_15_17,2045,CentralTrackingPV,Oahu,SUN,0,0,0
Oahu_CentralTrackingPV_PV_08_B_17_20,2020,CentralTrackingPV,Oahu,SUN,0,0,0
Oahu_CentralTrackingPV_PV_08_B_17_20,2025,CentralTrackingPV,Oahu,SUN,0,0,0
Oahu_CentralTrackingPV_PV_08_B_17_20,2030,CentralTrackingPV,Oahu,SUN,0,0,0
Oahu_CentralTrackingPV_PV_08_B_17_20,2035,CentralTrackingPV,Oahu,SUN,0,0,0
Oahu_CentralTrackingPV_PV_08_B_17_20,2040,CentralTrackingPV,Oahu,SUN,0,0,0
Oahu_CentralTrackingPV_PV_08_B_17_20,2045,CentralTrackingPV,Oahu,SUN,0,0,0
Oahu_CentralTrackingPV_PV_08_C_00_15,2020,CentralTrackingPV,Oahu,SUN,0,0,0
Oahu_CentralTrackingPV_PV_08_C_00_15,2025,CentralTrackingPV,Oahu,SUN,0,0,0
Oahu_CentralTrackingPV_PV_08_C_00_15,2030,CentralTrackingPV,Oahu,SUN,0,0,0
Oahu_CentralTrackingPV_PV_08_C_00_15,2035,CentralTrackingPV,Oahu,SUN,0,0,0
Oahu_CentralTrackingPV_PV_08_C_00_15,2040,CentralTrackingPV,Oahu,SUN,0,0,0
Oahu_CentralTrackingPV_PV_08_C_00_15,2045,CentralTrackingPV,Oahu,SUN,0,0,0
Oahu_CentralTrackingPV_PV_08_C_15_17,2020,CentralTrackingPV,Oahu,SUN,0,0,0
Oahu_CentralTrackingPV_PV_08_C_15_17,2025,CentralTrackingPV,Oahu,SUN,0,0,0
Oahu_CentralTrackingPV_PV_08_C_15_17,2030,CentralTrackingPV,Oahu,SUN,0,0,0
Oahu_CentralTrackingPV_PV_08_C_15_17,2035,CentralTrackingPV,Oahu,SUN,0,0,0
Oahu_CentralTrackingPV_PV_08_C_15_17,2040,CentralTrackingPV,Oahu,SUN,0,0,0
Oahu_CentralTrackingPV_PV_08_C_15_17,2045,CentralTrackingPV,Oahu,SUN,0,0,0
Oahu_CentralTrackingPV_PV_08_C_17_20,2020,CentralTrackingPV,Oahu,SUN,0,0,0
Oahu_CentralTrackingPV_PV_08_C_17_20,2025,CentralTrackingPV,Oahu,SUN,0,0,0
Oahu_CentralTrackingPV_PV_08_C_17_20,2030,CentralTrackingPV,Oahu,SUN,0,0,0
Oahu_CentralTrackingPV_PV_08_C_17_20,2035,CentralTrackingPV,Oahu,SUN,0,0,0
Oahu_CentralTrackingPV_PV_08_C_17_20,2040,CentralTrackingPV,Oahu,SUN,0,0,0
Oahu_CentralTrackingPV_PV_08_C_17_20,2045,CentralTrackingPV,Oahu,SUN,0,0,0
Oahu_CentralTrackingPV_PV_08_X_00_15,2020,CentralTrackingPV,Oahu,SUN,0,0,0
Oahu_CentralTrackingPV_PV_08_X_00_15,2025,CentralTrackingPV,Oahu,SUN,0,0,0
Oahu_CentralTrackingPV_PV_08_X_00_15,2030,CentralTrackingPV,Oahu,SUN,0,0,0
Oahu_CentralTrackingPV_PV_08_X_00_15,2035,CentralTrackingPV,Oahu,SUN,0,0,0
Oahu_CentralTrackingPV_PV_08_X_00_15,2040,CentralTrackingPV,Oahu,SUN,0,0,0
Oahu_CentralTrackingPV_PV_08_X_00_15,2045,CentralTrackingPV,Oahu,SUN,0,0,0
Oahu_CentralTrackingPV_PV_08_X_15_17,2020,CentralTrackingPV,Oahu,SUN,0,0,0
Oahu_CentralTrackingPV_PV_08_X_15_17,2025,CentralTrackingPV,Oahu,SUN,0,0,0
Oahu_CentralTrackingPV_PV_08_X_15_17,2030,CentralTrackingPV,Oahu,SUN,0,0,0
Oahu_CentralTrackingPV_PV_08_X_15_17,2035,CentralTrackingPV,Oahu,SUN,0,0,0
Oahu_CentralTrackingPV_PV_08_X_15_17,2040,CentralTrackingPV,Oahu,SUN,0,0,0
Oahu_CentralTrackingPV_PV_08_X_15_17,2045,CentralTrackingPV,Oahu,SUN,0,0,0
Oahu_CentralTrackingPV_PV_08_X_17_20,2020,CentralTrackingPV,Oahu,SUN,0,0,0
Oahu_CentralTrackingPV_PV_08_X_17_20,2025,CentralTrackingPV,Oahu,SUN,0,0,0
Oahu_CentralTrackingPV_PV_08_X_17_20,2030,CentralTrackingPV,Oahu,SUN,0,0,0
Oahu_CentralTrackingPV_PV_08_X_17_20,2035,CentralTrackingPV,Oahu,SUN,0,0,0
Oahu_CentralTrackingPV_PV_08_X_17_20,2040,CentralTrackingPV,Oahu,SUN,0,0,0
Oahu_CentralTrackingPV_PV_08_X_17_20,2045,CentralTrackingPV,Oahu,SUN,0,0,0
Oahu_CentralTrackingPV_PV_09_B_00_15,2020,CentralTrackingPV,Oahu,SUN,0,0,0
Oahu_CentralTrackingPV_PV_09_B_00_15,2025,CentralTrackingPV,Oahu,SUN,0,0,0
Oahu_CentralTrackingPV_PV_09_B_00_15,2030,CentralTrackingPV,Oahu,SUN,0,0,0
Oahu_CentralTrackingPV_PV_09_B_00_15,2035,CentralTrackingPV,Oahu,SUN,0,0,0
Oahu_CentralTrackingPV_PV_09_B_00_15,2040,CentralTrackingPV,Oahu,SUN,0,0,0
Oahu_CentralTrackingPV_PV_09_B_00_15,2045,CentralTrackingPV,Oahu,SUN,0,0,0
Oahu_CentralTrackingPV_PV_09_B_15_17,2020,CentralTrackingPV,Oahu,SUN,0,0,0
Oahu_CentralTrackingPV_PV_09_B_15_17,2025,CentralTrackingPV,Oahu,SUN,0,0,0
Oahu_CentralTrackingPV_PV_09_B_15_17,2030,CentralTrackingPV,Oahu,SUN,0,0,0
Oahu_CentralTrackingPV_PV_09_B_15_17,2035,CentralTrackingPV,Oahu,SUN,0,0,0
Oahu_CentralTrackingPV_PV_09_B_15_17,2040,CentralTrackingPV,Oahu,SUN,0,0,0
Oahu_CentralTrackingPV_PV_09_B_15_17,2045,CentralTrackingPV,Oahu,SUN,0,0,0
Oahu_CentralTrackingPV_PV_09_B_17_20,2020,CentralTrackingPV,Oahu,SUN,0,0,0
Oahu_CentralTrackingPV_PV_09_B_17_20,2025,CentralTrackingPV,Oahu,SUN,0,0,0
Oahu_CentralTrackingPV_PV_09_B_17_20,2030,CentralTrackingPV,Oahu,SUN,0,0,0
Oahu_CentralTrackingPV_PV_09_B_17_20,2035,CentralTrackingPV,Oahu,SUN,0,0,0
Oahu_CentralTrackingPV_PV_09_B_17_20,2040,CentralTrackingPV,Oahu,SUN,0,0,0
Oahu_CentralTrackingPV_PV_09_B_17_20,2045,CentralTrackingPV,Oahu,SUN,0,0,0
Oahu_CentralTrackingPV_PV_09_C_00_15,2020,CentralTrackingPV,Oahu,SUN,0,0,0
Oahu_CentralTrackingPV_PV_09_C_00_15,2025,CentralTrackingPV,Oahu,SUN,0,0,0
Oahu_CentralTrackingPV_PV_09_C_00_15,2030,CentralTrackingPV,Oahu,SUN,0,0,0
Oahu_CentralTrackingPV_PV_09_C_00_15,2035,CentralTrackingPV,Oahu,SUN,0,0,0
Oahu_CentralTrackingPV_PV_09_C_00_15,2040,CentralTrackingPV,Oahu,SUN,0,0,0
Oahu_CentralTrackingPV_PV_09_C_00_15,2045,CentralTrackingPV,Oahu,SUN,0,0,0
Oahu_CentralTrackingPV_PV_09_C_15_17,2020,CentralTrackingPV,Oahu,SUN,0,0,0
Oahu_CentralTrackingPV_PV_09_C_15_17,2025,CentralTrackingPV,Oahu,SUN,0,0,0
Oahu_CentralTrackingPV_PV_09_C_15_17,2030,CentralTrackingPV,Oahu,SUN,0,0,0
Oahu_CentralTrackingPV_PV_09_C_15_17,2035,CentralTrackingPV,Oahu,SUN,0,0,0
Oahu_CentralTrackingPV_PV_09_C_15_17,2040,CentralTrackingPV,Oahu,SUN,0,0,0
Oahu_CentralTrackingPV_PV_09_C_15_17,2045,CentralTrackingPV,Oahu,SUN,0,0,0
Oahu_CentralTrackingPV_PV_09_C_17_20,2020,CentralTrackingPV,Oahu,SUN,0,0,0
Oahu_CentralTrackingPV_PV_09_C_17_20,2025,CentralTrackingPV,Oahu,SUN,0,0,0
Oahu_CentralTrackingPV_PV_09_C_17_20,2030,CentralTrackingPV,Oahu,SUN,0,0,0
Oahu_CentralTrackingPV_PV_09_C_17_20,2035,CentralTrackingPV,Oahu,SUN,0,0,0
Oahu_CentralTrackingPV_PV_09_C_17_20,2040,CentralTrackingPV,Oahu,SUN,0,0,0
Oahu_CentralTrackingPV_PV_09_C_17_20,2045,CentralTrackingPV,Oahu,SUN,0,0,0
Oahu_CentralTrackingPV_PV_09_X_00_15,2020,CentralTrackingPV,Oahu,SUN,0,0,0
Oahu_CentralTrackingPV_PV_09_X_00_15,2025,CentralTrackingPV,Oahu,SUN,0,0,0
Oahu_CentralTrackingPV_PV_09_X_00_15,2030,CentralTrackingPV,Oahu,SUN,0,0,0
Oahu_CentralTrackingPV_PV_09_X_00_15,2035,CentralTrackingPV,Oahu,SUN,0,0,0
Oahu_CentralTrackingPV_PV_09_X_00_15,2040,CentralTrackingPV,Oahu,SUN,0,0,0
Oahu_CentralTrackingPV_PV_09_X_00_15,2045,CentralTrackingPV,Oahu,SUN,106.741,0,1.24279e+08
Oahu_CentralTrackingPV_PV_09_X_15_17,2020,CentralTrackingPV,Oahu,SUN,0,0,0
Oahu_CentralTrackingPV_PV_09_X_15_17,2025,CentralTrackingPV,Oahu,SUN,0,0,0
Oahu_CentralTrackingPV_PV_09_X_15_17,2030,CentralTrackingPV,Oahu,SUN,0,0,0
Oahu_CentralTrackingPV_PV_09_X_15_17,2035,CentralTrackingPV,Oahu,SUN,0,0,0
Oahu_CentralTrackingPV_PV_09_X_15_17,2040,CentralTrackingPV,Oahu,SUN,0,0,0
Oahu_CentralTrackingPV_PV_09_X_15_17,2045,CentralTrackingPV,Oahu,SUN,0,0,0
Oahu_CentralTrackingPV_PV_09_X_17_20,2020,CentralTrackingPV,Oahu,SUN,0,0,0
Oahu_CentralTrackingPV_PV_09_X_17_20,2025,CentralTrackingPV,Oahu,SUN,0,0,0
Oahu_CentralTrackingPV_PV_09_X_17_20,2030,CentralTrackingPV,Oahu,SUN,0,0,0
Oahu_CentralTrackingPV_PV_09_X_17_20,2035,CentralTrackingPV,Oahu,SUN,0,0,0
Oahu_CentralTrackingPV_PV_09_X_17_20,2040,CentralTrackingPV,Oahu,SUN,0,0,0
Oahu_CentralTrackingPV_PV_09_X_17_20,2045,CentralTrackingPV,Oahu,SUN,0,0,0
Oahu_CentralTrackingPV_PV_10_B_00_15,2020,CentralTrackingPV,Oahu,SUN,0,0,0
Oahu_CentralTrackingPV_PV_10_B_00_15,2025,CentralTrackingPV,Oahu,SUN,0,0,0
Oahu_CentralTrackingPV_PV_10_B_00_15,2030,CentralTrackingPV,Oahu,SUN,31.8075,0,4.22176e+07
Oahu_CentralTrackingPV_PV_10_B_00_15,2035,CentralTrackingPV,Oahu,SUN,203.287,0,2.58031e+08
Oahu_CentralTrackingPV_PV_10_B_00_15,2040,CentralTrackingPV,Oahu,SUN,200.024,0,2.42291e+08
Oahu_CentralTrackingPV_PV_10_B_00_15,2045,CentralTrackingPV,Oahu,SUN,489.156,0,5.64153e+08
Oahu_CentralTrackingPV_PV_10_B_15_17,2020,CentralTrackingPV,Oahu,SUN,0,0,0
Oahu_CentralTrackingPV_PV_10_B_15_17,2025,CentralTrackingPV,Oahu,SUN,0,0,0
Oahu_CentralTrackingPV_PV_10_B_15_17,2030,CentralTrackingPV,Oahu,SUN,0,0,0
Oahu_CentralTrackingPV_PV_10_B_15_17,2035,CentralTrackingPV,Oahu,SUN,0,0,0
Oahu_CentralTrackingPV_PV_10_B_15_17,2040,CentralTrackingPV,Oahu,SUN,0,0,0
Oahu_CentralTrackingPV_PV_10_B_15_17,2045,CentralTrackingPV,Oahu,SUN,0,0,0
Oahu_CentralTrackingPV_PV_10_B_17_20,2020,CentralTrackingPV,Oahu,SUN,0,0,0
Oahu_CentralTrackingPV_PV_10_B_17_20,2025,CentralTrackingPV,Oahu,SUN,0,0,0
Oahu_CentralTrackingPV_PV_10_B_17_20,2030,CentralTrackingPV,Oahu,SUN,0,0,0
Oahu_CentralTrackingPV_PV_10_B_17_20,2035,CentralTrackingPV,Oahu,SUN,0,0,0
Oahu_CentralTrackingPV_PV_10_B_17_20,2040,CentralTrackingPV,Oahu,SUN,0,0,0
Oahu_CentralTrackingPV_PV_10_B_17_20,2045,CentralTrackingPV,Oahu,SUN,0,0,0
Oahu_CentralTrackingPV_PV_10_C_00_15,2020,CentralTrackingPV,Oahu,SUN,0,0,0
Oahu_CentralTrackingPV_PV_10_C_00_15,2025,CentralTrackingPV,Oahu,SUN,0,0,0
Oahu_CentralTrackingPV_PV_10_C_00_15,2030,CentralTrackingPV,Oahu,SUN,0,0,0
Oahu_CentralTrackingPV_PV_10_C_00_15,2035,CentralTrackingPV,Oahu,SUN,0,0,0
Oahu_CentralTrackingPV_PV_10_C_00_15,2040,CentralTrackingPV,Oahu,SUN,0,0,0
Oahu_CentralTrackingPV_PV_10_C_00_15,2045,CentralTrackingPV,Oahu,SUN,149.961,0,1.72953e+08
Oahu_CentralTrackingPV_PV_10_C_15_17,2020,CentralTrackingPV,Oahu,SUN,0,0,0
Oahu_CentralTrackingPV_PV_10_C_15_17,2025,CentralTrackingPV,Oahu,SUN,0,0,0
Oahu_CentralTrackingPV_PV_10_C_15_17,2030,CentralTrackingPV,Oahu,SUN,0,0,0
Oahu_CentralTrackingPV_PV_10_C_15_17,2035,CentralTrackingPV,Oahu,SUN,0,0,0
Oahu_CentralTrackingPV_PV_10_C_15_17,2040,CentralTrackingPV,Oahu,SUN,0,0,0
Oahu_CentralTrackingPV_PV_10_C_15_17,2045,CentralTrackingPV,Oahu,SUN,0,0,0
Oahu_CentralTrackingPV_PV_10_C_17_20,2020,CentralTrackingPV,Oahu,SUN,0,0,0
Oahu_CentralTrackingPV_PV_10_C_17_20,2025,CentralTrackingPV,Oahu,SUN,0,0,0
Oahu_CentralTrackingPV_PV_10_C_17_20,2030,CentralTrackingPV,Oahu,SUN,0,0,0
Oahu_CentralTrackingPV_PV_10_C_17_20,2035,CentralTrackingPV,Oahu,SUN,0,0,0
Oahu_CentralTrackingPV_PV_10_C_17_20,2040,CentralTrackingPV,Oahu,SUN,0,0,0
Oahu_CentralTrackingPV_PV_10_C_17_20,2045,CentralTrackingPV,Oahu,SUN,0,0,0
Oahu_CentralTrackingPV_PV_10_X_00_15,2020,CentralTrackingPV,Oahu,SUN,0,0,0
Oahu_CentralTrackingPV_PV_10_X_00_15,2025,CentralTrackingPV,Oahu,SUN,0,0,0
Oahu_CentralTrackingPV_PV_10_X_00_15,2030,CentralTrackingPV,Oahu,SUN,0,0,0
Oahu_CentralTrackingPV_PV_10_X_00_15,2035,CentralTrackingPV,Oahu,SUN,0,0,0
Oahu_CentralTrackingPV_PV_10_X_00_15,2040,CentralTrackingPV,Oahu,SUN,0,0,0
Oahu_CentralTrackingPV_PV_10_X_00_15,2045,CentralTrackingPV,Oahu,SUN,121.198,0,1.40023e+08
Oahu_CentralTrackingPV_PV_10_X_15_17,2020,CentralTrackingPV,Oahu,SUN,0,0,0
Oahu_CentralTrackingPV_PV_10_X_15_17,2025,CentralTrackingPV,Oahu,SUN,0,0,0
Oahu_CentralTrackingPV_PV_10_X_15_17,2030,CentralTrackingPV,Oahu,SUN,0,0,0
Oahu_CentralTrackingPV_PV_10_X_15_17,2035,CentralTrackingPV,Oahu,SUN,0,0,0
Oahu_CentralTrackingPV_PV_10_X_15_17,2040,CentralTrackingPV,Oahu,SUN,0,0,0
Oahu_CentralTrackingPV_PV_10_X_15_17,2045,CentralTrackingPV,Oahu,SUN,0,0,0
Oahu_CentralTrackingPV_PV_10_X_17_20,2020,CentralTrackingPV,Oahu,SUN,0,0,0
Oahu_CentralTrackingPV_PV_10_X_17_20,2025,CentralTrackingPV,Oahu,SUN,0,0,0
Oahu_CentralTrackingPV_PV_10_X_17_20,2030,CentralTrackingPV,Oahu,SUN,0,0,0
Oahu_CentralTrackingPV_PV_10_X_17_20,2035,CentralTrackingPV,Oahu,SUN,0,0,0
Oahu_CentralTrackingPV_PV_10_X_17_20,2040,CentralTrackingPV,Oahu,SUN,0,0,0
Oahu_CentralTrackingPV_PV_10_X_17_20,2045,CentralTrackingPV,Oahu,SUN,0,0,0
Oahu_CentralTrackingPV_PV_11_B_00_15,2020,CentralTrackingPV,Oahu,SUN,49,0,1.04949e+08
Oahu_CentralTrackingPV_PV_11_B_00_15,2025,CentralTrackingPV,Oahu,SUN,0,0,0
Oahu_CentralTrackingPV_PV_11_B_00_15,2030,CentralTrackingPV,Oahu,SUN,89.0979,0,1.18905e+08
Oahu_CentralTrackingPV_PV_11_B_00_15,2035,CentralTrackingPV,Oahu,SUN,0,0,0
Oahu_CentralTrackingPV_PV_11_B_00_15,2040,CentralTrackingPV,Oahu,SUN,0,0,0
Oahu_CentralTrackingPV_PV_11_B_00_15,2045,CentralTrackingPV,Oahu,SUN,0,0,0
Oahu_CentralTrackingPV_PV_11_B_15_17,2020,CentralTrackingPV,Oahu,SUN,0,0,0
Oahu_CentralTrackingPV_PV_11_B_15_17,2025,CentralTrackingPV,Oahu,SUN,0,0,0
Oahu_CentralTrackingPV_PV_11_B_15_17,2030,CentralTrackingPV,Oahu,SUN,8.70126,0,1.2091e+07
Oahu_CentralTrackingPV_PV_11_B_15_17,2035,CentralTrackingPV,Oahu,SUN,0,0,0
Oahu_CentralTrackingPV_PV_11_B_15_17,2040,CentralTrackingPV,Oahu,SUN,0,0,0
Oahu_CentralTrackingPV_PV_11_B_15_17,2045,CentralTrackingPV,Oahu,SUN,0,0,0
Oahu_CentralTrackingPV_PV_11_B_17_20,2020,CentralTrackingPV,Oahu,SUN,0,0,0
Oahu_CentralTrackingPV_PV_11_B_17_20,2025,CentralTrackingPV,Oahu,SUN,0,0,0
Oahu_CentralTrackingPV_PV_11_B_17_20,2030,CentralTrackingPV,Oahu,SUN,0,0,0
Oahu_CentralTrackingPV_PV_11_B_17_20,2035,CentralTrackingPV,Oahu,SUN,0,0,0
Oahu_CentralTrackingPV_PV_11_B_17_20,2040,CentralTrackingPV,Oahu,SUN,0,0,0
Oahu_CentralTrackingPV_PV_11_B_17_20,2045,CentralTrackingPV,Oahu,SUN,5.61547,0,6.87772e+06
Oahu_CentralTrackingPV_PV_11_C_00_15,2020,CentralTrackingPV,Oahu,SUN,0,0,0
Oahu_CentralTrackingPV_PV_11_C_00_15,2025,CentralTrackingPV,Oahu,SUN,0,0,0
Oahu_CentralTrackingPV_PV_11_C_00_15,2030,CentralTrackingPV,Oahu,SUN,0,0,0
Oahu_CentralTrackingPV_PV_11_C_00_15,2035,CentralTrackingPV,Oahu,SUN,0,0,0
Oahu_CentralTrackingPV_PV_11_C_00_15,2040,CentralTrackingPV,Oahu,SUN,59.7615,0,7.27444e+07
Oahu_CentralTrackingPV_PV_11_C_00_15,2045,CentralTrackingPV,Oahu,SUN,0,0,0
Oahu_CentralTrackingPV_PV_11_C_15_17,2020,CentralTrackingPV,Oahu,SUN,0,0,0
Oahu_CentralTrackingPV_PV_11_C_15_17,2025,CentralTrackingPV,Oahu,SUN,0,0,0
Oahu_CentralTrackingPV_PV_11_C_15_17,2030,CentralTrackingPV,Oahu,SUN,0,0,0
Oahu_CentralTrackingPV_PV_11_C_15_17,2035,CentralTrackingPV,Oahu,SUN,0,0,0
Oahu_CentralTrackingPV_PV_11_C_15_17,2040,CentralTrackingPV,Oahu,SUN,0,0,0
Oahu_CentralTrackingPV_PV_11_C_15_17,2045,CentralTrackingPV,Oahu,SUN,4.57358,0,5.55312e+06
Oahu_CentralTrackingPV_PV_11_C_17_20,2020,CentralTrackingPV,Oahu,SUN,0,0,0
Oahu_CentralTrackingPV_PV_11_C_17_20,2025,CentralTrackingPV,Oahu,SUN,0,0,0
Oahu_CentralTrackingPV_PV_11_C_17_20,2030,CentralTrackingPV,Oahu,SUN,0,0,0
Oahu_CentralTrackingPV_PV_11_C_17_20,2035,CentralTrackingPV,Oahu,SUN,0,0,0
Oahu_CentralTrackingPV_PV_11_C_17_20,2040,CentralTrackingPV,Oahu,SUN,0,0,0
Oahu_CentralTrackingPV_PV_11_C_17_20,2045,CentralTrackingPV,Oahu,SUN,3.65403,0,4.47017e+06
Oahu_CentralTrackingPV_PV_11_X_00_15,2020,CentralTrackingPV,Oahu,SUN,0,0,0
Oahu_CentralTrackingPV_PV_11_X_00_15,2025,CentralTrackingPV,Oahu,SUN,0,0,0
Oahu_CentralTrackingPV_PV_11_X_00_15,2030,CentralTrackingPV,Oahu,SUN,4.73632,0,6.32254e+06
Oahu_CentralTrackingPV_PV_11_X_00_15,2035,CentralTrackingPV,Oahu,SUN,0,0,0
Oahu_CentralTrackingPV_PV_11_X_00_15,2040,CentralTrackingPV,Oahu,SUN,45.1751,0,5.50653e+07
Oahu_CentralTrackingPV_PV_11_X_00_15,2045,CentralTrackingPV,Oahu,SUN,71.6954,0,8.32343e+07
Oahu_CentralTrackingPV_PV_11_X_15_17,2020,CentralTrackingPV,Oahu,SUN,0,0,0
Oahu_CentralTrackingPV_PV_11_X_15_17,2025,CentralTrackingPV,Oahu,SUN,0,0,0
Oahu_CentralTrackingPV_PV_11_X_15_17,2030,CentralTrackingPV,Oahu,SUN,0,0,0
Oahu_CentralTrackingPV_PV_11_X_15_17,2035,CentralTrackingPV,Oahu,SUN,0,0,0
Oahu_CentralTrackingPV_PV_11_X_15_17,2040,CentralTrackingPV,Oahu,SUN,0,0,0
Oahu_CentralTrackingPV_PV_11_X_15_17,2045,CentralTrackingPV,Oahu,SUN,15.4605,0,1.87819e+07
Oahu_CentralTrackingPV_PV_11_X_17_20,2020,CentralTrackingPV,Oahu,SUN,0,0,0
Oahu_CentralTrackingPV_PV_11_X_17_20,2025,CentralTrackingPV,Oahu,SUN,0,0,0
Oahu_CentralTrackingPV_PV_11_X_17_20,2030,CentralTrackingPV,Oahu,SUN,0,0,0
Oahu_CentralTrackingPV_PV_11_X_17_20,2035,CentralTrackingPV,Oahu,SUN,0,0,0
Oahu_CentralTrackingPV_PV_11_X_17_20,2040,CentralTrackingPV,Oahu,SUN,0,0,0
Oahu_CentralTrackingPV_PV_11_X_17_20,2045,CentralTrackingPV,Oahu,SUN,16.619,0,2.03431e+07
Oahu_CentralTrackingPV_PV_12_B_00_15,2020,CentralTrackingPV,Oahu,SUN,0,0,0
Oahu_CentralTrackingPV_PV_12_B_00_15,2025,CentralTrackingPV,Oahu,SUN,0,0,0
Oahu_CentralTrackingPV_PV_12_B_00_15,2030,CentralTrackingPV,Oahu,SUN,53.9018,0,7.21752e+07
Oahu_CentralTrackingPV_PV_12_B_00_15,2035,CentralTrackingPV,Oahu,SUN,0,0,0
Oahu_CentralTrackingPV_PV_12_B_00_15,2040,CentralTrackingPV,Oahu,SUN,0,0,0
Oahu_CentralTrackingPV_PV_12_B_00_15,2045,CentralTrackingPV,Oahu,SUN,0,0,0
Oahu_CentralTrackingPV_PV_12_B_15_17,2020,CentralTrackingPV,Oahu,SUN,0,0,0
Oahu_CentralTrackingPV_PV_12_B_15_17,2025,CentralTrackingPV,Oahu,SUN,0,0,0
Oahu_CentralTrackingPV_PV_12_B_15_17,2030,CentralTrackingPV,Oahu,SUN,0,0,0
Oahu_CentralTrackingPV_PV_12_B_15_17,2035,CentralTrackingPV,Oahu,SUN,0,0,0
Oahu_CentralTrackingPV_PV_12_B_15_17,2040,CentralTrackingPV,Oahu,SUN,0,0,0
Oahu_CentralTrackingPV_PV_12_B_15_17,2045,CentralTrackingPV,Oahu,SUN,2.28756,0,2.78989e+06
Oahu_CentralTrackingPV_PV_12_B_17_20,2020,CentralTrackingPV,Oahu,SUN,0,0,0
Oahu_CentralTrackingPV_PV_12_B_17_20,2025,CentralTrackingPV,Oahu,SUN,0,0,0
Oahu_CentralTrackingPV_PV_12_B_17_20,2030,CentralTrackingPV,Oahu,SUN,0,0,0
Oahu_CentralTrackingPV_PV_12_B_17_20,2035,CentralTrackingPV,Oahu,SUN,0,0,0
Oahu_CentralTrackingPV_PV_12_B_17_20,2040,CentralTrackingPV,Oahu,SUN,0,0,0
Oahu_CentralTrackingPV_PV_12_B_17_20,2045,CentralTrackingPV,Oahu,SUN,1.49235,0,1.8332e+06
Oahu_CentralTrackingPV_PV_12_C_00_15,2020,CentralTrackingPV,Oahu,SUN,0,0,0
Oahu_CentralTrackingPV_PV_12_C_00_15,2025,CentralTrackingPV,Oahu,SUN,0,0,0
Oahu_CentralTrackingPV_PV_12_C_00_15,2030,CentralTrackingPV,Oahu,SUN,85.7828,0,1.14837e+08
Oahu_CentralTrackingPV_PV_12_C_00_15,2035,CentralTrackingPV,Oahu,SUN,0,0,0
Oahu_CentralTrackingPV_PV_12_C_00_15,2040,CentralTrackingPV,Oahu,SUN,0,0,0
Oahu_CentralTrackingPV_PV_12_C_00_15,2045,CentralTrackingPV,Oahu,SUN,0,0,0
Oahu_CentralTrackingPV_PV_12_C_15_17,2020,CentralTrackingPV,Oahu,SUN,0,0,0
Oahu_CentralTrackingPV_PV_12_C_15_17,2025,CentralTrackingPV,Oahu,SUN,0,0,0
Oahu_CentralTrackingPV_PV_12_C_15_17,2030,CentralTrackingPV,Oahu,SUN,4.92475,0,6.86308e+06
Oahu_CentralTrackingPV_PV_12_C_15_17,2035,CentralTrackingPV,Oahu,SUN,0,0,0
Oahu_CentralTrackingPV_PV_12_C_15_17,2040,CentralTrackingPV,Oahu,SUN,7.51264,0,9.59825e+06
Oahu_CentralTrackingPV_PV_12_C_15_17,2045,CentralTrackingPV,Oahu,SUN,0,0,0
Oahu_CentralTrackingPV_PV_12_C_17_20,2020,CentralTrackingPV,Oahu,SUN,0,0,0
Oahu_CentralTrackingPV_PV_12_C_17_20,2025,CentralTrackingPV,Oahu,SUN,0,0,0
Oahu_CentralTrackingPV_PV_12_C_17_20,2030,CentralTrackingPV,Oahu,SUN,0,0,0
Oahu_CentralTrackingPV_PV_12_C_17_20,2035,CentralTrackingPV,Oahu,SUN,0,0,0
Oahu_CentralTrackingPV_PV_12_C_17_20,2040,CentralTrackingPV,Oahu,SUN,6.78549,0,8.73145e+06
Oahu_CentralTrackingPV_PV_12_C_17_20,2045,CentralTrackingPV,Oahu,SUN,4.05725,0,4.98552e+06
Oahu_CentralTrackingPV_PV_12_X_00_15,2020,CentralTrackingPV,Oahu,SUN,0,0,0
Oahu_CentralTrackingPV_PV_12_X_00_15,2025,CentralTrackingPV,Oahu,SUN,0,0,0
Oahu_CentralTrackingPV_PV_12_X_00_15,2030,CentralTrackingPV,Oahu,SUN,73.3499,0,9.81945e+07
Oahu_CentralTrackingPV_PV_12_X_00_15,2035,CentralTrackingPV,Oahu,SUN,0,0,0
Oahu_CentralTrackingPV_PV_12_X_00_15,2040,CentralTrackingPV,Oahu,SUN,0,0,0
Oahu_CentralTrackingPV_PV_12_X_00_15,2045,CentralTrackingPV,Oahu,SUN,0,0,0
Oahu_CentralTrackingPV_PV_12_X_15_17,2020,CentralTrackingPV,Oahu,SUN,0,0,0
Oahu_CentralTrackingPV_PV_12_X_15_17,2025,CentralTrackingPV,Oahu,SUN,0,0,0
Oahu_CentralTrackingPV_PV_12_X_15_17,2030,CentralTrackingPV,Oahu,SUN,0,0,0
Oahu_CentralTrackingPV_PV_12_X_15_17,2035,CentralTrackingPV,Oahu,SUN,0,0,0
Oahu_CentralTrackingPV_PV_12_X_15_17,2040,CentralTrackingPV,Oahu,SUN,19.0177,0,2.4298e+07
Oahu_CentralTrackingPV_PV_12_X_15_17,2045,CentralTrackingPV,Oahu,SUN,0,0,0
Oahu_CentralTrackingPV_PV_12_X_17_20,2020,CentralTrackingPV,Oahu,SUN,0,0,0
Oahu_CentralTrackingPV_PV_12_X_17_20,2025,CentralTrackingPV,Oahu,SUN,0,0,0
Oahu_CentralTrackingPV_PV_12_X_17_20,2030,CentralTrackingPV,Oahu,SUN,0,0,0
Oahu_CentralTrackingPV_PV_12_X_17_20,2035,CentralTrackingPV,Oahu,SUN,0,0,0
Oahu_CentralTrackingPV_PV_12_X_17_20,2040,CentralTrackingPV,Oahu,SUN,0,0,0
Oahu_CentralTrackingPV_PV_12_X_17_20,2045,CentralTrackingPV,Oahu,SUN,21.695,0,2.66567e+07
Oahu_CentralTrackingPV_PV_13_B_00_15,2020,CentralTrackingPV,Oahu,SUN,0,0,0
Oahu_CentralTrackingPV_PV_13_B_00_15,2025,CentralTrackingPV,Oahu,SUN,0,0,0
Oahu_CentralTrackingPV_PV_13_B_00_15,2030,CentralTrackingPV,Oahu,SUN,84.2901,0,1.12731e+08
Oahu_CentralTrackingPV_PV_13_B_00_15,2035,CentralTrackingPV,Oahu,SUN,0,0,0
Oahu_CentralTrackingPV_PV_13_B_00_15,2040,CentralTrackingPV,Oahu,SUN,0,0,0
Oahu_CentralTrackingPV_PV_13_B_00_15,2045,CentralTrackingPV,Oahu,SUN,123.201,0,1.4334e+08
Oahu_CentralTrackingPV_PV_13_B_15_17,2020,CentralTrackingPV,Oahu,SUN,0,0,0
Oahu_CentralTrackingPV_PV_13_B_15_17,2025,CentralTrackingPV,Oahu,SUN,0,0,0
Oahu_CentralTrackingPV_PV_13_B_15_17,2030,CentralTrackingPV,Oahu,SUN,0,0,0
Oahu_CentralTrackingPV_PV_13_B_15_17,2035,CentralTrackingPV,Oahu,SUN,0,0,0
Oahu_CentralTrackingPV_PV_13_B_15_17,2040,CentralTrackingPV,Oahu,SUN,0,0,0
Oahu_CentralTrackingPV_PV_13_B_15_17,2045,CentralTrackingPV,Oahu,SUN,12.7913,0,1.55776e+07
Oahu_CentralTrackingPV_PV_13_B_17_20,2020,CentralTrackingPV,Oahu,SUN,0,0,0
Oahu_CentralTrackingPV_PV_13_B_17_20,2025,CentralTrackingPV,Oahu,SUN,0,0,0
Oahu_CentralTrackingPV_PV_13_B_17_20,2030,CentralTrackingPV,Oahu,SUN,0,0,0
Oahu_CentralTrackingPV_PV_13_B_17_20,2035,CentralTrackingPV,Oahu,SUN,0,0,0
Oahu_CentralTrackingPV_PV_13_B_17_20,2040,CentralTrackingPV,Oahu,SUN,0,0,0
Oahu_CentralTrackingPV_PV_13_B_17_20,2045,CentralTrackingPV,Oahu,SUN,8.92366,0,1.0948e+07
Oahu_CentralTrackingPV_PV_13_C_00_15,2020,CentralTrackingPV,Oahu,SUN,0,0,0
Oahu_CentralTrackingPV_PV_13_C_00_15,2025,CentralTrackingPV,Oahu,SUN,0,0,0
Oahu_CentralTrackingPV_PV_13_C_00_15,2030,CentralTrackingPV,Oahu,SUN,0,0,0
Oahu_CentralTrackingPV_PV_13_C_00_15,2035,CentralTrackingPV,Oahu,SUN,0,0,0
Oahu_CentralTrackingPV_PV_13_C_00_15,2040,CentralTrackingPV,Oahu,SUN,0,0,0
Oahu_CentralTrackingPV_PV_13_C_00_15,2045,CentralTrackingPV,Oahu,SUN,85.9924,0,1.00006e+08
Oahu_CentralTrackingPV_PV_13_C_15_17,2020,CentralTrackingPV,Oahu,SUN,0,0,0
Oahu_CentralTrackingPV_PV_13_C_15_17,2025,CentralTrackingPV,Oahu,SUN,0,0,0
Oahu_CentralTrackingPV_PV_13_C_15_17,2030,CentralTrackingPV,Oahu,SUN,0,0,0
Oahu_CentralTrackingPV_PV_13_C_15_17,2035,CentralTrackingPV,Oahu,SUN,0,0,0
Oahu_CentralTrackingPV_PV_13_C_15_17,2040,CentralTrackingPV,Oahu,SUN,0,0,0
Oahu_CentralTrackingPV_PV_13_C_15_17,2045,CentralTrackingPV,Oahu,SUN,0,0,0
Oahu_CentralTrackingPV_PV_13_C_17_20,2020,CentralTrackingPV,Oahu,SUN,0,0,0
Oahu_CentralTrackingPV_PV_13_C_17_20,2025,CentralTrackingPV,Oahu,SUN,0,0,0
Oahu_CentralTrackingPV_PV_13_C_17_20,2030,CentralTrackingPV,Oahu,SUN,0,0,0
Oahu_CentralTrackingPV_PV_13_C_17_20,2035,CentralTrackingPV,Oahu,SUN,0,0,0
Oahu_CentralTrackingPV_PV_13_C_17_20,2040,CentralTrackingPV,Oahu,SUN,0,0,0
Oahu_CentralTrackingPV_PV_13_C_17_20,2045,CentralTrackingPV,Oahu,SUN,0,0,0
Oahu_CentralTrackingPV_PV_13_X_00_15,2020,CentralTrackingPV,Oahu,SUN,0,0,0
Oahu_CentralTrackingPV_PV_13_X_00_15,2025,CentralTrackingPV,Oahu,SUN,0,0,0
Oahu_CentralTrackingPV_PV_13_X_00_15,2030,CentralTrackingPV,Oahu,SUN,148.518,0,1.98773e+08
Oahu_CentralTrackingPV_PV_13_X_00_15,2035,CentralTrackingPV,Oahu,SUN,0,0,0
Oahu_CentralTrackingPV_PV_13_X_00_15,2040,CentralTrackingPV,Oahu,SUN,0,0,0
Oahu_CentralTrackingPV_PV_13_X_00_15,2045,CentralTrackingPV,Oahu,SUN,0,0,0
Oahu_CentralTrackingPV_PV_13_X_15_17,2020,CentralTrackingPV,Oahu,SUN,0,0,0
Oahu_CentralTrackingPV_PV_13_X_15_17,2025,CentralTrackingPV,Oahu,SUN,0,0,0
Oahu_CentralTrackingPV_PV_13_X_15_17,2030,CentralTrackingPV,Oahu,SUN,0,0,0
Oahu_CentralTrackingPV_PV_13_X_15_17,2035,CentralTrackingPV,Oahu,SUN,0,0,0
Oahu_CentralTrackingPV_PV_13_X_15_17,2040,CentralTrackingPV,Oahu,SUN,0,0,0
Oahu_CentralTrackingPV_PV_13_X_15_17,2045,CentralTrackingPV,Oahu,SUN,0,0,0
Oahu_CentralTrackingPV_PV_13_X_17_20,2020,CentralTrackingPV,Oahu,SUN,0,0,0
Oahu_CentralTrackingPV_PV_13_X_17_20,2025,CentralTrackingPV,Oahu,SUN,0,0,0
Oahu_CentralTrackingPV_PV_13_X_17_20,2030,CentralTrackingPV,Oahu,SUN,0,0,0
Oahu_CentralTrackingPV_PV_13_X_17_20,2035,CentralTrackingPV,Oahu,SUN,0,0,0
Oahu_CentralTrackingPV_PV_13_X_17_20,2040,CentralTrackingPV,Oahu,SUN,0,0,0
Oahu_CentralTrackingPV_PV_13_X_17_20,2045,CentralTrackingPV,Oahu,SUN,0,0,0
Oahu_CentralTrackingPV_PV_14_B_00_15,2020,CentralTrackingPV,Oahu,SUN,0,0,0
Oahu_CentralTrackingPV_PV_14_B_00_15,2025,CentralTrackingPV,Oahu,SUN,0,0,0
Oahu_CentralTrackingPV_PV_14_B_00_15,2030,CentralTrackingPV,Oahu,SUN,0,0,0
Oahu_CentralTrackingPV_PV_14_B_00_15,2035,CentralTrackingPV,Oahu,SUN,0,0,0
Oahu_CentralTrackingPV_PV_14_B_00_15,2040,CentralTrackingPV,Oahu,SUN,0,0,0
Oahu_CentralTrackingPV_PV_14_B_00_15,2045,CentralTrackingPV,Oahu,SUN,0,0,0
Oahu_CentralTrackingPV_PV_14_B_15_17,2020,CentralTrackingPV,Oahu,SUN,0,0,0
Oahu_CentralTrackingPV_PV_14_B_15_17,2025,CentralTrackingPV,Oahu,SUN,0,0,0
Oahu_CentralTrackingPV_PV_14_B_15_17,2030,CentralTrackingPV,Oahu,SUN,0,0,0
Oahu_CentralTrackingPV_PV_14_B_15_17,2035,CentralTrackingPV,Oahu,SUN,0,0,0
Oahu_CentralTrackingPV_PV_14_B_15_17,2040,CentralTrackingPV,Oahu,SUN,0,0,0
Oahu_CentralTrackingPV_PV_14_B_15_17,2045,CentralTrackingPV,Oahu,SUN,0,0,0
Oahu_CentralTrackingPV_PV_14_B_17_20,2020,CentralTrackingPV,Oahu,SUN,0,0,0
Oahu_CentralTrackingPV_PV_14_B_17_20,2025,CentralTrackingPV,Oahu,SUN,0,0,0
Oahu_CentralTrackingPV_PV_14_B_17_20,2030,CentralTrackingPV,Oahu,SUN,0,0,0
Oahu_CentralTrackingPV_PV_14_B_17_20,2035,CentralTrackingPV,Oahu,SUN,0,0,0
Oahu_CentralTrackingPV_PV_14_B_17_20,2040,CentralTrackingPV,Oahu,SUN,0,0,0
Oahu_CentralTrackingPV_PV_14_B_17_20,2045,CentralTrackingPV,Oahu,SUN,0,0,0
Oahu_CentralTrackingPV_PV_14_C_00_15,2020,CentralTrackingPV,Oahu,SUN,0,0,0
Oahu_CentralTrackingPV_PV_14_C_00_15,2025,CentralTrackingPV,Oahu,SUN,0,0,0
Oahu_CentralTrackingPV_PV_14_C_00_15,2030,CentralTrackingPV,Oahu,SUN,0,0,0
Oahu_CentralTrackingPV_PV_14_C_00_15,2035,CentralTrackingPV,Oahu,SUN,0,0,0
Oahu_CentralTrackingPV_PV_14_C_00_15,2040,CentralTrackingPV,Oahu,SUN,0,0,0
Oahu_CentralTrackingPV_PV_14_C_00_15,2045,CentralTrackingPV,Oahu,SUN,0,0,0
Oahu_CentralTrackingPV_PV_14_C_15_17,2020,CentralTrackingPV,Oahu,SUN,0,0,0
Oahu_CentralTrackingPV_PV_14_C_15_17,2025,CentralTrackingPV,Oahu,SUN,0,0,0
Oahu_CentralTrackingPV_PV_14_C_15_17,2030,CentralTrackingPV,Oahu,SUN,0,0,0
Oahu_CentralTrackingPV_PV_14_C_15_17,2035,CentralTrackingPV,Oahu,SUN,0,0,0
Oahu_CentralTrackingPV_PV_14_C_15_17,2040,CentralTrackingPV,Oahu,SUN,0,0,0
Oahu_CentralTrackingPV_PV_14_C_15_17,2045,CentralTrackingPV,Oahu,SUN,0,0,0
Oahu_CentralTrackingPV_PV_14_C_17_20,2020,CentralTrackingPV,Oahu,SUN,0,0,0
Oahu_CentralTrackingPV_PV_14_C_17_20,2025,CentralTrackingPV,Oahu,SUN,0,0,0
Oahu_CentralTrackingPV_PV_14_C_17_20,2030,CentralTrackingPV,Oahu,SUN,0,0,0
Oahu_CentralTrackingPV_PV_14_C_17_20,2035,CentralTrackingPV,Oahu,SUN,0,0,0
Oahu_CentralTrackingPV_PV_14_C_17_20,2040,CentralTrackingPV,Oahu,SUN,0,0,0
Oahu_CentralTrackingPV_PV_14_C_17_20,2045,CentralTrackingPV,Oahu,SUN,0,0,0
Oahu_CentralTrackingPV_PV_14_X_00_15,2020,CentralTrackingPV,Oahu,SUN,0,0,0
Oahu_CentralTrackingPV_PV_14_X_00_15,2025,CentralTrackingPV,Oahu,SUN,0,0,0
Oahu_CentralTrackingPV_PV_14_X_00_15,2030,CentralTrackingPV,Oahu,SUN,0,0,0
Oahu_CentralTrackingPV_PV_14_X_00_15,2035,CentralTrackingPV,Oahu,SUN,0,0,0
Oahu_CentralTrackingPV_PV_14_X_00_15,2040,CentralTrackingPV,Oahu,SUN,0,0,0
Oahu_CentralTrackingPV_PV_14_X_00_15,2045,CentralTrackingPV,Oahu,SUN,17.6101,0,2.03412e+07
Oahu_CentralTrackingPV_PV_14_X_15_17,2020,CentralTrackingPV,Oahu,SUN,0,0,0
Oahu_CentralTrackingPV_PV_14_X_15_17,2025,CentralTrackingPV,Oahu,SUN,0,0,0
Oahu_CentralTrackingPV_PV_14_X_15_17,2030,CentralTrackingPV,Oahu,SUN,0,0,0
Oahu_CentralTrackingPV_PV_14_X_15_17,2035,CentralTrackingPV,Oahu,SUN,0,0,0
Oahu_CentralTrackingPV_PV_14_X_15_17,2040,CentralTrackingPV,Oahu,SUN,0,0,0
Oahu_CentralTrackingPV_PV_14_X_15_17,2045,CentralTrackingPV,Oahu,SUN,0,0,0
Oahu_CentralTrackingPV_PV_14_X_17_20,2020,CentralTrackingPV,Oahu,SUN,0,0,0
Oahu_CentralTrackingPV_PV_14_X_17_20,2025,CentralTrackingPV,Oahu,SUN,0,0,0
Oahu_CentralTrackingPV_PV_14_X_17_20,2030,CentralTrackingPV,Oahu,SUN,0,0,0
Oahu_CentralTrackingPV_PV_14_X_17_20,2035,CentralTrackingPV,Oahu,SUN,0,0,0
Oahu_CentralTrackingPV_PV_14_X_17_20,2040,CentralTrackingPV,Oahu,SUN,0,0,0
Oahu_CentralTrackingPV_PV_14_X_17_20,2045,CentralTrackingPV,Oahu,SUN,0,0,0
Oahu_CentralTrackingPV_PV_15_B_00_15,2020,CentralTrackingPV,Oahu,SUN,0,0,0
Oahu_CentralTrackingPV_PV_15_B_00_15,2025,CentralTrackingPV,Oahu,SUN,0,0,0
Oahu_CentralTrackingPV_PV_15_B_00_15,2030,CentralTrackingPV,Oahu,SUN,0,0,0
Oahu_CentralTrackingPV_PV_15_B_00_15,2035,CentralTrackingPV,Oahu,SUN,0,0,0
Oahu_CentralTrackingPV_PV_15_B_00_15,2040,CentralTrackingPV,Oahu,SUN,0,0,0
Oahu_CentralTrackingPV_PV_15_B_00_15,2045,CentralTrackingPV,Oahu,SUN,0,0,0
Oahu_CentralTrackingPV_PV_15_B_15_17,2020,CentralTrackingPV,Oahu,SUN,0,0,0
Oahu_CentralTrackingPV_PV_15_B_15_17,2025,CentralTrackingPV,Oahu,SUN,0,0,0
Oahu_CentralTrackingPV_PV_15_B_15_17,2030,CentralTrackingPV,Oahu,SUN,0,0,0
Oahu_CentralTrackingPV_PV_15_B_15_17,2035,CentralTrackingPV,Oahu,SUN,0,0,0
Oahu_CentralTrackingPV_PV_15_B_15_17,2040,CentralTrackingPV,Oahu,SUN,0,0,0
Oahu_CentralTrackingPV_PV_15_B_15_17,2045,CentralTrackingPV,Oahu,SUN,0,0,0
Oahu_CentralTrackingPV_PV_15_B_17_20,2020,CentralTrackingPV,Oahu,SUN,0,0,0
Oahu_CentralTrackingPV_PV_15_B_17_20,2025,CentralTrackingPV,Oahu,SUN,0,0,0
Oahu_CentralTrackingPV_PV_15_B_17_20,2030,CentralTrackingPV,Oahu,SUN,0,0,0
Oahu_CentralTrackingPV_PV_15_B_17_20,2035,CentralTrackingPV,Oahu,SUN,0,0,0
Oahu_CentralTrackingPV_PV_15_B_17_20,2040,CentralTrackingPV,Oahu,SUN,0,0,0
Oahu_CentralTrackingPV_PV_15_B_17_20,2045,CentralTrackingPV,Oahu,SUN,0,0,0
Oahu_CentralTrackingPV_PV_15_C_00_15,2020,CentralTrackingPV,Oahu,SUN,0,0,0
Oahu_CentralTrackingPV_PV_15_C_00_15,2025,CentralTrackingPV,Oahu,SUN,0,0,0
Oahu_CentralTrackingPV_PV_15_C_00_15,2030,CentralTrackingPV,Oahu,SUN,0,0,0
Oahu_CentralTrackingPV_PV_15_C_00_15,2035,CentralTrackingPV,Oahu,SUN,0,0,0
Oahu_CentralTrackingPV_PV_15_C_00_15,2040,CentralTrackingPV,Oahu,SUN,0,0,0
Oahu_CentralTrackingPV_PV_15_C_00_15,2045,CentralTrackingPV,Oahu,SUN,0,0,0
Oahu_CentralTrackingPV_PV_15_C_15_17,2020,CentralTrackingPV,Oahu,SUN,0,0,0
Oahu_CentralTrackingPV_PV_15_C_15_17,2025,CentralTrackingPV,Oahu,SUN,0,0,0
Oahu_CentralTrackingPV_PV_15_C_15_17,2030,CentralTrackingPV,Oahu,SUN,0,0,0
Oahu_CentralTrackingPV_PV_15_C_15_17,2035,CentralTrackingPV,Oahu,SUN,0,0,0
Oahu_CentralTrackingPV_PV_15_C_15_17,2040,CentralTrackingPV,Oahu,SUN,0,0,0
Oahu_CentralTrackingPV_PV_15_C_15_17,2045,CentralTrackingPV,Oahu,SUN,0,0,0
Oahu_CentralTrackingPV_PV_15_C_17_20,2020,CentralTrackingPV,Oahu,SUN,0,0,0
Oahu_CentralTrackingPV_PV_15_C_17_20,2025,CentralTrackingPV,Oahu,SUN,0,0,0
Oahu_CentralTrackingPV_PV_15_C_17_20,2030,CentralTrackingPV,Oahu,SUN,0,0,0
Oahu_CentralTrackingPV_PV_15_C_17_20,2035,CentralTrackingPV,Oahu,SUN,0,0,0
Oahu_CentralTrackingPV_PV_15_C_17_20,2040,CentralTrackingPV,Oahu,SUN,0,0,0
Oahu_CentralTrackingPV_PV_15_C_17_20,2045,CentralTrackingPV,Oahu,SUN,0,0,0
Oahu_CentralTrackingPV_PV_15_X_00_15,2020,CentralTrackingPV,Oahu,SUN,0,0,0
Oahu_CentralTrackingPV_PV_15_X_00_15,2025,CentralTrackingPV,Oahu,SUN,0,0,0
Oahu_CentralTrackingPV_PV_15_X_00_15,2030,CentralTrackingPV,Oahu,SUN,0,0,0
Oahu_CentralTrackingPV_PV_15_X_00_15,2035,CentralTrackingPV,Oahu,SUN,0,0,0
Oahu_CentralTrackingPV_PV_15_X_00_15,2040,CentralTrackingPV,Oahu,SUN,0,0,0
Oahu_CentralTrackingPV_PV_15_X_00_15,2045,CentralTrackingPV,Oahu,SUN,0,0,0
Oahu_CentralTrackingPV_PV_15_X_15_17,2020,CentralTrackingPV,Oahu,SUN,0,0,0
Oahu_CentralTrackingPV_PV_15_X_15_17,2025,CentralTrackingPV,Oahu,SUN,0,0,0
Oahu_CentralTrackingPV_PV_15_X_15_17,2030,CentralTrackingPV,Oahu,SUN,0,0,0
Oahu_CentralTrackingPV_PV_15_X_15_17,2035,CentralTrackingPV,Oahu,SUN,0,0,0
Oahu_CentralTrackingPV_PV_15_X_15_17,2040,CentralTrackingPV,Oahu,SUN,0,0,0
Oahu_CentralTrackingPV_PV_15_X_15_17,2045,CentralTrackingPV,Oahu,SUN,0,0,0
Oahu_CentralTrackingPV_PV_15_X_17_20,2020,CentralTrackingPV,Oahu,SUN,0,0,0
Oahu_CentralTrackingPV_PV_15_X_17_20,2025,CentralTrackingPV,Oahu,SUN,0,0,0
Oahu_CentralTrackingPV_PV_15_X_17_20,2030,CentralTrackingPV,Oahu,SUN,0,0,0
Oahu_CentralTrackingPV_PV_15_X_17_20,2035,CentralTrackingPV,Oahu,SUN,0,0,0
Oahu_CentralTrackingPV_PV_15_X_17_20,2040,CentralTrackingPV,Oahu,SUN,0,0,0
Oahu_CentralTrackingPV_PV_15_X_17_20,2045,CentralTrackingPV,Oahu,SUN,0,0,0
Oahu_CentralTrackingPV_PV_16_B_00_15,2020,CentralTrackingPV,Oahu,SUN,0,0,0
Oahu_CentralTrackingPV_PV_16_B_00_15,2025,CentralTrackingPV,Oahu,SUN,0,0,0
Oahu_CentralTrackingPV_PV_16_B_00_15,2030,CentralTrackingPV,Oahu,SUN,0,0,0
Oahu_CentralTrackingPV_PV_16_B_00_15,2035,CentralTrackingPV,Oahu,SUN,0,0,0
Oahu_CentralTrackingPV_PV_16_B_00_15,2040,CentralTrackingPV,Oahu,SUN,0,0,0
Oahu_CentralTrackingPV_PV_16_B_00_15,2045,CentralTrackingPV,Oahu,SUN,80.4339,0,9.25465e+07
Oahu_CentralTrackingPV_PV_16_B_15_17,2020,CentralTrackingPV,Oahu,SUN,0,0,0
Oahu_CentralTrackingPV_PV_16_B_15_17,2025,CentralTrackingPV,Oahu,SUN,0,0,0
Oahu_CentralTrackingPV_PV_16_B_15_17,2030,CentralTrackingPV,Oahu,SUN,0,0,0
Oahu_CentralTrackingPV_PV_16_B_15_17,2035,CentralTrackingPV,Oahu,SUN,0,0,0
Oahu_CentralTrackingPV_PV_16_B_15_17,2040,CentralTrackingPV,Oahu,SUN,0,0,0
Oahu_CentralTrackingPV_PV_16_B_15_17,2045,CentralTrackingPV,Oahu,SUN,0.886657,0,1.06875e+06
Oahu_CentralTrackingPV_PV_16_B_17_20,2020,CentralTrackingPV,Oahu,SUN,0,0,0
Oahu_CentralTrackingPV_PV_16_B_17_20,2025,CentralTrackingPV,Oahu,SUN,0,0,0
Oahu_CentralTrackingPV_PV_16_B_17_20,2030,CentralTrackingPV,Oahu,SUN,0,0,0
Oahu_CentralTrackingPV_PV_16_B_17_20,2035,CentralTrackingPV,Oahu,SUN,0,0,0
Oahu_CentralTrackingPV_PV_16_B_17_20,2040,CentralTrackingPV,Oahu,SUN,0,0,0
Oahu_CentralTrackingPV_PV_16_B_17_20,2045,CentralTrackingPV,Oahu,SUN,0.500068,0,607428
Oahu_CentralTrackingPV_PV_16_C_00_15,2020,CentralTrackingPV,Oahu,SUN,0,0,0
Oahu_CentralTrackingPV_PV_16_C_00_15,2025,CentralTrackingPV,Oahu,SUN,0,0,0
Oahu_CentralTrackingPV_PV_16_C_00_15,2030,CentralTrackingPV,Oahu,SUN,0,0,0
Oahu_CentralTrackingPV_PV_16_C_00_15,2035,CentralTrackingPV,Oahu,SUN,0,0,0
Oahu_CentralTrackingPV_PV_16_C_00_15,2040,CentralTrackingPV,Oahu,SUN,0,0,0
Oahu_CentralTrackingPV_PV_16_C_00_15,2045,CentralTrackingPV,Oahu,SUN,41.4022,0,4.75852e+07
Oahu_CentralTrackingPV_PV_16_C_15_17,2020,CentralTrackingPV,Oahu,SUN,0,0,0
Oahu_CentralTrackingPV_PV_16_C_15_17,2025,CentralTrackingPV,Oahu,SUN,0,0,0
Oahu_CentralTrackingPV_PV_16_C_15_17,2030,CentralTrackingPV,Oahu,SUN,0,0,0
Oahu_CentralTrackingPV_PV_16_C_15_17,2035,CentralTrackingPV,Oahu,SUN,0,0,0
Oahu_CentralTrackingPV_PV_16_C_15_17,2040,CentralTrackingPV,Oahu,SUN,0,0,0
Oahu_CentralTrackingPV_PV_16_C_15_17,2045,CentralTrackingPV,Oahu,SUN,3.69079,0,4.44365e+06
Oahu_CentralTrackingPV_PV_16_C_17_20,2020,CentralTrackingPV,Oahu,SUN,0,0,0
Oahu_CentralTrackingPV_PV_16_C_17_20,2025,CentralTrackingPV,Oahu,SUN,0,0,0
Oahu_CentralTrackingPV_PV_16_C_17_20,2030,CentralTrackingPV,Oahu,SUN,0,0,0
Oahu_CentralTrackingPV_PV_16_C_17_20,2035,CentralTrackingPV,Oahu,SUN,0,0,0
Oahu_CentralTrackingPV_PV_16_C_17_20,2040,CentralTrackingPV,Oahu,SUN,0,0,0
Oahu_CentralTrackingPV_PV_16_C_17_20,2045,CentralTrackingPV,Oahu,SUN,3.21862,0,3.9024e+06
Oahu_CentralTrackingPV_PV_16_X_00_15,2020,CentralTrackingPV,Oahu,SUN,0,0,0
Oahu_CentralTrackingPV_PV_16_X_00_15,2025,CentralTrackingPV,Oahu,SUN,0,0,0
Oahu_CentralTrackingPV_PV_16_X_00_15,2030,CentralTrackingPV,Oahu,SUN,0,0,0
Oahu_CentralTrackingPV_PV_16_X_00_15,2035,CentralTrackingPV,Oahu,SUN,0,0,0
Oahu_CentralTrackingPV_PV_16_X_00_15,2040,CentralTrackingPV,Oahu,SUN,0,0,0
Oahu_CentralTrackingPV_PV_16_X_00_15,2045,CentralTrackingPV,Oahu,SUN,108.317,0,1.24509e+08
Oahu_CentralTrackingPV_PV_16_X_15_17,2020,CentralTrackingPV,Oahu,SUN,0,0,0
Oahu_CentralTrackingPV_PV_16_X_15_17,2025,CentralTrackingPV,Oahu,SUN,0,0,0
Oahu_CentralTrackingPV_PV_16_X_15_17,2030,CentralTrackingPV,Oahu,SUN,0,0,0
Oahu_CentralTrackingPV_PV_16_X_15_17,2035,CentralTrackingPV,Oahu,SUN,0,0,0
Oahu_CentralTrackingPV_PV_16_X_15_17,2040,CentralTrackingPV,Oahu,SUN,0,0,0
Oahu_CentralTrackingPV_PV_16_X_15_17,2045,CentralTrackingPV,Oahu,SUN,20.0524,0,2.41361e+07
Oahu_CentralTrackingPV_PV_16_X_17_20,2020,CentralTrackingPV,Oahu,SUN,0,0,0
Oahu_CentralTrackingPV_PV_16_X_17_20,2025,CentralTrackingPV,Oahu,SUN,0,0,0
Oahu_CentralTrackingPV_PV_16_X_17_20,2030,CentralTrackingPV,Oahu,SUN,0,0,0
Oahu_CentralTrackingPV_PV_16_X_17_20,2035,CentralTrackingPV,Oahu,SUN,0,0,0
Oahu_CentralTrackingPV_PV_16_X_17_20,2040,CentralTrackingPV,Oahu,SUN,0,0,0
Oahu_CentralTrackingPV_PV_16_X_17_20,2045,CentralTrackingPV,Oahu,SUN,18.9939,0,2.30321e+07
Oahu_CentralTrackingPV_PV_17_X_00_15,2020,CentralTrackingPV,Oahu,SUN,0,0,0
Oahu_CentralTrackingPV_PV_17_X_00_15,2025,CentralTrackingPV,Oahu,SUN,0,0,0
Oahu_CentralTrackingPV_PV_17_X_00_15,2030,CentralTrackingPV,Oahu,SUN,0,0,0
Oahu_CentralTrackingPV_PV_17_X_00_15,2035,CentralTrackingPV,Oahu,SUN,0,0,0
Oahu_CentralTrackingPV_PV_17_X_00_15,2040,CentralTrackingPV,Oahu,SUN,0,0,0
Oahu_CentralTrackingPV_PV_17_X_00_15,2045,CentralTrackingPV,Oahu,SUN,7.234,0,8.35029e+06
Oahu_CentralTrackingPV_PV_17_X_15_17,2020,CentralTrackingPV,Oahu,SUN,0,0,0
Oahu_CentralTrackingPV_PV_17_X_15_17,2025,CentralTrackingPV,Oahu,SUN,0,0,0
Oahu_CentralTrackingPV_PV_17_X_15_17,2030,CentralTrackingPV,Oahu,SUN,0,0,0
Oahu_CentralTrackingPV_PV_17_X_15_17,2035,CentralTrackingPV,Oahu,SUN,0,0,0
Oahu_CentralTrackingPV_PV_17_X_15_17,2040,CentralTrackingPV,Oahu,SUN,0,0,0
Oahu_CentralTrackingPV_PV_17_X_15_17,2045,CentralTrackingPV,Oahu,SUN,0,0,0
Oahu_CentralTrackingPV_PV_17_X_17_20,2020,CentralTrackingPV,Oahu,SUN,0,0,0
Oahu_CentralTrackingPV_PV_17_X_17_20,2025,CentralTrackingPV,Oahu,SUN,0,0,0
Oahu_CentralTrackingPV_PV_17_X_17_20,2030,CentralTrackingPV,Oahu,SUN,0,0,0
Oahu_CentralTrackingPV_PV_17_X_17_20,2035,CentralTrackingPV,Oahu,SUN,0,0,0
Oahu_CentralTrackingPV_PV_17_X_17_20,2040,CentralTrackingPV,Oahu,SUN,0,0,0
Oahu_CentralTrackingPV_PV_17_X_17_20,2045,CentralTrackingPV,Oahu,SUN,0,0,0
Oahu_CentralTrackingPV_PV_18_B_15_17,2020,CentralTrackingPV,Oahu,SUN,0,0,0
Oahu_CentralTrackingPV_PV_18_B_15_17,2025,CentralTrackingPV,Oahu,SUN,0,0,0
Oahu_CentralTrackingPV_PV_18_B_15_17,2030,CentralTrackingPV,Oahu,SUN,0,0,0
Oahu_CentralTrackingPV_PV_18_B_15_17,2035,CentralTrackingPV,Oahu,SUN,0,0,0
Oahu_CentralTrackingPV_PV_18_B_15_17,2040,CentralTrackingPV,Oahu,SUN,0,0,0
Oahu_CentralTrackingPV_PV_18_B_15_17,2045,CentralTrackingPV,Oahu,SUN,0,0,0
Oahu_CentralTrackingPV_PV_18_B_17_20,2020,CentralTrackingPV,Oahu,SUN,0,0,0
Oahu_CentralTrackingPV_PV_18_B_17_20,2025,CentralTrackingPV,Oahu,SUN,0,0,0
Oahu_CentralTrackingPV_PV_18_B_17_20,2030,CentralTrackingPV,Oahu,SUN,0,0,0
Oahu_CentralTrackingPV_PV_18_B_17_20,2035,CentralTrackingPV,Oahu,SUN,0,0,0
Oahu_CentralTrackingPV_PV_18_B_17_20,2040,CentralTrackingPV,Oahu,SUN,0,0,0
Oahu_CentralTrackingPV_PV_18_B_17_20,2045,CentralTrackingPV,Oahu,SUN,0,0,0
Oahu_CentralTrackingPV_PV_18_X_15_17,2020,CentralTrackingPV,Oahu,SUN,0,0,0
Oahu_CentralTrackingPV_PV_18_X_15_17,2025,CentralTrackingPV,Oahu,SUN,0,0,0
Oahu_CentralTrackingPV_PV_18_X_15_17,2030,CentralTrackingPV,Oahu,SUN,0,0,0
Oahu_CentralTrackingPV_PV_18_X_15_17,2035,CentralTrackingPV,Oahu,SUN,0,0,0
Oahu_CentralTrackingPV_PV_18_X_15_17,2040,CentralTrackingPV,Oahu,SUN,0,0,0
Oahu_CentralTrackingPV_PV_18_X_15_17,2045,CentralTrackingPV,Oahu,SUN,0,0,0
Oahu_CentralTrackingPV_PV_18_X_17_20,2020,CentralTrackingPV,Oahu,SUN,0,0,0
Oahu_CentralTrackingPV_PV_18_X_17_20,2025,CentralTrackingPV,Oahu,SUN,0,0,0
Oahu_CentralTrackingPV_PV_18_X_17_20,2030,CentralTrackingPV,Oahu,SUN,0,0,0
Oahu_CentralTrackingPV_PV_18_X_17_20,2035,CentralTrackingPV,Oahu,SUN,0,0,0
Oahu_CentralTrackingPV_PV_18_X_17_20,2040,CentralTrackingPV,Oahu,SUN,0,0,0
Oahu_CentralTrackingPV_PV_18_X_17_20,2045,CentralTrackingPV,Oahu,SUN,0,0,0
Oahu_FlatDistPV_Oahu_FlatDistPV_0,2020,FlatDistPV,Oahu,SUN,109.18,0,2.93272e+08
Oahu_FlatDistPV_Oahu_FlatDistPV_0,2025,FlatDistPV,Oahu,SUN,0,0,0
Oahu_FlatDistPV_Oahu_FlatDistPV_0,2030,FlatDistPV,Oahu,SUN,0,0,0
Oahu_FlatDistPV_Oahu_FlatDistPV_0,2035,FlatDistPV,Oahu,SUN,0,0,0
Oahu_FlatDistPV_Oahu_FlatDistPV_0,2040,FlatDistPV,Oahu,SUN,0,0,0
Oahu_FlatDistPV_Oahu_FlatDistPV_0,2045,FlatDistPV,Oahu,SUN,31.7957,0,4.19781e+07
Oahu_FlatDistPV_Oahu_FlatDistPV_1,2020,FlatDistPV,Oahu,SUN,7.09559,0,1.90598e+07
Oahu_FlatDistPV_Oahu_FlatDistPV_1,2025,FlatDistPV,Oahu,SUN,0,0,0
Oahu_FlatDistPV_Oahu_FlatDistPV_1,2030,FlatDistPV,Oahu,SUN,0,0,0
Oahu_FlatDistPV_Oahu_FlatDistPV_1,2035,FlatDistPV,Oahu,SUN,0,0,0
Oahu_FlatDistPV_Oahu_FlatDistPV_1,2040,FlatDistPV,Oahu,SUN,0,0,0
Oahu_FlatDistPV_Oahu_FlatDistPV_1,2045,FlatDistPV,Oahu,SUN,0,0,0
Oahu_FlatDistPV_Oahu_FlatDistPV_2,2020,FlatDistPV,Oahu,SUN,0,0,0
Oahu_FlatDistPV_Oahu_FlatDistPV_2,2025,FlatDistPV,Oahu,SUN,0,0,0
Oahu_FlatDistPV_Oahu_FlatDistPV_2,2030,FlatDistPV,Oahu,SUN,0,0,0
Oahu_FlatDistPV_Oahu_FlatDistPV_2,2035,FlatDistPV,Oahu,SUN,0,0,0
Oahu_FlatDistPV_Oahu_FlatDistPV_2,2040,FlatDistPV,Oahu,SUN,0,0,0
Oahu_FlatDistPV_Oahu_FlatDistPV_2,2045,FlatDistPV,Oahu,SUN,0,0,0
Oahu_FlatDistPV_Oahu_FlatDistPV_3,2020,FlatDistPV,Oahu,SUN,9.24486,0,2.4833e+07
Oahu_FlatDistPV_Oahu_FlatDistPV_3,2025,FlatDistPV,Oahu,SUN,0,0,0
Oahu_FlatDistPV_Oahu_FlatDistPV_3,2030,FlatDistPV,Oahu,SUN,0,0,0
Oahu_FlatDistPV_Oahu_FlatDistPV_3,2035,FlatDistPV,Oahu,SUN,0,0,0
Oahu_FlatDistPV_Oahu_FlatDistPV_3,2040,FlatDistPV,Oahu,SUN,0,0,0
Oahu_FlatDistPV_Oahu_FlatDistPV_3,2045,FlatDistPV,Oahu,SUN,0,0,0
Oahu_H-Power,2020,H-Power,Oahu,MSW,0,0,0
Oahu_H-Power,2025,H-Power,Oahu,MSW,0,0,0
Oahu_H-Power,2030,H-Power,Oahu,MSW,0,0,0
Oahu_H-Power,2035,H-Power,Oahu,MSW,0,0,0
Oahu_H-Power,2040,H-Power,Oahu,MSW,0,0,0
Oahu_H-Power,2045,H-Power,Oahu,MSW,0,0,0
Oahu_Hawaii_Cogen,2020,Hawaii_Cogen,Oahu,multiple,0,0,0
Oahu_Hawaii_Cogen,2025,Hawaii_Cogen,Oahu,multiple,0,0,0
Oahu_Hawaii_Cogen,2030,Hawaii_Cogen,Oahu,multiple,0,0,0
Oahu_Hawaii_Cogen,2035,Hawaii_Cogen,Oahu,multiple,0,0,0
Oahu_Hawaii_Cogen,2040,Hawaii_Cogen,Oahu,multiple,0,0,0
Oahu_IC_Barge,2020,IC_Barge,Oahu,multiple,0,0,0
Oahu_IC_Barge,2025,IC_Barge,Oahu,multiple,0,0,0
Oahu_IC_Barge,2030,IC_Barge,Oahu,multiple,0,0,0
Oahu_IC_Barge,2035,IC_Barge,Oahu,multiple,0,0,0
Oahu_IC_Barge,2040,IC_Barge,Oahu,multiple,0,0,0
Oahu_IC_Barge,2045,IC_Barge,Oahu,multiple,0,0,0
Oahu_IC_MCBH,2020,IC_MCBH,Oahu,multiple,0,0,0
Oahu_IC_MCBH,2025,IC_MCBH,Oahu,multiple,0,0,0
Oahu_IC_MCBH,2030,IC_MCBH,Oahu,multiple,0,0,0
Oahu_IC_MCBH,2035,IC_MCBH,Oahu,multiple,0,0,0
Oahu_IC_MCBH,2040,IC_MCBH,Oahu,multiple,0,0,0
Oahu_IC_MCBH,2045,IC_MCBH,Oahu,multiple,0,0,0
Oahu_IC_Schofield,2020,IC_Schofield,Oahu,multiple,0,0,0
Oahu_IC_Schofield,2025,IC_Schofield,Oahu,multiple,0,0,0
Oahu_IC_Schofield,2030,IC_Schofield,Oahu,multiple,0,0,0
Oahu_IC_Schofield,2035,IC_Schofield,Oahu,multiple,0,0,0
Oahu_IC_Schofield,2040,IC_Schofield,Oahu,multiple,0,0,0
Oahu_IC_Schofield,2045,IC_Schofield,Oahu,multiple,0,0,0
Oahu_Kahe_1,2020,Kahe_1,Oahu,multiple,0,0,0
Oahu_Kahe_1,2025,Kahe_1,Oahu,multiple,0,0,0
Oahu_Kahe_2,2020,Kahe_2,Oahu,multiple,0,0,0
Oahu_Kahe_2,2025,Kahe_2,Oahu,multiple,0,0,0
Oahu_Kahe_3,2020,Kahe_3,Oahu,multiple,0,0,0
Oahu_Kahe_3,2025,Kahe_3,Oahu,multiple,0,0,0
Oahu_Kahe_3,2030,Kahe_3,Oahu,multiple,0,0,0
Oahu_Kahe_3,2035,Kahe_3,Oahu,multiple,0,0,0
Oahu_Kahe_4,2020,Kahe_4,Oahu,multiple,0,0,0
Oahu_Kahe_4,2025,Kahe_4,Oahu,multiple,0,0,0
Oahu_Kahe_4,2030,Kahe_4,Oahu,multiple,0,0,0
Oahu_Kahe_4,2035,Kahe_4,Oahu,multiple,0,0,0
Oahu_Kahe_5,2020,Kahe_5,Oahu,multiple,0,0,0
Oahu_Kahe_5,2025,Kahe_5,Oahu,multiple,0,0,0
Oahu_Kahe_5,2030,Kahe_5,Oahu,multiple,0,0,0
Oahu_Kahe_5,2035,Kahe_5,Oahu,multiple,0,0,0
Oahu_Kahe_5,2040,Kahe_5,Oahu,multiple,0,0,0
Oahu_Kahe_5,2045,Kahe_5,Oahu,multiple,0,0,0
Oahu_Kahe_6,2020,Kahe_6,Oahu,multiple,0,0,0
Oahu_Kahe_6,2025,Kahe_6,Oahu,multiple,0,0,0
Oahu_Kahe_6,2030,Kahe_6,Oahu,multiple,0,0,0
Oahu_Kahe_6,2035,Kahe_6,Oahu,multiple,0,0,0
Oahu_Kahe_6,2040,Kahe_6,Oahu,multiple,0,0,0
Oahu_Kahe_6,2045,Kahe_6,Oahu,multiple,0,0,0
Oahu_Kalaeloa_CC1,2020,Kalaeloa_CC1,Oahu,multiple,0,0,0
Oahu_Kalaeloa_CC1,2025,Kalaeloa_CC1,Oahu,multiple,0,0,0
Oahu_Kalaeloa_CC1,2030,Kalaeloa_CC1,Oahu,multiple,0,0,0
Oahu_Kalaeloa_CC1,2035,Kalaeloa_CC1,Oahu,multiple,0,0,0
Oahu_Kalaeloa_CC1,2040,Kalaeloa_CC1,Oahu,multiple,0,0,0
Oahu_Kalaeloa_CC1,2045,Kalaeloa_CC1,Oahu,multiple,0,0,0
Oahu_Kalaeloa_CC2,2020,Kalaeloa_CC2,Oahu,multiple,0,0,0
Oahu_Kalaeloa_CC2,2025,Kalaeloa_CC2,Oahu,multiple,0,0,0
Oahu_Kalaeloa_CC2,2030,Kalaeloa_CC2,Oahu,multiple,0,0,0
Oahu_Kalaeloa_CC2,2035,Kalaeloa_CC2,Oahu,multiple,0,0,0
Oahu_Kalaeloa_CC2,2040,Kalaeloa_CC2,Oahu,multiple,0,0,0
Oahu_Kalaeloa_CC2,2045,Kalaeloa_CC2,Oahu,multiple,0,0,0
Oahu_Kalaeloa_CC3,2020,Kalaeloa_CC3,Oahu,multiple,0,0,0
Oahu_Kalaeloa_CC3,2025,Kalaeloa_CC3,Oahu,multiple,0,0,0
Oahu_Kalaeloa_CC3,2030,Kalaeloa_CC3,Oahu,multiple,0,0,0
Oahu_Kalaeloa_CC3,2035,Kalaeloa_CC3,Oahu,multiple,0,0,0
Oahu_Kalaeloa_CC3,2040,Kalaeloa_CC3,Oahu,multiple,0,0,0
Oahu_Kalaeloa_CC3,2045,Kalaeloa_CC3,Oahu,multiple,0,0,0
Oahu_OffshoreWind_OffWind,2020,OffshoreWind,Oahu,WND,0,0,0
Oahu_OffshoreWind_OffWind,2025,OffshoreWind,Oahu,WND,0,0,0
Oahu_OffshoreWind_OffWind,2030,OffshoreWind,Oahu,WND,0,0,0
Oahu_OffshoreWind_OffWind,2035,OffshoreWind,Oahu,WND,0,0,0
Oahu_OffshoreWind_OffWind,2040,OffshoreWind,Oahu,WND,0,0,0
Oahu_OffshoreWind_OffWind,2045,OffshoreWind,Oahu,WND,0,0,0
Oahu_OnshoreWind_OnWind_101,2020,OnshoreWind,Oahu,WND,0,0,0
Oahu_OnshoreWind_OnWind_101,2025,OnshoreWind,Oahu,WND,0,0,0
Oahu_OnshoreWind_OnWind_101,2030,OnshoreWind,Oahu,WND,0,0,0
Oahu_OnshoreWind_OnWind_101,2035,OnshoreWind,Oahu,WND,0,0,0
Oahu_OnshoreWind_OnWind_101,2040,OnshoreWind,Oahu,WND,0,0,0
Oahu_OnshoreWind_OnWind_101,2045,OnshoreWind,Oahu,WND,0,0,0
Oahu_OnshoreWind_OnWind_102,2020,OnshoreWind,Oahu,WND,0,0,0
Oahu_OnshoreWind_OnWind_102,2025,OnshoreWind,Oahu,WND,0,0,0
Oahu_OnshoreWind_OnWind_102,2030,OnshoreWind,Oahu,WND,0,0,0
Oahu_OnshoreWind_OnWind_102,2035,OnshoreWind,Oahu,WND,0,0,0
Oahu_OnshoreWind_OnWind_102,2040,OnshoreWind,Oahu,WND,0,0,0
Oahu_OnshoreWind_OnWind_102,2045,OnshoreWind,Oahu,WND,0,0,0
Oahu_OnshoreWind_OnWind_103,2020,OnshoreWind,Oahu,WND,0,0,0
Oahu_OnshoreWind_OnWind_103,2025,OnshoreWind,Oahu,WND,0,0,0
Oahu_OnshoreWind_OnWind_103,2030,OnshoreWind,Oahu,WND,0,0,0
Oahu_OnshoreWind_OnWind_103,2035,OnshoreWind,Oahu,WND,0,0,0
Oahu_OnshoreWind_OnWind_103,2040,OnshoreWind,Oahu,WND,0,0,0
Oahu_OnshoreWind_OnWind_103,2045,OnshoreWind,Oahu,WND,0,0,0
Oahu_OnshoreWind_OnWind_104,2020,OnshoreWind,Oahu,WND,0,0,0
Oahu_OnshoreWind_OnWind_104,2025,OnshoreWind,Oahu,WND,0,0,0
Oahu_OnshoreWind_OnWind_104,2030,OnshoreWind,Oahu,WND,0,0,0
Oahu_OnshoreWind_OnWind_104,2035,OnshoreWind,Oahu,WND,0,0,0
Oahu_OnshoreWind_OnWind_104,2040,OnshoreWind,Oahu,WND,0,0,0
Oahu_OnshoreWind_OnWind_104,2045,OnshoreWind,Oahu,WND,0,0,0
Oahu_OnshoreWind_OnWind_105,2020,OnshoreWind,Oahu,WND,0,0,0
Oahu_OnshoreWind_OnWind_105,2025,OnshoreWind,Oahu,WND,0,0,0
Oahu_OnshoreWind_OnWind_105,2030,OnshoreWind,Oahu,WND,0,0,0
Oahu_OnshoreWind_OnWind_105,2035,OnshoreWind,Oahu,WND,0,0,0
Oahu_OnshoreWind_OnWind_105,2040,OnshoreWind,Oahu,WND,0,0,0
Oahu_OnshoreWind_OnWind_105,2045,OnshoreWind,Oahu,WND,0,0,0
Oahu_OnshoreWind_OnWind_106,2020,OnshoreWind,Oahu,WND,0,0,0
Oahu_OnshoreWind_OnWind_106,2025,OnshoreWind,Oahu,WND,0,0,0
Oahu_OnshoreWind_OnWind_106,2030,OnshoreWind,Oahu,WND,0,0,0
Oahu_OnshoreWind_OnWind_106,2035,OnshoreWind,Oahu,WND,0,0,0
Oahu_OnshoreWind_OnWind_106,2040,OnshoreWind,Oahu,WND,0,0,0
Oahu_OnshoreWind_OnWind_106,2045,OnshoreWind,Oahu,WND,0,0,0
Oahu_OnshoreWind_OnWind_107,2020,OnshoreWind,Oahu,WND,0,0,0
Oahu_OnshoreWind_OnWind_107,2025,OnshoreWind,Oahu,WND,0,0,0
Oahu_OnshoreWind_OnWind_107,2030,OnshoreWind,Oahu,WND,0,0,0
Oahu_OnshoreWind_OnWind_107,2035,OnshoreWind,Oahu,WND,0,0,0
Oahu_OnshoreWind_OnWind_107,2040,OnshoreWind,Oahu,WND,0,0,0
Oahu_OnshoreWind_OnWind_107,2045,OnshoreWind,Oahu,WND,0,0,0
Oahu_OnshoreWind_OnWind_201,2020,OnshoreWind,Oahu,WND,0,0,0
Oahu_OnshoreWind_OnWind_201,2025,OnshoreWind,Oahu,WND,0,0,0
Oahu_OnshoreWind_OnWind_201,2030,OnshoreWind,Oahu,WND,0,0,0
Oahu_OnshoreWind_OnWind_201,2035,OnshoreWind,Oahu,WND,0,0,0
Oahu_OnshoreWind_OnWind_201,2040,OnshoreWind,Oahu,WND,0,0,0
Oahu_OnshoreWind_OnWind_201,2045,OnshoreWind,Oahu,WND,0,0,0
Oahu_OnshoreWind_OnWind_202,2020,OnshoreWind,Oahu,WND,0,0,0
Oahu_OnshoreWind_OnWind_202,2025,OnshoreWind,Oahu,WND,0,0,0
Oahu_OnshoreWind_OnWind_202,2030,OnshoreWind,Oahu,WND,0,0,0
Oahu_OnshoreWind_OnWind_202,2035,OnshoreWind,Oahu,WND,0,0,0
Oahu_OnshoreWind_OnWind_202,2040,OnshoreWind,Oahu,WND,0,0,0
Oahu_OnshoreWind_OnWind_202,2045,OnshoreWind,Oahu,WND,0,0,0
Oahu_OnshoreWind_OnWind_203,2020,OnshoreWind,Oahu,WND,0,0,0
Oahu_OnshoreWind_OnWind_203,2025,OnshoreWind,Oahu,WND,0,0,0
Oahu_OnshoreWind_OnWind_203,2030,OnshoreWind,Oahu,WND,0,0,0
Oahu_OnshoreWind_OnWind_203,2035,OnshoreWind,Oahu,WND,0,0,0
Oahu_OnshoreWind_OnWind_203,2040,OnshoreWind,Oahu,WND,0,0,0
Oahu_OnshoreWind_OnWind_203,2045,OnshoreWind,Oahu,WND,0,0,0
Oahu_OnshoreWind_OnWind_204,2020,OnshoreWind,Oahu,WND,0,0,0
Oahu_OnshoreWind_OnWind_204,2025,OnshoreWind,Oahu,WND,0,0,0
Oahu_OnshoreWind_OnWind_204,2030,OnshoreWind,Oahu,WND,0,0,0
Oahu_OnshoreWind_OnWind_204,2035,OnshoreWind,Oahu,WND,0,0,0
Oahu_OnshoreWind_OnWind_204,2040,OnshoreWind,Oahu,WND,0,0,0
Oahu_OnshoreWind_OnWind_204,2045,OnshoreWind,Oahu,WND,0,0,0
Oahu_OnshoreWind_OnWind_205,2020,OnshoreWind,Oahu,WND,0,0,0
Oahu_OnshoreWind_OnWind_205,2025,OnshoreWind,Oahu,WND,0,0,0
Oahu_OnshoreWind_OnWind_205,2030,OnshoreWind,Oahu,WND,0,0,0
Oahu_OnshoreWind_OnWind_205,2035,OnshoreWind,Oahu,WND,0,0,0
Oahu_OnshoreWind_OnWind_205,2040,OnshoreWind,Oahu,WND,0,0,0
Oahu_OnshoreWind_OnWind_205,2045,OnshoreWind,Oahu,WND,0,0,0
Oahu_OnshoreWind_OnWind_206,2020,OnshoreWind,Oahu,WND,0,0,0
Oahu_OnshoreWind_OnWind_206,2025,OnshoreWind,Oahu,WND,0,0,0
Oahu_OnshoreWind_OnWind_206,2030,OnshoreWind,Oahu,WND,0,0,0
Oahu_OnshoreWind_OnWind_206,2035,OnshoreWind,Oahu,WND,0,0,0
Oahu_OnshoreWind_OnWind_206,2040,OnshoreWind,Oahu,WND,0,0,0
Oahu_OnshoreWind_OnWind_206,2045,OnshoreWind,Oahu,WND,0,0,0
Oahu_OnshoreWind_OnWind_207,2020,OnshoreWind,Oahu,WND,0,0,0
Oahu_OnshoreWind_OnWind_207,2025,OnshoreWind,Oahu,WND,0,0,0
Oahu_OnshoreWind_OnWind_207,2030,OnshoreWind,Oahu,WND,0,0,0
Oahu_OnshoreWind_OnWind_207,2035,OnshoreWind,Oahu,WND,0,0,0
Oahu_OnshoreWind_OnWind_207,2040,OnshoreWind,Oahu,WND,0,0,0
Oahu_OnshoreWind_OnWind_207,2045,OnshoreWind,Oahu,WND,0,0,0
Oahu_OnshoreWind_OnWind_208,2020,OnshoreWind,Oahu,WND,0,0,0
Oahu_OnshoreWind_OnWind_208,2025,OnshoreWind,Oahu,WND,0,0,0
Oahu_OnshoreWind_OnWind_208,2030,OnshoreWind,Oahu,WND,0,0,0
Oahu_OnshoreWind_OnWind_208,2035,OnshoreWind,Oahu,WND,0,0,0
Oahu_OnshoreWind_OnWind_208,2040,OnshoreWind,Oahu,WND,0,0,0
Oahu_OnshoreWind_OnWind_208,2045,OnshoreWind,Oahu,WND,0,0,0
Oahu_OnshoreWind_OnWind_209,2020,OnshoreWind,Oahu,WND,0,0,0
Oahu_OnshoreWind_OnWind_209,2025,OnshoreWind,Oahu,WND,0,0,0
Oahu_OnshoreWind_OnWind_209,2030,OnshoreWind,Oahu,WND,0,0,0
Oahu_OnshoreWind_OnWind_209,2035,OnshoreWind,Oahu,WND,0,0,0
Oahu_OnshoreWind_OnWind_209,2040,OnshoreWind,Oahu,WND,0,0,0
Oahu_OnshoreWind_OnWind_209,2045,OnshoreWind,Oahu,WND,0,0,0
Oahu_OnshoreWind_OnWind_301,2020,OnshoreWind,Oahu,WND,0,0,0
Oahu_OnshoreWind_OnWind_301,2025,OnshoreWind,Oahu,WND,0,0,0
Oahu_OnshoreWind_OnWind_301,2030,OnshoreWind,Oahu,WND,0,0,0
Oahu_OnshoreWind_OnWind_301,2035,OnshoreWind,Oahu,WND,0,0,0
Oahu_OnshoreWind_OnWind_301,2040,OnshoreWind,Oahu,WND,0,0,0
Oahu_OnshoreWind_OnWind_301,2045,OnshoreWind,Oahu,WND,0,0,0
Oahu_OnshoreWind_OnWind_302,2020,OnshoreWind,Oahu,WND,0,0,0
Oahu_OnshoreWind_OnWind_302,2025,OnshoreWind,Oahu,WND,0,0,0
Oahu_OnshoreWind_OnWind_302,2030,OnshoreWind,Oahu,WND,0,0,0
Oahu_OnshoreWind_OnWind_302,2035,OnshoreWind,Oahu,WND,0,0,0
Oahu_OnshoreWind_OnWind_302,2040,OnshoreWind,Oahu,WND,0,0,0
Oahu_OnshoreWind_OnWind_302,2045,OnshoreWind,Oahu,WND,0,0,0
Oahu_OnshoreWind_OnWind_303,2020,OnshoreWind,Oahu,WND,0,0,0
Oahu_OnshoreWind_OnWind_303,2025,OnshoreWind,Oahu,WND,0,0,0
Oahu_OnshoreWind_OnWind_303,2030,OnshoreWind,Oahu,WND,0,0,0
Oahu_OnshoreWind_OnWind_303,2035,OnshoreWind,Oahu,WND,0,0,0
Oahu_OnshoreWind_OnWind_303,2040,OnshoreWind,Oahu,WND,0,0,0
Oahu_OnshoreWind_OnWind_303,2045,OnshoreWind,Oahu,WND,0,0,0
Oahu_OnshoreWind_OnWind_304,2020,OnshoreWind,Oahu,WND,0,0,0
Oahu_OnshoreWind_OnWind_304,2025,OnshoreWind,Oahu,WND,0,0,0
Oahu_OnshoreWind_OnWind_304,2030,OnshoreWind,Oahu,WND,0,0,0
Oahu_OnshoreWind_OnWind_304,2035,OnshoreWind,Oahu,WND,0,0,0
Oahu_OnshoreWind_OnWind_304,2040,OnshoreWind,Oahu,WND,0,0,0
Oahu_OnshoreWind_OnWind_304,2045,OnshoreWind,Oahu,WND,0,0,0
Oahu_OnshoreWind_OnWind_305,2020,OnshoreWind,Oahu,WND,0,0,0
Oahu_OnshoreWind_OnWind_305,2025,OnshoreWind,Oahu,WND,0,0,0
Oahu_OnshoreWind_OnWind_305,2030,OnshoreWind,Oahu,WND,0,0,0
Oahu_OnshoreWind_OnWind_305,2035,OnshoreWind,Oahu,WND,0,0,0
Oahu_OnshoreWind_OnWind_305,2040,OnshoreWind,Oahu,WND,0,0,0
Oahu_OnshoreWind_OnWind_305,2045,OnshoreWind,Oahu,WND,0,0,0
Oahu_OnshoreWind_OnWind_306,2020,OnshoreWind,Oahu,WND,0,0,0
Oahu_OnshoreWind_OnWind_306,2025,OnshoreWind,Oahu,WND,0,0,0
Oahu_OnshoreWind_OnWind_306,2030,OnshoreWind,Oahu,WND,0,0,0
Oahu_OnshoreWind_OnWind_306,2035,OnshoreWind,Oahu,WND,0,0,0
Oahu_OnshoreWind_OnWind_306,2040,OnshoreWind,Oahu,WND,0,0,0
Oahu_OnshoreWind_OnWind_306,2045,OnshoreWind,Oahu,WND,0,0,0
Oahu_OnshoreWind_OnWind_307,2020,OnshoreWind,Oahu,WND,0,0,0
Oahu_OnshoreWind_OnWind_307,2025,OnshoreWind,Oahu,WND,0,0,0
Oahu_OnshoreWind_OnWind_307,2030,OnshoreWind,Oahu,WND,0,0,0
Oahu_OnshoreWind_OnWind_307,2035,OnshoreWind,Oahu,WND,0,0,0
Oahu_OnshoreWind_OnWind_307,2040,OnshoreWind,Oahu,WND,0,0,0
Oahu_OnshoreWind_OnWind_307,2045,OnshoreWind,Oahu,WND,0,0,0
Oahu_OnshoreWind_OnWind_308,2020,OnshoreWind,Oahu,WND,0,0,0
Oahu_OnshoreWind_OnWind_308,2025,OnshoreWind,Oahu,WND,0,0,0
Oahu_OnshoreWind_OnWind_308,2030,OnshoreWind,Oahu,WND,0,0,0
Oahu_OnshoreWind_OnWind_308,2035,OnshoreWind,Oahu,WND,0,0,0
Oahu_OnshoreWind_OnWind_308,2040,OnshoreWind,Oahu,WND,0,0,0
Oahu_OnshoreWind_OnWind_308,2045,OnshoreWind,Oahu,WND,0,0,0
Oahu_OnshoreWind_OnWind_309,2020,OnshoreWind,Oahu,WND,0,0,0
Oahu_OnshoreWind_OnWind_309,2025,OnshoreWind,Oahu,WND,0,0,0
Oahu_OnshoreWind_OnWind_309,2030,OnshoreWind,Oahu,WND,0,0,0
Oahu_OnshoreWind_OnWind_309,2035,OnshoreWind,Oahu,WND,0,0,0
Oahu_OnshoreWind_OnWind_309,2040,OnshoreWind,Oahu,WND,0,0,0
Oahu_OnshoreWind_OnWind_309,2045,OnshoreWind,Oahu,WND,0,0,0
Oahu_OnshoreWind_OnWind_401,2020,OnshoreWind,Oahu,WND,0,0,0
Oahu_OnshoreWind_OnWind_401,2025,OnshoreWind,Oahu,WND,0,0,0
Oahu_OnshoreWind_OnWind_401,2030,OnshoreWind,Oahu,WND,78.2612,0,1.32492e+08
Oahu_OnshoreWind_OnWind_401,2035,OnshoreWind,Oahu,WND,129.381,0,2.07873e+08
Oahu_OnshoreWind_OnWind_401,2040,OnshoreWind,Oahu,WND,0,0,0
Oahu_OnshoreWind_OnWind_401,2045,OnshoreWind,Oahu,WND,4.85762,0,6.95793e+06
Oahu_OnshoreWind_OnWind_402,2020,OnshoreWind,Oahu,WND,0,0,0
Oahu_OnshoreWind_OnWind_402,2025,OnshoreWind,Oahu,WND,28.8726,0,5.61955e+07
Oahu_OnshoreWind_OnWind_402,2030,OnshoreWind,Oahu,WND,23.6274,0,4.00831e+07
Oahu_OnshoreWind_OnWind_402,2035,OnshoreWind,Oahu,WND,0,0,0
Oahu_OnshoreWind_OnWind_402,2040,OnshoreWind,Oahu,WND,0,0,0
Oahu_OnshoreWind_OnWind_402,2045,OnshoreWind,Oahu,WND,0,0,0
Oahu_OnshoreWind_OnWind_403,2020,OnshoreWind,Oahu,WND,0,0,0
Oahu_OnshoreWind_OnWind_403,2025,OnshoreWind,Oahu,WND,0,0,0
Oahu_OnshoreWind_OnWind_403,2030,OnshoreWind,Oahu,WND,0,0,0
Oahu_OnshoreWind_OnWind_403,2035,OnshoreWind,Oahu,WND,0,0,0
Oahu_OnshoreWind_OnWind_403,2040,OnshoreWind,Oahu,WND,0,0,0
Oahu_OnshoreWind_OnWind_403,2045,OnshoreWind,Oahu,WND,0,0,0
Oahu_OnshoreWind_OnWind_404,2020,OnshoreWind,Oahu,WND,0,0,0
Oahu_OnshoreWind_OnWind_404,2025,OnshoreWind,Oahu,WND,0,0,0
Oahu_OnshoreWind_OnWind_404,2030,OnshoreWind,Oahu,WND,0,0,0
Oahu_OnshoreWind_OnWind_404,2035,OnshoreWind,Oahu,WND,0,0,0
Oahu_OnshoreWind_OnWind_404,2040,OnshoreWind,Oahu,WND,0,0,0
Oahu_OnshoreWind_OnWind_404,2045,OnshoreWind,Oahu,WND,0,0,0
Oahu_OnshoreWind_OnWind_405,2020,OnshoreWind,Oahu,WND,0,0,0
Oahu_OnshoreWind_OnWind_405,2025,OnshoreWind,Oahu,WND,0,0,0
Oahu_OnshoreWind_OnWind_405,2030,OnshoreWind,Oahu,WND,45,0,7.54718e+07
Oahu_OnshoreWind_OnWind_405,2035,OnshoreWind,Oahu,WND,0,0,0
Oahu_OnshoreWind_OnWind_405,2040,OnshoreWind,Oahu,WND,0,0,0
Oahu_OnshoreWind_OnWind_405,2045,OnshoreWind,Oahu,WND,0,0,0
Oahu_OnshoreWind_OnWind_406,2020,OnshoreWind,Oahu,WND,0,0,0
Oahu_OnshoreWind_OnWind_406,2025,OnshoreWind,Oahu,WND,0,0,0
Oahu_OnshoreWind_OnWind_406,2030,OnshoreWind,Oahu,WND,0,0,0
Oahu_OnshoreWind_OnWind_406,2035,OnshoreWind,Oahu,WND,0,0,0
Oahu_OnshoreWind_OnWind_406,2040,OnshoreWind,Oahu,WND,0,0,0
Oahu_OnshoreWind_OnWind_406,2045,OnshoreWind,Oahu,WND,0,0,0
Oahu_OnshoreWind_OnWind_407,2020,OnshoreWind,Oahu,WND,0,0,0
Oahu_OnshoreWind_OnWind_407,2025,OnshoreWind,Oahu,WND,0,0,0
Oahu_OnshoreWind_OnWind_407,2030,OnshoreWind,Oahu,WND,0,0,0
Oahu_OnshoreWind_OnWind_407,2035,OnshoreWind,Oahu,WND,0,0,0
Oahu_OnshoreWind_OnWind_407,2040,OnshoreWind,Oahu,WND,0,0,0
Oahu_OnshoreWind_OnWind_407,2045,OnshoreWind,Oahu,WND,0,0,0
Oahu_OnshoreWind_OnWind_408,2020,OnshoreWind,Oahu,WND,0,0,0
Oahu_OnshoreWind_OnWind_408,2025,OnshoreWind,Oahu,WND,0,0,0
Oahu_OnshoreWind_OnWind_408,2030,OnshoreWind,Oahu,WND,0,0,0
Oahu_OnshoreWind_OnWind_408,2035,OnshoreWind,Oahu,WND,0,0,0
Oahu_OnshoreWind_OnWind_408,2040,OnshoreWind,Oahu,WND,0,0,0
Oahu_OnshoreWind_OnWind_408,2045,OnshoreWind,Oahu,WND,0,0,0
Oahu_OnshoreWind_OnWind_409,2020,OnshoreWind,Oahu,WND,0,0,0
Oahu_OnshoreWind_OnWind_409,2025,OnshoreWind,Oahu,WND,0,0,0
Oahu_OnshoreWind_OnWind_409,2030,OnshoreWind,Oahu,WND,0,0,0
Oahu_OnshoreWind_OnWind_409,2035,OnshoreWind,Oahu,WND,0,0,0
Oahu_OnshoreWind_OnWind_409,2040,OnshoreWind,Oahu,WND,0,0,0
Oahu_OnshoreWind_OnWind_409,2045,OnshoreWind,Oahu,WND,0,0,0
Oahu_OnshoreWind_OnWind_410,2020,OnshoreWind,Oahu,WND,0,0,0
Oahu_OnshoreWind_OnWind_410,2025,OnshoreWind,Oahu,WND,0,0,0
Oahu_OnshoreWind_OnWind_410,2030,OnshoreWind,Oahu,WND,0,0,0
Oahu_OnshoreWind_OnWind_410,2035,OnshoreWind,Oahu,WND,0,0,0
Oahu_OnshoreWind_OnWind_410,2040,OnshoreWind,Oahu,WND,0,0,0
Oahu_OnshoreWind_OnWind_410,2045,OnshoreWind,Oahu,WND,0,0,0
Oahu_OnshoreWind_OnWind_501,2020,OnshoreWind,Oahu,WND,198.063,0,4.33708e+08
Oahu_OnshoreWind_OnWind_501,2025,OnshoreWind,Oahu,WND,44.4369,0,8.66744e+07
Oahu_OnshoreWind_OnWind_501,2030,OnshoreWind,Oahu,WND,0,0,0
Oahu_OnshoreWind_OnWind_501,2035,OnshoreWind,Oahu,WND,0,0,0
Oahu_OnshoreWind_OnWind_501,2040,OnshoreWind,Oahu,WND,0,0,0
Oahu_OnshoreWind_OnWind_501,2045,OnshoreWind,Oahu,WND,0,0,0
Oahu_OnshoreWind_OnWind_502,2020,OnshoreWind,Oahu,WND,0,0,0
Oahu_OnshoreWind_OnWind_502,2025,OnshoreWind,Oahu,WND,42.5,0,8.25878e+07
Oahu_OnshoreWind_OnWind_502,2030,OnshoreWind,Oahu,WND,0,0,0
Oahu_OnshoreWind_OnWind_502,2035,OnshoreWind,Oahu,WND,0,0,0
Oahu_OnshoreWind_OnWind_502,2040,OnshoreWind,Oahu,WND,0,0,0
Oahu_OnshoreWind_OnWind_502,2045,OnshoreWind,Oahu,WND,0,0,0
Oahu_OnshoreWind_OnWind_503,2020,OnshoreWind,Oahu,WND,79.8092,0,1.73677e+08
Oahu_OnshoreWind_OnWind_503,2025,OnshoreWind,Oahu,WND,37.6908,0,7.30035e+07
Oahu_OnshoreWind_OnWind_503,2030,OnshoreWind,Oahu,WND,0,0,0
Oahu_OnshoreWind_OnWind_503,2035,OnshoreWind,Oahu,WND,0,0,0
Oahu_OnshoreWind_OnWind_503,2040,OnshoreWind,Oahu,WND,0,0,0
Oahu_OnshoreWind_OnWind_503,2045,OnshoreWind,Oahu,WND,0,0,0
Oahu_OnshoreWind_OnWind_504,2020,OnshoreWind,Oahu,WND,0,0,0
Oahu_OnshoreWind_OnWind_504,2025,OnshoreWind,Oahu,WND,20,0,3.85244e+07
Oahu_OnshoreWind_OnWind_504,2030,OnshoreWind,Oahu,WND,0,0,0
Oahu_OnshoreWind_OnWind_504,2035,OnshoreWind,Oahu,WND,0,0,0
Oahu_OnshoreWind_OnWind_504,2040,OnshoreWind,Oahu,WND,0,0,0
Oahu_OnshoreWind_OnWind_504,2045,OnshoreWind,Oahu,WND,0,0,0
Oahu_OnshoreWind_OnWind_505,2020,OnshoreWind,Oahu,WND,0,0,0
Oahu_OnshoreWind_OnWind_505,2025,OnshoreWind,Oahu,WND,42.5,0,8.26554e+07
Oahu_OnshoreWind_OnWind_505,2030,OnshoreWind,Oahu,WND,0,0,0
Oahu_OnshoreWind_OnWind_505,2035,OnshoreWind,Oahu,WND,0,0,0
Oahu_OnshoreWind_OnWind_505,2040,OnshoreWind,Oahu,WND,0,0,0
Oahu_OnshoreWind_OnWind_505,2045,OnshoreWind,Oahu,WND,0,0,0
Oahu_OnshoreWind_OnWind_506,2020,OnshoreWind,Oahu,WND,0,0,0
Oahu_OnshoreWind_OnWind_506,2025,OnshoreWind,Oahu,WND,7.5,0,1.46425e+07
Oahu_OnshoreWind_OnWind_506,2030,OnshoreWind,Oahu,WND,0,0,0
Oahu_OnshoreWind_OnWind_506,2035,OnshoreWind,Oahu,WND,0,0,0
Oahu_OnshoreWind_OnWind_506,2040,OnshoreWind,Oahu,WND,0,0,0
Oahu_OnshoreWind_OnWind_506,2045,OnshoreWind,Oahu,WND,0,0,0
Oahu_OnshoreWind_OnWind_507,2020,OnshoreWind,Oahu,WND,0,0,0
Oahu_OnshoreWind_OnWind_507,2025,OnshoreWind,Oahu,WND,10,0,1.93865e+07
Oahu_OnshoreWind_OnWind_507,2030,OnshoreWind,Oahu,WND,0,0,0
Oahu_OnshoreWind_OnWind_507,2035,OnshoreWind,Oahu,WND,0,0,0
Oahu_OnshoreWind_OnWind_507,2040,OnshoreWind,Oahu,WND,0,0,0
Oahu_OnshoreWind_OnWind_507,2045,OnshoreWind,Oahu,WND,0,0,0
Oahu_OnshoreWind_OnWind_508,2020,OnshoreWind,Oahu,WND,0,0,0
Oahu_OnshoreWind_OnWind_508,2025,OnshoreWind,Oahu,WND,2.5,0,4.8505e+06
Oahu_OnshoreWind_OnWind_508,2030,OnshoreWind,Oahu,WND,0,0,0
Oahu_OnshoreWind_OnWind_508,2035,OnshoreWind,Oahu,WND,0,0,0
Oahu_OnshoreWind_OnWind_508,2040,OnshoreWind,Oahu,WND,0,0,0
Oahu_OnshoreWind_OnWind_508,2045,OnshoreWind,Oahu,WND,0,0,0
Oahu_OnshoreWind_OnWind_509,2020,OnshoreWind,Oahu,WND,0,0,0
Oahu_OnshoreWind_OnWind_509,2025,OnshoreWind,Oahu,WND,0,0,0
Oahu_OnshoreWind_OnWind_509,2030,OnshoreWind,Oahu,WND,2.5,0,4.21973e+06
Oahu_OnshoreWind_OnWind_509,2035,OnshoreWind,Oahu,WND,0,0,0
Oahu_OnshoreWind_OnWind_509,2040,OnshoreWind,Oahu,WND,0,0,0
Oahu_OnshoreWind_OnWind_509,2045,OnshoreWind,Oahu,WND,0,0,0
Oahu_OnshoreWind_OnWind_Kahuku,2020,OnshoreWind,Oahu,WND,0,0,0
Oahu_OnshoreWind_OnWind_Kahuku,2025,OnshoreWind,Oahu,WND,0,0,0
Oahu_OnshoreWind_OnWind_Kahuku,2030,OnshoreWind,Oahu,WND,0,0,0
Oahu_OnshoreWind_OnWind_Kahuku,2035,OnshoreWind,Oahu,WND,0,0,0
Oahu_OnshoreWind_OnWind_Kahuku,2040,OnshoreWind,Oahu,WND,0,0,0
Oahu_OnshoreWind_OnWind_Kahuku,2045,OnshoreWind,Oahu,WND,0,0,0
Oahu_OnshoreWind_OnWind_Kawailoa,2020,OnshoreWind,Oahu,WND,0,0,0
Oahu_OnshoreWind_OnWind_Kawailoa,2025,OnshoreWind,Oahu,WND,0,0,0
Oahu_OnshoreWind_OnWind_Kawailoa,2030,OnshoreWind,Oahu,WND,0,0,0
Oahu_OnshoreWind_OnWind_Kawailoa,2035,OnshoreWind,Oahu,WND,0,0,0
Oahu_OnshoreWind_OnWind_Kawailoa,2040,OnshoreWind,Oahu,WND,0,0,0
Oahu_OnshoreWind_OnWind_Kawailoa,2045,OnshoreWind,Oahu,WND,0,0,0
Oahu_SlopedDistPV_Oahu_SlopedDistPV_0,2020,SlopedDistPV,Oahu,SUN,3.69795,0,1.50777e+07
Oahu_SlopedDistPV_Oahu_SlopedDistPV_0,2025,SlopedDistPV,Oahu,SUN,0,0,0
Oahu_SlopedDistPV_Oahu_SlopedDistPV_0,2030,SlopedDistPV,Oahu,SUN,0,0,0
Oahu_SlopedDistPV_Oahu_SlopedDistPV_0,2035,SlopedDistPV,Oahu,SUN,0,0,0
Oahu_SlopedDistPV_Oahu_SlopedDistPV_0,2040,SlopedDistPV,Oahu,SUN,0,0,0
Oahu_SlopedDistPV_Oahu_SlopedDistPV_0,2045,SlopedDistPV,Oahu,SUN,0,0,0
Oahu_SlopedDistPV_Oahu_SlopedDistPV_1,2020,SlopedDistPV,Oahu,SUN,0,0,0
Oahu_SlopedDistPV_Oahu_SlopedDistPV_1,2025,SlopedDistPV,Oahu,SUN,0,0,0
Oahu_SlopedDistPV_Oahu_SlopedDistPV_1,2030,SlopedDistPV,Oahu,SUN,0,0,0
Oahu_SlopedDistPV_Oahu_SlopedDistPV_1,2035,SlopedDistPV,Oahu,SUN,0,0,0
Oahu_SlopedDistPV_Oahu_SlopedDistPV_1,2040,SlopedDistPV,Oahu,SUN,0,0,0
Oahu_SlopedDistPV_Oahu_SlopedDistPV_1,2045,SlopedDistPV,Oahu,SUN,0,0,0
Oahu_SlopedDistPV_Oahu_SlopedDistPV_10,2020,SlopedDistPV,Oahu,SUN,1.57594,0,6.42561e+06
Oahu_SlopedDistPV_Oahu_SlopedDistPV_10,2025,SlopedDistPV,Oahu,SUN,0,0,0
Oahu_SlopedDistPV_Oahu_SlopedDistPV_10,2030,SlopedDistPV,Oahu,SUN,0,0,0
Oahu_SlopedDistPV_Oahu_SlopedDistPV_10,2035,SlopedDistPV,Oahu,SUN,0,0,0
Oahu_SlopedDistPV_Oahu_SlopedDistPV_10,2040,SlopedDistPV,Oahu,SUN,0,0,0
Oahu_SlopedDistPV_Oahu_SlopedDistPV_10,2045,SlopedDistPV,Oahu,SUN,0,0,0
Oahu_SlopedDistPV_Oahu_SlopedDistPV_11,2020,SlopedDistPV,Oahu,SUN,0,0,0
Oahu_SlopedDistPV_Oahu_SlopedDistPV_11,2025,SlopedDistPV,Oahu,SUN,0,0,0
Oahu_SlopedDistPV_Oahu_SlopedDistPV_11,2030,SlopedDistPV,Oahu,SUN,0,0,0
Oahu_SlopedDistPV_Oahu_SlopedDistPV_11,2035,SlopedDistPV,Oahu,SUN,0,0,0
Oahu_SlopedDistPV_Oahu_SlopedDistPV_11,2040,SlopedDistPV,Oahu,SUN,0,0,0
Oahu_SlopedDistPV_Oahu_SlopedDistPV_11,2045,SlopedDistPV,Oahu,SUN,0,0,0
Oahu_SlopedDistPV_Oahu_SlopedDistPV_12,2020,SlopedDistPV,Oahu,SUN,2.4553,0,1.0011e+07
Oahu_SlopedDistPV_Oahu_SlopedDistPV_12,2025,SlopedDistPV,Oahu,SUN,0,0,0
Oahu_SlopedDistPV_Oahu_SlopedDistPV_12,2030,SlopedDistPV,Oahu,SUN,0,0,0
Oahu_SlopedDistPV_Oahu_SlopedDistPV_12,2035,SlopedDistPV,Oahu,SUN,0,0,0
Oahu_SlopedDistPV_Oahu_SlopedDistPV_12,2040,SlopedDistPV,Oahu,SUN,0,0,0
Oahu_SlopedDistPV_Oahu_SlopedDistPV_12,2045,SlopedDistPV,Oahu,SUN,0,0,0
Oahu_SlopedDistPV_Oahu_SlopedDistPV_13,2020,SlopedDistPV,Oahu,SUN,0,0,0
Oahu_SlopedDistPV_Oahu_SlopedDistPV_13,2025,SlopedDistPV,Oahu,SUN,0,0,0
Oahu_SlopedDistPV_Oahu_SlopedDistPV_13,2030,SlopedDistPV,Oahu,SUN,0,0,0
Oahu_SlopedDistPV_Oahu_SlopedDistPV_13,2035,SlopedDistPV,Oahu,SUN,0,0,0
Oahu_SlopedDistPV_Oahu_SlopedDistPV_13,2040,SlopedDistPV,Oahu,SUN,0,0,0
Oahu_SlopedDistPV_Oahu_SlopedDistPV_13,2045,SlopedDistPV,Oahu,SUN,0,0,0
Oahu_SlopedDistPV_Oahu_SlopedDistPV_14,2020,SlopedDistPV,Oahu,SUN,1.33462,0,5.44166e+06
Oahu_SlopedDistPV_Oahu_SlopedDistPV_14,2025,SlopedDistPV,Oahu,SUN,0,0,0
Oahu_SlopedDistPV_Oahu_SlopedDistPV_14,2030,SlopedDistPV,Oahu,SUN,0,0,0
Oahu_SlopedDistPV_Oahu_SlopedDistPV_14,2035,SlopedDistPV,Oahu,SUN,0,0,0
Oahu_SlopedDistPV_Oahu_SlopedDistPV_14,2040,SlopedDistPV,Oahu,SUN,0,0,0
Oahu_SlopedDistPV_Oahu_SlopedDistPV_14,2045,SlopedDistPV,Oahu,SUN,0,0,0
Oahu_SlopedDistPV_Oahu_SlopedDistPV_15,2020,SlopedDistPV,Oahu,SUN,0,0,0
Oahu_SlopedDistPV_Oahu_SlopedDistPV_15,2025,SlopedDistPV,Oahu,SUN,0,0,0
Oahu_SlopedDistPV_Oahu_SlopedDistPV_15,2030,SlopedDistPV,Oahu,SUN,0,0,0
Oahu_SlopedDistPV_Oahu_SlopedDistPV_15,2035,SlopedDistPV,Oahu,SUN,0,0,0
Oahu_SlopedDistPV_Oahu_SlopedDistPV_15,2040,SlopedDistPV,Oahu,SUN,0,0,0
Oahu_SlopedDistPV_Oahu_SlopedDistPV_15,2045,SlopedDistPV,Oahu,SUN,0,0,0
Oahu_SlopedDistPV_Oahu_SlopedDistPV_2,2020,SlopedDistPV,Oahu,SUN,1.09029,0,4.44547e+06
Oahu_SlopedDistPV_Oahu_SlopedDistPV_2,2025,SlopedDistPV,Oahu,SUN,0,0,0
Oahu_SlopedDistPV_Oahu_SlopedDistPV_2,2030,SlopedDistPV,Oahu,SUN,0,0,0
Oahu_SlopedDistPV_Oahu_SlopedDistPV_2,2035,SlopedDistPV,Oahu,SUN,0,0,0
Oahu_SlopedDistPV_Oahu_SlopedDistPV_2,2040,SlopedDistPV,Oahu,SUN,0,0,0
Oahu_SlopedDistPV_Oahu_SlopedDistPV_2,2045,SlopedDistPV,Oahu,SUN,0,0,0
Oahu_SlopedDistPV_Oahu_SlopedDistPV_3,2020,SlopedDistPV,Oahu,SUN,1.352,0,5.51254e+06
Oahu_SlopedDistPV_Oahu_SlopedDistPV_3,2025,SlopedDistPV,Oahu,SUN,0,0,0
Oahu_SlopedDistPV_Oahu_SlopedDistPV_3,2030,SlopedDistPV,Oahu,SUN,0,0,0
Oahu_SlopedDistPV_Oahu_SlopedDistPV_3,2035,SlopedDistPV,Oahu,SUN,0,0,0
Oahu_SlopedDistPV_Oahu_SlopedDistPV_3,2040,SlopedDistPV,Oahu,SUN,0,0,0
Oahu_SlopedDistPV_Oahu_SlopedDistPV_3,2045,SlopedDistPV,Oahu,SUN,0,0,0
Oahu_SlopedDistPV_Oahu_SlopedDistPV_4,2020,SlopedDistPV,Oahu,SUN,0.810185,0,3.30338e+06
Oahu_SlopedDistPV_Oahu_SlopedDistPV_4,2025,SlopedDistPV,Oahu,SUN,0,0,0
Oahu_SlopedDistPV_Oahu_SlopedDistPV_4,2030,SlopedDistPV,Oahu,SUN,0,0,0
Oahu_SlopedDistPV_Oahu_SlopedDistPV_4,2035,SlopedDistPV,Oahu,SUN,0,0,0
Oahu_SlopedDistPV_Oahu_SlopedDistPV_4,2040,SlopedDistPV,Oahu,SUN,0,0,0
Oahu_SlopedDistPV_Oahu_SlopedDistPV_4,2045,SlopedDistPV,Oahu,SUN,0,0,0
Oahu_SlopedDistPV_Oahu_SlopedDistPV_5,2020,SlopedDistPV,Oahu,SUN,0,0,0
Oahu_SlopedDistPV_Oahu_SlopedDistPV_5,2025,SlopedDistPV,Oahu,SUN,0,0,0
Oahu_SlopedDistPV_Oahu_SlopedDistPV_5,2030,SlopedDistPV,Oahu,SUN,0,0,0
Oahu_SlopedDistPV_Oahu_SlopedDistPV_5,2035,SlopedDistPV,Oahu,SUN,0,0,0
Oahu_SlopedDistPV_Oahu_SlopedDistPV_5,2040,SlopedDistPV,Oahu,SUN,0,0,0
Oahu_SlopedDistPV_Oahu_SlopedDistPV_5,2045,SlopedDistPV,Oahu,SUN,0,0,0
Oahu_SlopedDistPV_Oahu_SlopedDistPV_6,2020,SlopedDistPV,Oahu,SUN,0,0,0
Oahu_SlopedDistPV_Oahu_SlopedDistPV_6,2025,SlopedDistPV,Oahu,SUN,0,0,0
Oahu_SlopedDistPV_Oahu_SlopedDistPV_6,2030,SlopedDistPV,Oahu,SUN,0,0,0
Oahu_SlopedDistPV_Oahu_SlopedDistPV_6,2035,SlopedDistPV,Oahu,SUN,0,0,0
Oahu_SlopedDistPV_Oahu_SlopedDistPV_6,2040,SlopedDistPV,Oahu,SUN,0,0,0
Oahu_SlopedDistPV_Oahu_SlopedDistPV_6,2045,SlopedDistPV,Oahu,SUN,0,0,0
Oahu_SlopedDistPV_Oahu_SlopedDistPV_7,2020,SlopedDistPV,Oahu,SUN,2.25515,0,9.19497e+06
Oahu_SlopedDistPV_Oahu_SlopedDistPV_7,2025,SlopedDistPV,Oahu,SUN,0,0,0
Oahu_SlopedDistPV_Oahu_SlopedDistPV_7,2030,SlopedDistPV,Oahu,SUN,0,0,0
Oahu_SlopedDistPV_Oahu_SlopedDistPV_7,2035,SlopedDistPV,Oahu,SUN,0,0,0
Oahu_SlopedDistPV_Oahu_SlopedDistPV_7,2040,SlopedDistPV,Oahu,SUN,0,0,0
Oahu_SlopedDistPV_Oahu_SlopedDistPV_7,2045,SlopedDistPV,Oahu,SUN,0,0,0
Oahu_SlopedDistPV_Oahu_SlopedDistPV_8,2020,SlopedDistPV,Oahu,SUN,0,0,0
Oahu_SlopedDistPV_Oahu_SlopedDistPV_8,2025,SlopedDistPV,Oahu,SUN,0,0,0
Oahu_SlopedDistPV_Oahu_SlopedDistPV_8,2030,SlopedDistPV,Oahu,SUN,0,0,0
Oahu_SlopedDistPV_Oahu_SlopedDistPV_8,2035,SlopedDistPV,Oahu,SUN,0,0,0
Oahu_SlopedDistPV_Oahu_SlopedDistPV_8,2040,SlopedDistPV,Oahu,SUN,0,0,0
Oahu_SlopedDistPV_Oahu_SlopedDistPV_8,2045,SlopedDistPV,Oahu,SUN,0,0,0
Oahu_SlopedDistPV_Oahu_SlopedDistPV_9,2020,SlopedDistPV,Oahu,SUN,0.908562,0,3.7045e+06
Oahu_SlopedDistPV_Oahu_SlopedDistPV_9,2025,SlopedDistPV,Oahu,SUN,0,0,0
Oahu_SlopedDistPV_Oahu_SlopedDistPV_9,2030,SlopedDistPV,Oahu,SUN,0,0,0
Oahu_SlopedDistPV_Oahu_SlopedDistPV_9,2035,SlopedDistPV,Oahu,SUN,0,0,0
Oahu_SlopedDistPV_Oahu_SlopedDistPV_9,2040,SlopedDistPV,Oahu,SUN,0,0,0
Oahu_SlopedDistPV_Oahu_SlopedDistPV_9,2045,SlopedDistPV,Oahu,SUN,0,0,0
Oahu_Tesoro_Hawaii,2020,Tesoro_Hawaii,Oahu,multiple,0,0,0
Oahu_Tesoro_Hawaii,2025,Tesoro_Hawaii,Oahu,multiple,0,0,0
Oahu_Tesoro_Hawaii,2030,Tesoro_Hawaii,Oahu,multiple,0,0,0
Oahu_Tesoro_Hawaii,2035,Tesoro_Hawaii,Oahu,multiple,0,0,0
Oahu_Tesoro_Hawaii,2040,Tesoro_Hawaii,Oahu,multiple,0,0,0
Oahu_Waiau_10,2020,Waiau_10,Oahu,multiple,0,0,0
Oahu_Waiau_10,2025,Waiau_10,Oahu,multiple,0,0,0
Oahu_Waiau_10,2030,Waiau_10,Oahu,multiple,0,0,0
Oahu_Waiau_10,2035,Waiau_10,Oahu,multiple,0,0,0
Oahu_Waiau_10,2040,Waiau_10,Oahu,multiple,0,0,0
Oahu_Waiau_10,2045,Waiau_10,Oahu,multiple,0,0,0
Oahu_Waiau_3,2020,Waiau_3,Oahu,multiple,0,0,0
Oahu_Waiau_4,2020,Waiau_4,Oahu,multiple,0,0,0
Oahu_Waiau_5,2020,Waiau_5,Oahu,multiple,0,0,0
Oahu_Waiau_5,2025,Waiau_5,Oahu,multiple,0,0,0
Oahu_Waiau_6,2020,Waiau_6,Oahu,multiple,0,0,0
Oahu_Waiau_6,2025,Waiau_6,Oahu,multiple,0,0,0
Oahu_Waiau_7,2020,Waiau_7,Oahu,multiple,0,0,0
Oahu_Waiau_7,2025,Waiau_7,Oahu,multiple,0,0,0
Oahu_Waiau_7,2030,Waiau_7,Oahu,multiple,0,0,0
Oahu_Waiau_8,2020,Waiau_8,Oahu,multiple,0,0,0
Oahu_Waiau_8,2025,Waiau_8,Oahu,multiple,0,0,0
Oahu_Waiau_8,2030,Waiau_8,Oahu,multiple,0,0,0
Oahu_Waiau_9,2020,Waiau_9,Oahu,multiple,0,0,0
Oahu_Waiau_9,2025,Waiau_9,Oahu,multiple,0,0,0
Oahu_Waiau_9,2030,Waiau_9,Oahu,multiple,0,0,0
Oahu_Waiau_9,2035,Waiau_9,Oahu,multiple,0,0,0
Oahu_Waiau_9,2040,Waiau_9,Oahu,multiple,0,0,0
Oahu_Waiau_9,2045,Waiau_9,Oahu,multiple,0,0,0
