{
    "options": {
        "skip_generic_output": false,
        "save_expressions": [],
        "unit_contingency": true,
        "project_contingency": false,
        "fixed_contingency": 0.0,
        "spinning_requirement_rule": "Hawaii",
        "contingency_reserve_type": "contingency",
        "regulating_reserve_type": "regulation",
        "biofuel_limit": 1.0,
        "biofuel_switch_threshold": 1.0,
        "rps_level": "activate",
        "rps_no_new_wind": false,
        "rps_no_wind": false,
        "rps_prefer_dist_pv": false,
        "rps_allocation": "fuel_switch_by_period",
        "rps_targets": null,
        "ev_timing": [
            "bau"
        ],
        "ev_reserve_types": [
            "none"
        ],
        "run_kalaeloa_even_with_high_rps": false,
        "force_lng_tier": [
            "none"
        ],
        "demand_response_share": 0.0,
        "demand_response_reserve_types": [
            "none"
        ],
        "log_run_to_file": false,
        "logs_dir": "logs",
        "log_level": "info",
        "debug": false,
        "full_traceback": false,
        "module_list": null,
        "include_exclude_modules": [],
        "inputs_dir": "inputs/contingency",
        "iterate_list": null,
        "max_iter": null,
        "scenario_name": "battery_bulk_and_conting",
        "sorted_output": true,
        "suffixes": [],
        "solver": "gurobi",
        "solver_manager": "serial",
        "solver_io": null,
        "solver_options_string": "MIPGap=0.01 threads=1",
        "keepfiles": null,
        "tee": true,
        "symbolic_solver_labels": null,
        "tempdir": null,
        "retrieve_cplex_mip_duals": false,
        "input_aliases": [],
        "outputs_dir": "outputs/battery_bulk_and_conting",
        "no_post_solve": false,
        "reload_prior_solution": false,
        "no_save_solution": false,
        "interact": false,
        "verbose": true,
        "smooth_dispatch": true
    },
    "modules": [
        "switch_model",
        "switch_model.timescales",
        "switch_model.financials",
        "switch_model.balancing.load_zones",
        "switch_model.energy_sources.properties",
        "switch_model.generators.core.build",
        "switch_model.generators.core.dispatch",
        "switch_model.energy_sources.fuel_costs.markets",
        "switch_model.generators.core.commit.operate",
        "switch_model.generators.core.commit.fuel_use",
        "switch_model.generators.core.commit.discrete",
        "switch_model.generators.extensions.storage",
        "switch_model.reporting",
        "switch_model.generators.core.gen_discrete_build",
        "switch_model.balancing.operating_reserves.areas",
        "switch_model.balancing.operating_reserves.spinning_reserves_advanced",
        "switch_model.hawaii.fuel_markets_expansion",
        "switch_model.hawaii.rps",
        "switch_model.hawaii.ev",
        "switch_model.hawaii.oahu_plants",
        "switch_model.hawaii.lng_conversion",
        "switch_model.hawaii.demand_response_simple",
        "switch_model.hawaii.smooth_dispatch",
        "switch_model.hawaii.save_results",
        "switch_model.solve"
    ],
    "iterate_modules": []
}