GENERATION_PROJECT,gen_dbid,gen_tech,gen_load_zone,gen_connect_cost_per_mw,gen_capacity_limit_mw,gen_max_age,gen_min_build_capacity,gen_scheduled_outage_rate,gen_forced_outage_rate,gen_is_variable,gen_is_baseload,gen_is_cogen,gen_is_distributed,gen_variable_om,gen_energy_source,gen_full_load_heat_rate
S-Geothermal,33,Geothermal,South,134222.0,3.0,30,0,0.0075,0.0241,0,1,0,0,28.83,Geothermal,.
S-NG_CC,34,NG_CC,South,57566.6,.,20,0,0.04,0.06,0,0,0,0,3.4131,NaturalGas,6.705
S-NG_GT,36,NG_GT,South,57566.6,5.0,20,0,0.04,0.06,0,0,0,0,27.807,NaturalGas,10.39
S-Biomass_IGCC,37,Biomass_IGCC,South,57566.6,.,40,0,0.09,0.076,0,1,0,0,13.95,BioSolid,12.5
S-Residential_PV,39,Residential_PV,South,0.0,0.7,20,0,0.0,0.02,1,0,0,1,0.0,Solar,.
S-Commercial_PV,40,Commercial_PV,South,0.0,0.7,20,0,0.0,0.02,1,0,0,1,0.0,Solar,.
S-Central_PV-1,41,Central_PV,South,74881.9,0.8,20,0,0.0,0.02,1,0,0,0,0.0,Solar,.
S-Central_PV-2,42,Central_PV,South,65370.3,0.4,20,0,0.0,0.02,1,0,0,0,0.0,Solar,.
