STORAGE_GEN_TPS_1,STORAGE_GEN_TPS_2,ChargeStorage
Oahu_Battery_Bulk,2007011200,0.24696002827125546
Oahu_Battery_Bulk,2007011202,0.0
Oahu_Battery_Bulk,2007011204,0.0
Oahu_Battery_Bulk,2007011206,0.0
Oahu_Battery_Bulk,2007011208,0.0
Oahu_Battery_Bulk,2007011210,0.0
Oahu_Battery_Bulk,2007011212,0.0
Oahu_Battery_Bulk,2007011214,0.0
Oahu_Battery_Bulk,2007011216,0.0
Oahu_Battery_Bulk,2007011218,0.0
Oahu_Battery_Bulk,2007011220,0.0
Oahu_Battery_Bulk,2007011222,0.0
Oahu_Battery_Bulk,2007011900,0.0
Oahu_Battery_Bulk,2007011902,0.0
Oahu_Battery_Bulk,2007011904,0.0
Oahu_Battery_Bulk,2007011906,0.0
Oahu_Battery_Bulk,2007011908,0.24696002827125546
Oahu_Battery_Bulk,2007011910,0.0
Oahu_Battery_Bulk,2007011912,0.0
Oahu_Battery_Bulk,2007011914,0.0
Oahu_Battery_Bulk,2007011916,0.0
Oahu_Battery_Bulk,2007011918,0.0
Oahu_Battery_Bulk,2007011920,0.0
Oahu_Battery_Bulk,2007011922,0.0
Oahu_Battery_Bulk,2007021200,0.24696002827125546
Oahu_Battery_Bulk,2007021202,0.0
Oahu_Battery_Bulk,2007021204,0.0
Oahu_Battery_Bulk,2007021206,0.0
Oahu_Battery_Bulk,2007021208,0.0
Oahu_Battery_Bulk,2007021210,0.0
Oahu_Battery_Bulk,2007021212,0.0
Oahu_Battery_Bulk,2007021214,0.24696002827125546
Oahu_Battery_Bulk,2007021216,0.0
Oahu_Battery_Bulk,2007021218,0.0
Oahu_Battery_Bulk,2007021220,0.021743313652851586
Oahu_Battery_Bulk,2007021222,0.0
Oahu_Battery_Bulk,2007050200,0.0
Oahu_Battery_Bulk,2007050202,0.0
Oahu_Battery_Bulk,2007050204,0.24696002827125546
Oahu_Battery_Bulk,2007050206,0.0
Oahu_Battery_Bulk,2007050208,0.0
Oahu_Battery_Bulk,2007050210,0.0
Oahu_Battery_Bulk,2007050212,0.0
Oahu_Battery_Bulk,2007050214,0.24696002827125546
Oahu_Battery_Bulk,2007050216,0.0
Oahu_Battery_Bulk,2007050218,0.0
Oahu_Battery_Bulk,2007050220,0.0
Oahu_Battery_Bulk,2007050222,0.0
Oahu_Battery_Bulk,2007092200,0.0
Oahu_Battery_Bulk,2007092202,0.0
Oahu_Battery_Bulk,2007092204,0.0
Oahu_Battery_Bulk,2007092206,0.0
Oahu_Battery_Bulk,2007092208,0.0
Oahu_Battery_Bulk,2007092210,0.0
Oahu_Battery_Bulk,2007092212,0.24696002827125546
Oahu_Battery_Bulk,2007092214,0.0
Oahu_Battery_Bulk,2007092216,0.0
Oahu_Battery_Bulk,2007092218,0.0
Oahu_Battery_Bulk,2007092220,0.0
Oahu_Battery_Bulk,2007092222,0.0
Oahu_Battery_Bulk,2007102700,0.0
Oahu_Battery_Bulk,2007102702,0.0
Oahu_Battery_Bulk,2007102704,0.0
Oahu_Battery_Bulk,2007102706,0.0
Oahu_Battery_Bulk,2007102708,0.0
Oahu_Battery_Bulk,2007102710,0.0
Oahu_Battery_Bulk,2007102712,0.0
Oahu_Battery_Bulk,2007102714,0.0
Oahu_Battery_Bulk,2007102716,0.24696002827125546
Oahu_Battery_Bulk,2007102718,0.0
Oahu_Battery_Bulk,2007102720,0.0
Oahu_Battery_Bulk,2007102722,0.0
Oahu_Battery_Bulk,2007121500,0.0
Oahu_Battery_Bulk,2007121502,0.0
Oahu_Battery_Bulk,2007121504,0.0
Oahu_Battery_Bulk,2007121506,0.0
Oahu_Battery_Bulk,2007121508,0.0
Oahu_Battery_Bulk,2007121510,0.0
Oahu_Battery_Bulk,2007121512,0.0
Oahu_Battery_Bulk,2007121514,0.24696002827125546
Oahu_Battery_Bulk,2007121516,0.0
Oahu_Battery_Bulk,2007121518,0.0
Oahu_Battery_Bulk,2007121520,0.0
Oahu_Battery_Bulk,2007121522,0.0
Oahu_Battery_Bulk,2008022000,0.0
Oahu_Battery_Bulk,2008022002,0.0
Oahu_Battery_Bulk,2008022004,0.24696002827125546
Oahu_Battery_Bulk,2008022006,0.0
Oahu_Battery_Bulk,2008022008,0.0
Oahu_Battery_Bulk,2008022010,0.0
Oahu_Battery_Bulk,2008022012,0.0
Oahu_Battery_Bulk,2008022014,0.24696002827125546
Oahu_Battery_Bulk,2008022016,0.0
Oahu_Battery_Bulk,2008022018,0.0
Oahu_Battery_Bulk,2008022020,0.0
Oahu_Battery_Bulk,2008022022,0.0
Oahu_Battery_Bulk,2008041000,0.0
Oahu_Battery_Bulk,2008041002,0.0
Oahu_Battery_Bulk,2008041004,0.24696002827125546
Oahu_Battery_Bulk,2008041006,0.0
Oahu_Battery_Bulk,2008041008,0.0
Oahu_Battery_Bulk,2008041010,0.24696002827125546
Oahu_Battery_Bulk,2008041012,0.0
Oahu_Battery_Bulk,2008041014,0.0
Oahu_Battery_Bulk,2008041016,0.0
Oahu_Battery_Bulk,2008041018,0.0
Oahu_Battery_Bulk,2008041020,0.0
Oahu_Battery_Bulk,2008041022,0.0
Oahu_Battery_Bulk,2008061700,0.0
Oahu_Battery_Bulk,2008061702,0.0
Oahu_Battery_Bulk,2008061704,0.0
Oahu_Battery_Bulk,2008061706,0.0
Oahu_Battery_Bulk,2008061708,0.0
Oahu_Battery_Bulk,2008061710,0.0
Oahu_Battery_Bulk,2008061712,0.0
Oahu_Battery_Bulk,2008061714,0.0
Oahu_Battery_Bulk,2008061716,0.24696002827125546
Oahu_Battery_Bulk,2008061718,0.0
Oahu_Battery_Bulk,2008061720,0.0
Oahu_Battery_Bulk,2008061722,0.0
Oahu_Battery_Bulk,2008081800,0.0
Oahu_Battery_Bulk,2008081802,0.0
Oahu_Battery_Bulk,2008081804,0.24696002827125546
Oahu_Battery_Bulk,2008081806,0.0
Oahu_Battery_Bulk,2008081808,0.0
Oahu_Battery_Bulk,2008081810,0.0
Oahu_Battery_Bulk,2008081812,0.0
Oahu_Battery_Bulk,2008081814,0.24696002827125546
Oahu_Battery_Bulk,2008081816,0.0
Oahu_Battery_Bulk,2008081818,0.0
Oahu_Battery_Bulk,2008081820,0.0
Oahu_Battery_Bulk,2008081822,0.0
Oahu_Battery_Bulk,2008091000,0.0
Oahu_Battery_Bulk,2008091002,0.24696002827125546
Oahu_Battery_Bulk,2008091004,0.0
Oahu_Battery_Bulk,2008091006,0.0
Oahu_Battery_Bulk,2008091008,0.0
Oahu_Battery_Bulk,2008091010,0.0
Oahu_Battery_Bulk,2008091012,0.0
Oahu_Battery_Bulk,2008091014,0.0
Oahu_Battery_Bulk,2008091016,0.24696002827125546
Oahu_Battery_Bulk,2008091018,0.0
Oahu_Battery_Bulk,2008091020,0.0
Oahu_Battery_Bulk,2008091022,0.0
Oahu_Battery_Bulk,2008112200,0.0
Oahu_Battery_Bulk,2008112202,0.0
Oahu_Battery_Bulk,2008112204,0.0
Oahu_Battery_Bulk,2008112206,0.0
Oahu_Battery_Bulk,2008112208,0.0
Oahu_Battery_Bulk,2008112210,0.0
Oahu_Battery_Bulk,2008112212,0.0
Oahu_Battery_Bulk,2008112214,0.0
Oahu_Battery_Bulk,2008112216,0.0
Oahu_Battery_Bulk,2008112218,0.0
Oahu_Battery_Bulk,2008112220,0.0
Oahu_Battery_Bulk,2008112222,0.0
Oahu_Battery_Bulk,2507011200,0.0
Oahu_Battery_Bulk,2507011202,14.538192068738876
Oahu_Battery_Bulk,2507011204,0.0
Oahu_Battery_Bulk,2507011206,0.0
Oahu_Battery_Bulk,2507011208,0.0
Oahu_Battery_Bulk,2507011210,0.0
Oahu_Battery_Bulk,2507011212,0.0
Oahu_Battery_Bulk,2507011214,14.538192068738876
Oahu_Battery_Bulk,2507011216,0.0
Oahu_Battery_Bulk,2507011218,0.0
Oahu_Battery_Bulk,2507011220,0.0
Oahu_Battery_Bulk,2507011222,0.0
Oahu_Battery_Bulk,2507011900,0.0
Oahu_Battery_Bulk,2507011902,0.0
Oahu_Battery_Bulk,2507011904,0.0
Oahu_Battery_Bulk,2507011906,0.0
Oahu_Battery_Bulk,2507011908,0.0
Oahu_Battery_Bulk,2507011910,0.0
Oahu_Battery_Bulk,2507011912,0.0
Oahu_Battery_Bulk,2507011914,14.538192068738876
Oahu_Battery_Bulk,2507011916,0.0
Oahu_Battery_Bulk,2507011918,0.0
Oahu_Battery_Bulk,2507011920,0.0
Oahu_Battery_Bulk,2507011922,0.0
Oahu_Battery_Bulk,2507021200,2.9297357166061624
Oahu_Battery_Bulk,2507021202,11.608456352132713
Oahu_Battery_Bulk,2507021204,0.0
Oahu_Battery_Bulk,2507021206,0.0
Oahu_Battery_Bulk,2507021208,0.0
Oahu_Battery_Bulk,2507021210,0.0
Oahu_Battery_Bulk,2507021212,14.538192068738876
Oahu_Battery_Bulk,2507021214,0.0
Oahu_Battery_Bulk,2507021216,0.0
Oahu_Battery_Bulk,2507021218,0.0
Oahu_Battery_Bulk,2507021220,0.0
Oahu_Battery_Bulk,2507021222,0.0
Oahu_Battery_Bulk,2507050200,0.0
Oahu_Battery_Bulk,2507050202,14.538192068738876
Oahu_Battery_Bulk,2507050204,0.0
Oahu_Battery_Bulk,2507050206,0.0
Oahu_Battery_Bulk,2507050208,0.0
Oahu_Battery_Bulk,2507050210,0.0
Oahu_Battery_Bulk,2507050212,0.0
Oahu_Battery_Bulk,2507050214,0.0
Oahu_Battery_Bulk,2507050216,14.538192068738876
Oahu_Battery_Bulk,2507050218,0.0
Oahu_Battery_Bulk,2507050220,0.0
Oahu_Battery_Bulk,2507050222,0.0
Oahu_Battery_Bulk,2507092200,0.0
Oahu_Battery_Bulk,2507092202,0.0
Oahu_Battery_Bulk,2507092204,1.1555642868185678
Oahu_Battery_Bulk,2507092206,0.0
Oahu_Battery_Bulk,2507092208,0.0
Oahu_Battery_Bulk,2507092210,0.0
Oahu_Battery_Bulk,2507092212,14.538192068738876
Oahu_Battery_Bulk,2507092214,0.0
Oahu_Battery_Bulk,2507092216,0.0
Oahu_Battery_Bulk,2507092218,0.0
Oahu_Battery_Bulk,2507092220,0.0
Oahu_Battery_Bulk,2507092222,0.0
Oahu_Battery_Bulk,2507102700,0.0
Oahu_Battery_Bulk,2507102702,14.538192068738876
Oahu_Battery_Bulk,2507102704,0.0
Oahu_Battery_Bulk,2507102706,0.0
Oahu_Battery_Bulk,2507102708,0.0
Oahu_Battery_Bulk,2507102710,0.0
Oahu_Battery_Bulk,2507102712,14.538192068738876
Oahu_Battery_Bulk,2507102714,0.0
Oahu_Battery_Bulk,2507102716,0.0
Oahu_Battery_Bulk,2507102718,0.0
Oahu_Battery_Bulk,2507102720,0.0
Oahu_Battery_Bulk,2507102722,0.0
Oahu_Battery_Bulk,2507121500,0.0
Oahu_Battery_Bulk,2507121502,0.0
Oahu_Battery_Bulk,2507121504,13.402131982888505
Oahu_Battery_Bulk,2507121506,0.0
Oahu_Battery_Bulk,2507121508,0.0
Oahu_Battery_Bulk,2507121510,0.0
Oahu_Battery_Bulk,2507121512,14.538192068738876
Oahu_Battery_Bulk,2507121514,0.0
Oahu_Battery_Bulk,2507121516,0.0
Oahu_Battery_Bulk,2507121518,0.0
Oahu_Battery_Bulk,2507121520,0.0
Oahu_Battery_Bulk,2507121522,0.0
Oahu_Battery_Bulk,2508022000,0.0
Oahu_Battery_Bulk,2508022002,14.538192068738876
Oahu_Battery_Bulk,2508022004,0.0
Oahu_Battery_Bulk,2508022006,0.0
Oahu_Battery_Bulk,2508022008,0.0
Oahu_Battery_Bulk,2508022010,0.0
Oahu_Battery_Bulk,2508022012,14.538192068738876
Oahu_Battery_Bulk,2508022014,0.0
Oahu_Battery_Bulk,2508022016,0.0
Oahu_Battery_Bulk,2508022018,0.0
Oahu_Battery_Bulk,2508022020,0.0
Oahu_Battery_Bulk,2508022022,0.0
Oahu_Battery_Bulk,2508041000,0.0
Oahu_Battery_Bulk,2508041002,0.0
Oahu_Battery_Bulk,2508041004,0.0
Oahu_Battery_Bulk,2508041006,0.0
Oahu_Battery_Bulk,2508041008,0.0
Oahu_Battery_Bulk,2508041010,0.0
Oahu_Battery_Bulk,2508041012,14.538192068738876
Oahu_Battery_Bulk,2508041014,0.0
Oahu_Battery_Bulk,2508041016,0.0
Oahu_Battery_Bulk,2508041018,0.0
Oahu_Battery_Bulk,2508041020,0.0
Oahu_Battery_Bulk,2508041022,0.0
Oahu_Battery_Bulk,2508061700,0.0
Oahu_Battery_Bulk,2508061702,0.0
Oahu_Battery_Bulk,2508061704,0.0
Oahu_Battery_Bulk,2508061706,0.0
Oahu_Battery_Bulk,2508061708,0.0
Oahu_Battery_Bulk,2508061710,0.0
Oahu_Battery_Bulk,2508061712,14.538192068738876
Oahu_Battery_Bulk,2508061714,0.0
Oahu_Battery_Bulk,2508061716,0.0
Oahu_Battery_Bulk,2508061718,0.0
Oahu_Battery_Bulk,2508061720,0.0
Oahu_Battery_Bulk,2508061722,0.0
Oahu_Battery_Bulk,2508081800,14.538192068738876
Oahu_Battery_Bulk,2508081802,0.0
Oahu_Battery_Bulk,2508081804,0.0
Oahu_Battery_Bulk,2508081806,0.0
Oahu_Battery_Bulk,2508081808,0.0
Oahu_Battery_Bulk,2508081810,0.0
Oahu_Battery_Bulk,2508081812,14.538192068738876
Oahu_Battery_Bulk,2508081814,0.0
Oahu_Battery_Bulk,2508081816,0.0
Oahu_Battery_Bulk,2508081818,0.0
Oahu_Battery_Bulk,2508081820,0.0
Oahu_Battery_Bulk,2508081822,0.0
Oahu_Battery_Bulk,2508091000,14.538192068738876
Oahu_Battery_Bulk,2508091002,0.0
Oahu_Battery_Bulk,2508091004,0.0
Oahu_Battery_Bulk,2508091006,0.0
Oahu_Battery_Bulk,2508091008,0.0
Oahu_Battery_Bulk,2508091010,0.0
Oahu_Battery_Bulk,2508091012,14.538192068738876
Oahu_Battery_Bulk,2508091014,0.0
Oahu_Battery_Bulk,2508091016,0.0
Oahu_Battery_Bulk,2508091018,0.0
Oahu_Battery_Bulk,2508091020,0.0
Oahu_Battery_Bulk,2508091022,0.0
Oahu_Battery_Bulk,2508112200,0.0
Oahu_Battery_Bulk,2508112202,14.538192068738876
Oahu_Battery_Bulk,2508112204,0.0
Oahu_Battery_Bulk,2508112206,0.0
Oahu_Battery_Bulk,2508112208,0.0
Oahu_Battery_Bulk,2508112210,0.0
Oahu_Battery_Bulk,2508112212,0.0
Oahu_Battery_Bulk,2508112214,0.0
Oahu_Battery_Bulk,2508112216,0.0
Oahu_Battery_Bulk,2508112218,0.0
Oahu_Battery_Bulk,2508112220,0.0
Oahu_Battery_Bulk,2508112222,0.0
Oahu_Battery_Bulk,3007011200,0.0
Oahu_Battery_Bulk,3007011202,41.53077952947278
Oahu_Battery_Bulk,3007011204,0.0
Oahu_Battery_Bulk,3007011206,0.0
Oahu_Battery_Bulk,3007011208,270.70661261896703
Oahu_Battery_Bulk,3007011210,0.0
Oahu_Battery_Bulk,3007011212,0.0
Oahu_Battery_Bulk,3007011214,528.4080826869149
Oahu_Battery_Bulk,3007011216,321.8453386035839
Oahu_Battery_Bulk,3007011218,0.0
Oahu_Battery_Bulk,3007011220,0.0
Oahu_Battery_Bulk,3007011222,0.0
Oahu_Battery_Bulk,3007011900,0.0
Oahu_Battery_Bulk,3007011902,28.440132678502003
Oahu_Battery_Bulk,3007011904,52.49220700027192
Oahu_Battery_Bulk,3007011906,0.0
Oahu_Battery_Bulk,3007011908,0.0
Oahu_Battery_Bulk,3007011910,301.79207522621516
Oahu_Battery_Bulk,3007011912,566.7945526385394
Oahu_Battery_Bulk,3007011914,252.37340604471126
Oahu_Battery_Bulk,3007011916,0.0
Oahu_Battery_Bulk,3007011918,0.0
Oahu_Battery_Bulk,3007011920,0.0
Oahu_Battery_Bulk,3007011922,0.0
Oahu_Battery_Bulk,3007021200,20.84702375008837
Oahu_Battery_Bulk,3007021202,36.11325246274735
Oahu_Battery_Bulk,3007021204,16.968522142134056
Oahu_Battery_Bulk,3007021206,0.0
Oahu_Battery_Bulk,3007021208,0.0
Oahu_Battery_Bulk,3007021210,0.0
Oahu_Battery_Bulk,3007021212,210.50553657590808
Oahu_Battery_Bulk,3007021214,566.7945526385394
Oahu_Battery_Bulk,3007021216,343.6599446950183
Oahu_Battery_Bulk,3007021218,0.0
Oahu_Battery_Bulk,3007021220,0.0
Oahu_Battery_Bulk,3007021222,0.0
Oahu_Battery_Bulk,3007050200,0.0
Oahu_Battery_Bulk,3007050202,12.31933439291491
Oahu_Battery_Bulk,3007050204,0.0
Oahu_Battery_Bulk,3007050206,0.0
Oahu_Battery_Bulk,3007050208,0.0
Oahu_Battery_Bulk,3007050210,566.7945526385394
Oahu_Battery_Bulk,3007050212,0.0
Oahu_Battery_Bulk,3007050214,554.1654812709264
Oahu_Battery_Bulk,3007050216,0.0
Oahu_Battery_Bulk,3007050218,0.0
Oahu_Battery_Bulk,3007050220,0.0
Oahu_Battery_Bulk,3007050222,0.0
Oahu_Battery_Bulk,3007092200,0.0
Oahu_Battery_Bulk,3007092202,0.0
Oahu_Battery_Bulk,3007092204,39.30385897886236
Oahu_Battery_Bulk,3007092206,0.0
Oahu_Battery_Bulk,3007092208,369.1579069896468
Oahu_Battery_Bulk,3007092210,514.9637462458168
Oahu_Battery_Bulk,3007092212,0.0
Oahu_Battery_Bulk,3007092214,0.0
Oahu_Battery_Bulk,3007092216,236.83838067400222
Oahu_Battery_Bulk,3007092218,0.0
Oahu_Battery_Bulk,3007092220,0.0
Oahu_Battery_Bulk,3007092222,0.0
Oahu_Battery_Bulk,3007102700,0.0
Oahu_Battery_Bulk,3007102702,0.0
Oahu_Battery_Bulk,3007102704,0.0
Oahu_Battery_Bulk,3007102706,0.0
Oahu_Battery_Bulk,3007102708,0.0
Oahu_Battery_Bulk,3007102710,566.7945526385394
Oahu_Battery_Bulk,3007102712,492.05027705002874
Oahu_Battery_Bulk,3007102714,0.0
Oahu_Battery_Bulk,3007102716,62.11520422089767
Oahu_Battery_Bulk,3007102718,0.0
Oahu_Battery_Bulk,3007102720,0.0
Oahu_Battery_Bulk,3007102722,0.0
Oahu_Battery_Bulk,3007121500,0.0
Oahu_Battery_Bulk,3007121502,35.62407446677393
Oahu_Battery_Bulk,3007121504,0.0
Oahu_Battery_Bulk,3007121506,0.0
Oahu_Battery_Bulk,3007121508,0.0
Oahu_Battery_Bulk,3007121510,456.90509815774766
Oahu_Battery_Bulk,3007121512,557.874511447494
Oahu_Battery_Bulk,3007121514,0.0
Oahu_Battery_Bulk,3007121516,106.18042430422419
Oahu_Battery_Bulk,3007121518,0.0
Oahu_Battery_Bulk,3007121520,0.0
Oahu_Battery_Bulk,3007121522,0.0
Oahu_Battery_Bulk,3008022000,0.0
Oahu_Battery_Bulk,3008022002,52.31758410927411
Oahu_Battery_Bulk,3008022004,0.0
Oahu_Battery_Bulk,3008022006,0.0
Oahu_Battery_Bulk,3008022008,0.0
Oahu_Battery_Bulk,3008022010,359.2614041066732
Oahu_Battery_Bulk,3008022012,194.90407716425327
Oahu_Battery_Bulk,3008022014,566.7945526385394
Oahu_Battery_Bulk,3008022016,0.0
Oahu_Battery_Bulk,3008022018,0.0
Oahu_Battery_Bulk,3008022020,0.0
Oahu_Battery_Bulk,3008022022,0.0
Oahu_Battery_Bulk,3008041000,0.0
Oahu_Battery_Bulk,3008041002,0.0
Oahu_Battery_Bulk,3008041004,0.0
Oahu_Battery_Bulk,3008041006,0.0
Oahu_Battery_Bulk,3008041008,0.0
Oahu_Battery_Bulk,3008041010,485.0617856255031
Oahu_Battery_Bulk,3008041012,0.0
Oahu_Battery_Bulk,3008041014,31.79702610406025
Oahu_Battery_Bulk,3008041016,332.5592165869535
Oahu_Battery_Bulk,3008041018,0.0
Oahu_Battery_Bulk,3008041020,0.0
Oahu_Battery_Bulk,3008041022,0.0
Oahu_Battery_Bulk,3008061700,0.0
Oahu_Battery_Bulk,3008061702,0.0
Oahu_Battery_Bulk,3008061704,14.978848776866187
Oahu_Battery_Bulk,3008061706,0.0
Oahu_Battery_Bulk,3008061708,0.0
Oahu_Battery_Bulk,3008061710,0.0
Oahu_Battery_Bulk,3008061712,372.46105997240005
Oahu_Battery_Bulk,3008061714,566.7945526385394
Oahu_Battery_Bulk,3008061716,181.70442129852643
Oahu_Battery_Bulk,3008061718,0.0
Oahu_Battery_Bulk,3008061720,0.0
Oahu_Battery_Bulk,3008061722,0.0
Oahu_Battery_Bulk,3008081800,78.24730005355106
Oahu_Battery_Bulk,3008081802,0.0
Oahu_Battery_Bulk,3008081804,0.0
Oahu_Battery_Bulk,3008081806,0.0
Oahu_Battery_Bulk,3008081808,390.68147698612455
Oahu_Battery_Bulk,3008081810,0.0
Oahu_Battery_Bulk,3008081812,0.0
Oahu_Battery_Bulk,3008081814,398.2758324874541
Oahu_Battery_Bulk,3008081816,332.0027244358871
Oahu_Battery_Bulk,3008081818,0.0
Oahu_Battery_Bulk,3008081820,0.0
Oahu_Battery_Bulk,3008081822,0.0
Oahu_Battery_Bulk,3008091000,19.219715192840813
Oahu_Battery_Bulk,3008091002,57.83009316967383
Oahu_Battery_Bulk,3008091004,0.0
Oahu_Battery_Bulk,3008091006,0.0
Oahu_Battery_Bulk,3008091008,0.0
Oahu_Battery_Bulk,3008091010,0.0
Oahu_Battery_Bulk,3008091012,276.9523574676513
Oahu_Battery_Bulk,3008091014,447.29358559012576
Oahu_Battery_Bulk,3008091016,396.71409085168875
Oahu_Battery_Bulk,3008091018,0.0
Oahu_Battery_Bulk,3008091020,0.0
Oahu_Battery_Bulk,3008091022,0.0
Oahu_Battery_Bulk,3008112200,0.0
Oahu_Battery_Bulk,3008112202,0.0
Oahu_Battery_Bulk,3008112204,0.0
Oahu_Battery_Bulk,3008112206,0.0
Oahu_Battery_Bulk,3008112208,0.0
Oahu_Battery_Bulk,3008112210,186.99994255133106
Oahu_Battery_Bulk,3008112212,0.0
Oahu_Battery_Bulk,3008112214,0.0
Oahu_Battery_Bulk,3008112216,69.41052209036746
Oahu_Battery_Bulk,3008112218,0.0
Oahu_Battery_Bulk,3008112220,0.0
Oahu_Battery_Bulk,3008112222,0.0
Oahu_Battery_Bulk,3507011200,0.0
Oahu_Battery_Bulk,3507011202,19.28370097152765
Oahu_Battery_Bulk,3507011204,0.0
Oahu_Battery_Bulk,3507011206,0.0
Oahu_Battery_Bulk,3507011208,0.0
Oahu_Battery_Bulk,3507011210,0.0
Oahu_Battery_Bulk,3507011212,337.0204699129499
Oahu_Battery_Bulk,3507011214,677.7678844874358
Oahu_Battery_Bulk,3507011216,414.24512074540024
Oahu_Battery_Bulk,3507011218,0.0
Oahu_Battery_Bulk,3507011220,0.0
Oahu_Battery_Bulk,3507011222,0.0
Oahu_Battery_Bulk,3507011900,0.0
Oahu_Battery_Bulk,3507011902,0.0
Oahu_Battery_Bulk,3507011904,0.0
Oahu_Battery_Bulk,3507011906,0.0
Oahu_Battery_Bulk,3507011908,0.0
Oahu_Battery_Bulk,3507011910,575.0086313768145
Oahu_Battery_Bulk,3507011912,396.36779325064657
Oahu_Battery_Bulk,3507011914,454.6967166494168
Oahu_Battery_Bulk,3507011916,0.0
Oahu_Battery_Bulk,3507011918,0.0
Oahu_Battery_Bulk,3507011920,0.0
Oahu_Battery_Bulk,3507011922,0.0
Oahu_Battery_Bulk,3507021200,20.190000049839597
Oahu_Battery_Bulk,3507021202,0.0
Oahu_Battery_Bulk,3507021204,14.718073644316014
Oahu_Battery_Bulk,3507021206,0.0
Oahu_Battery_Bulk,3507021208,0.0
Oahu_Battery_Bulk,3507021210,0.0
Oahu_Battery_Bulk,3507021212,439.6709319193384
Oahu_Battery_Bulk,3507021214,647.3388996223853
Oahu_Battery_Bulk,3507021216,342.02364360406233
Oahu_Battery_Bulk,3507021218,0.0
Oahu_Battery_Bulk,3507021220,0.0
Oahu_Battery_Bulk,3507021222,0.0
Oahu_Battery_Bulk,3507050200,0.0
Oahu_Battery_Bulk,3507050202,0.0
Oahu_Battery_Bulk,3507050204,0.0
Oahu_Battery_Bulk,3507050206,0.0
Oahu_Battery_Bulk,3507050208,0.0
Oahu_Battery_Bulk,3507050210,120.89824528889142
Oahu_Battery_Bulk,3507050212,548.3408470697088
Oahu_Battery_Bulk,3507050214,582.8519084700715
Oahu_Battery_Bulk,3507050216,176.9424743171141
Oahu_Battery_Bulk,3507050218,0.0
Oahu_Battery_Bulk,3507050220,0.0
Oahu_Battery_Bulk,3507050222,0.0
Oahu_Battery_Bulk,3507092200,0.0
Oahu_Battery_Bulk,3507092202,0.0
Oahu_Battery_Bulk,3507092204,0.0
Oahu_Battery_Bulk,3507092206,0.0
Oahu_Battery_Bulk,3507092208,0.0
Oahu_Battery_Bulk,3507092210,0.0
Oahu_Battery_Bulk,3507092212,444.88470664229203
Oahu_Battery_Bulk,3507092214,482.5205493329854
Oahu_Battery_Bulk,3507092216,501.6282191705086
Oahu_Battery_Bulk,3507092218,0.0
Oahu_Battery_Bulk,3507092220,0.0
Oahu_Battery_Bulk,3507092222,0.0
Oahu_Battery_Bulk,3507102700,0.0
Oahu_Battery_Bulk,3507102702,0.0
Oahu_Battery_Bulk,3507102704,0.0
Oahu_Battery_Bulk,3507102706,0.0
Oahu_Battery_Bulk,3507102708,0.0
Oahu_Battery_Bulk,3507102710,81.68460566002636
Oahu_Battery_Bulk,3507102712,658.8515717036377
Oahu_Battery_Bulk,3507102714,561.4661887129099
Oahu_Battery_Bulk,3507102716,127.03110906921201
Oahu_Battery_Bulk,3507102718,0.0
Oahu_Battery_Bulk,3507102720,0.0
Oahu_Battery_Bulk,3507102722,0.0
Oahu_Battery_Bulk,3507121500,0.0
Oahu_Battery_Bulk,3507121502,0.0
Oahu_Battery_Bulk,3507121504,0.0
Oahu_Battery_Bulk,3507121506,0.0
Oahu_Battery_Bulk,3507121508,0.0
Oahu_Battery_Bulk,3507121510,0.0
Oahu_Battery_Bulk,3507121512,677.7678844874358
Oahu_Battery_Bulk,3507121514,591.1786806704426
Oahu_Battery_Bulk,3507121516,160.0869099879074
Oahu_Battery_Bulk,3507121518,0.0
Oahu_Battery_Bulk,3507121520,0.0
Oahu_Battery_Bulk,3507121522,0.0
Oahu_Battery_Bulk,3508022000,0.0
Oahu_Battery_Bulk,3508022002,34.20576478576972
Oahu_Battery_Bulk,3508022004,0.0
Oahu_Battery_Bulk,3508022006,0.0
Oahu_Battery_Bulk,3508022008,0.0
Oahu_Battery_Bulk,3508022010,136.3411290716835
Oahu_Battery_Bulk,3508022012,677.7678844874358
Oahu_Battery_Bulk,3508022014,588.8265655007419
Oahu_Battery_Bulk,3508022016,26.097896085924628
Oahu_Battery_Bulk,3508022018,0.0
Oahu_Battery_Bulk,3508022020,0.0
Oahu_Battery_Bulk,3508022022,0.0
Oahu_Battery_Bulk,3508041000,0.0
Oahu_Battery_Bulk,3508041002,65.89238739823529
Oahu_Battery_Bulk,3508041004,0.0
Oahu_Battery_Bulk,3508041006,0.0
Oahu_Battery_Bulk,3508041008,0.0
Oahu_Battery_Bulk,3508041010,0.0
Oahu_Battery_Bulk,3508041012,0.0
Oahu_Battery_Bulk,3508041014,481.77264352229173
Oahu_Battery_Bulk,3508041016,401.48254109849256
Oahu_Battery_Bulk,3508041018,0.0
Oahu_Battery_Bulk,3508041020,0.0
Oahu_Battery_Bulk,3508041022,0.0
Oahu_Battery_Bulk,3508061700,0.0
Oahu_Battery_Bulk,3508061702,0.0
Oahu_Battery_Bulk,3508061704,0.0
Oahu_Battery_Bulk,3508061706,0.0
Oahu_Battery_Bulk,3508061708,0.0
Oahu_Battery_Bulk,3508061710,677.7678844874358
Oahu_Battery_Bulk,3508061712,677.7678844874358
Oahu_Battery_Bulk,3508061714,69.16890229242755
Oahu_Battery_Bulk,3508061716,0.0
Oahu_Battery_Bulk,3508061718,0.0
Oahu_Battery_Bulk,3508061720,0.0
Oahu_Battery_Bulk,3508061722,0.0
Oahu_Battery_Bulk,3508081800,0.0
Oahu_Battery_Bulk,3508081802,3.2414630071400836
Oahu_Battery_Bulk,3508081804,0.0
Oahu_Battery_Bulk,3508081806,0.0
Oahu_Battery_Bulk,3508081808,0.0
Oahu_Battery_Bulk,3508081810,0.0
Oahu_Battery_Bulk,3508081812,361.39903870002894
Oahu_Battery_Bulk,3508081814,607.8574244245888
Oahu_Battery_Bulk,3508081816,459.7770120211682
Oahu_Battery_Bulk,3508081818,0.0
Oahu_Battery_Bulk,3508081820,0.0
Oahu_Battery_Bulk,3508081822,0.0
Oahu_Battery_Bulk,3508091000,0.0
Oahu_Battery_Bulk,3508091002,5.419594449605825
Oahu_Battery_Bulk,3508091004,0.0
Oahu_Battery_Bulk,3508091006,0.0
Oahu_Battery_Bulk,3508091008,0.0
Oahu_Battery_Bulk,3508091010,670.9966312766218
Oahu_Battery_Bulk,3508091012,0.0
Oahu_Battery_Bulk,3508091014,243.53493003750603
Oahu_Battery_Bulk,3508091016,514.5019138316583
Oahu_Battery_Bulk,3508091018,0.0
Oahu_Battery_Bulk,3508091020,0.0
Oahu_Battery_Bulk,3508091022,0.0
Oahu_Battery_Bulk,3508112200,0.0
Oahu_Battery_Bulk,3508112202,0.0
Oahu_Battery_Bulk,3508112204,0.0
Oahu_Battery_Bulk,3508112206,0.0
Oahu_Battery_Bulk,3508112208,0.0
Oahu_Battery_Bulk,3508112210,0.0
Oahu_Battery_Bulk,3508112212,67.10912607660302
Oahu_Battery_Bulk,3508112214,0.0
Oahu_Battery_Bulk,3508112216,0.0
Oahu_Battery_Bulk,3508112218,0.0
Oahu_Battery_Bulk,3508112220,0.0
Oahu_Battery_Bulk,3508112222,0.0
Oahu_Battery_Bulk,4007011200,0.0
Oahu_Battery_Bulk,4007011202,0.0
Oahu_Battery_Bulk,4007011204,0.0
Oahu_Battery_Bulk,4007011206,0.0
Oahu_Battery_Bulk,4007011208,0.0
Oahu_Battery_Bulk,4007011210,0.0
Oahu_Battery_Bulk,4007011212,715.0313492854004
Oahu_Battery_Bulk,4007011214,715.0313492854004
Oahu_Battery_Bulk,4007011216,347.73661382208246
Oahu_Battery_Bulk,4007011218,0.0
Oahu_Battery_Bulk,4007011220,0.0
Oahu_Battery_Bulk,4007011222,0.0
Oahu_Battery_Bulk,4007011900,0.0
Oahu_Battery_Bulk,4007011902,0.0
Oahu_Battery_Bulk,4007011904,0.0
Oahu_Battery_Bulk,4007011906,0.0
Oahu_Battery_Bulk,4007011908,542.5654791864133
Oahu_Battery_Bulk,4007011910,366.44837579350155
Oahu_Battery_Bulk,4007011912,0.0
Oahu_Battery_Bulk,4007011914,626.7386035247321
Oahu_Battery_Bulk,4007011916,0.0
Oahu_Battery_Bulk,4007011918,0.0
Oahu_Battery_Bulk,4007011920,0.0
Oahu_Battery_Bulk,4007011922,0.0
Oahu_Battery_Bulk,4007021200,0.0
Oahu_Battery_Bulk,4007021202,0.0
Oahu_Battery_Bulk,4007021204,0.0
Oahu_Battery_Bulk,4007021206,0.0
Oahu_Battery_Bulk,4007021208,0.0
Oahu_Battery_Bulk,4007021210,84.32332121277341
Oahu_Battery_Bulk,4007021212,715.0313492854004
Oahu_Battery_Bulk,4007021214,715.0313492854004
Oahu_Battery_Bulk,4007021216,661.1195021825426
Oahu_Battery_Bulk,4007021218,0.0
Oahu_Battery_Bulk,4007021220,0.0
Oahu_Battery_Bulk,4007021222,0.0
Oahu_Battery_Bulk,4007050200,0.0
Oahu_Battery_Bulk,4007050202,0.0
Oahu_Battery_Bulk,4007050204,0.0
Oahu_Battery_Bulk,4007050206,0.0
Oahu_Battery_Bulk,4007050208,0.0
Oahu_Battery_Bulk,4007050210,0.0
Oahu_Battery_Bulk,4007050212,485.9617081042013
Oahu_Battery_Bulk,4007050214,443.22482907049243
Oahu_Battery_Bulk,4007050216,584.0254427911507
Oahu_Battery_Bulk,4007050218,0.0
Oahu_Battery_Bulk,4007050220,0.0
Oahu_Battery_Bulk,4007050222,0.0
Oahu_Battery_Bulk,4007092200,0.0
Oahu_Battery_Bulk,4007092202,0.0
Oahu_Battery_Bulk,4007092204,0.0
Oahu_Battery_Bulk,4007092206,0.0
Oahu_Battery_Bulk,4007092208,0.0
Oahu_Battery_Bulk,4007092210,715.0313492854004
Oahu_Battery_Bulk,4007092212,319.47251407631484
Oahu_Battery_Bulk,4007092214,425.9703093190011
Oahu_Battery_Bulk,4007092216,715.0313492854004
Oahu_Battery_Bulk,4007092218,0.0
Oahu_Battery_Bulk,4007092220,0.0
Oahu_Battery_Bulk,4007092222,0.0
Oahu_Battery_Bulk,4007102700,0.0
Oahu_Battery_Bulk,4007102702,0.0
Oahu_Battery_Bulk,4007102704,0.0
Oahu_Battery_Bulk,4007102706,0.0
Oahu_Battery_Bulk,4007102708,408.0495176258627
Oahu_Battery_Bulk,4007102710,62.15518128910983
Oahu_Battery_Bulk,4007102712,715.0313492854004
Oahu_Battery_Bulk,4007102714,715.0313492854004
Oahu_Battery_Bulk,4007102716,245.93321324546395
Oahu_Battery_Bulk,4007102718,0.0
Oahu_Battery_Bulk,4007102720,0.0
Oahu_Battery_Bulk,4007102722,0.0
Oahu_Battery_Bulk,4007121500,0.0
Oahu_Battery_Bulk,4007121502,24.063042805893343
Oahu_Battery_Bulk,4007121504,0.0
Oahu_Battery_Bulk,4007121506,0.0
Oahu_Battery_Bulk,4007121508,0.0
Oahu_Battery_Bulk,4007121510,0.0
Oahu_Battery_Bulk,4007121512,441.2741913515607
Oahu_Battery_Bulk,4007121514,715.0313492854004
Oahu_Battery_Bulk,4007121516,242.13984128056356
Oahu_Battery_Bulk,4007121518,0.0
Oahu_Battery_Bulk,4007121520,0.0
Oahu_Battery_Bulk,4007121522,0.0
Oahu_Battery_Bulk,4008022000,0.0
Oahu_Battery_Bulk,4008022002,0.0
Oahu_Battery_Bulk,4008022004,0.0
Oahu_Battery_Bulk,4008022006,0.0
Oahu_Battery_Bulk,4008022008,0.0
Oahu_Battery_Bulk,4008022010,715.0313492854004
Oahu_Battery_Bulk,4008022012,521.621702271475
Oahu_Battery_Bulk,4008022014,715.0313492854004
Oahu_Battery_Bulk,4008022016,223.82112112384098
Oahu_Battery_Bulk,4008022018,0.0
Oahu_Battery_Bulk,4008022020,0.0
Oahu_Battery_Bulk,4008022022,0.0
Oahu_Battery_Bulk,4008041000,0.0
Oahu_Battery_Bulk,4008041002,0.0
Oahu_Battery_Bulk,4008041004,0.0
Oahu_Battery_Bulk,4008041006,0.0
Oahu_Battery_Bulk,4008041008,0.0
Oahu_Battery_Bulk,4008041010,0.0
Oahu_Battery_Bulk,4008041012,0.0
Oahu_Battery_Bulk,4008041014,715.0313492854004
Oahu_Battery_Bulk,4008041016,188.63740773589342
Oahu_Battery_Bulk,4008041018,0.0
Oahu_Battery_Bulk,4008041020,0.0
Oahu_Battery_Bulk,4008041022,0.0
Oahu_Battery_Bulk,4008061700,0.0
Oahu_Battery_Bulk,4008061702,0.0
Oahu_Battery_Bulk,4008061704,0.0
Oahu_Battery_Bulk,4008061706,0.0
Oahu_Battery_Bulk,4008061708,674.3549152517339
Oahu_Battery_Bulk,4008061710,715.0313492854004
Oahu_Battery_Bulk,4008061712,242.56031293451258
Oahu_Battery_Bulk,4008061714,229.72082914393627
Oahu_Battery_Bulk,4008061716,0.0
Oahu_Battery_Bulk,4008061718,0.0
Oahu_Battery_Bulk,4008061720,0.0
Oahu_Battery_Bulk,4008061722,0.0
Oahu_Battery_Bulk,4008081800,0.0
Oahu_Battery_Bulk,4008081802,0.0
Oahu_Battery_Bulk,4008081804,0.0
Oahu_Battery_Bulk,4008081806,0.0
Oahu_Battery_Bulk,4008081808,0.0
Oahu_Battery_Bulk,4008081810,452.07896155703014
Oahu_Battery_Bulk,4008081812,293.36386183828574
Oahu_Battery_Bulk,4008081814,715.0313492854004
Oahu_Battery_Bulk,4008081816,715.0313492854004
Oahu_Battery_Bulk,4008081818,0.0
Oahu_Battery_Bulk,4008081820,0.0
Oahu_Battery_Bulk,4008081822,0.0
Oahu_Battery_Bulk,4008091000,0.0
Oahu_Battery_Bulk,4008091002,0.0
Oahu_Battery_Bulk,4008091004,0.0
Oahu_Battery_Bulk,4008091006,0.0
Oahu_Battery_Bulk,4008091008,107.75669125343435
Oahu_Battery_Bulk,4008091010,0.0
Oahu_Battery_Bulk,4008091012,715.0313492854004
Oahu_Battery_Bulk,4008091014,637.6861321418816
Oahu_Battery_Bulk,4008091016,715.0313492854004
Oahu_Battery_Bulk,4008091018,0.0
Oahu_Battery_Bulk,4008091020,0.0
Oahu_Battery_Bulk,4008091022,0.0
Oahu_Battery_Bulk,4008112200,0.0
Oahu_Battery_Bulk,4008112202,0.0
Oahu_Battery_Bulk,4008112204,0.0
Oahu_Battery_Bulk,4008112206,0.0
Oahu_Battery_Bulk,4008112208,0.0
Oahu_Battery_Bulk,4008112210,0.0
Oahu_Battery_Bulk,4008112212,0.0
Oahu_Battery_Bulk,4008112214,184.99913376843602
Oahu_Battery_Bulk,4008112216,0.0
Oahu_Battery_Bulk,4008112218,0.0
Oahu_Battery_Bulk,4008112220,0.0
Oahu_Battery_Bulk,4008112222,0.0
Oahu_Battery_Bulk,4507011200,0.0
Oahu_Battery_Bulk,4507011202,0.0
Oahu_Battery_Bulk,4507011204,0.0
Oahu_Battery_Bulk,4507011206,0.0
Oahu_Battery_Bulk,4507011208,612.3587263090797
Oahu_Battery_Bulk,4507011210,1032.2872722635857
Oahu_Battery_Bulk,4507011212,562.4728714113434
Oahu_Battery_Bulk,4507011214,1032.2872722635857
Oahu_Battery_Bulk,4507011216,888.4701695864211
Oahu_Battery_Bulk,4507011218,0.0
Oahu_Battery_Bulk,4507011220,0.0
Oahu_Battery_Bulk,4507011222,0.0
Oahu_Battery_Bulk,4507011900,0.0
Oahu_Battery_Bulk,4507011902,0.0
Oahu_Battery_Bulk,4507011904,0.0
Oahu_Battery_Bulk,4507011906,0.0
Oahu_Battery_Bulk,4507011908,769.9849123554525
Oahu_Battery_Bulk,4507011910,883.5694517887487
Oahu_Battery_Bulk,4507011912,0.0
Oahu_Battery_Bulk,4507011914,1032.2872722635857
Oahu_Battery_Bulk,4507011916,0.0
Oahu_Battery_Bulk,4507011918,0.0
Oahu_Battery_Bulk,4507011920,0.0
Oahu_Battery_Bulk,4507011922,0.0
Oahu_Battery_Bulk,4507021200,0.0
Oahu_Battery_Bulk,4507021202,0.0
Oahu_Battery_Bulk,4507021204,0.0
Oahu_Battery_Bulk,4507021206,0.0
Oahu_Battery_Bulk,4507021208,575.3354952450152
Oahu_Battery_Bulk,4507021210,761.0450915009743
Oahu_Battery_Bulk,4507021212,1032.2872722635857
Oahu_Battery_Bulk,4507021214,1032.2872722635857
Oahu_Battery_Bulk,4507021216,952.0863900399364
Oahu_Battery_Bulk,4507021218,0.0
Oahu_Battery_Bulk,4507021220,0.0
Oahu_Battery_Bulk,4507021222,0.0
Oahu_Battery_Bulk,4507050200,0.0
Oahu_Battery_Bulk,4507050202,0.0
Oahu_Battery_Bulk,4507050204,0.0
Oahu_Battery_Bulk,4507050206,0.0
Oahu_Battery_Bulk,4507050208,0.0
Oahu_Battery_Bulk,4507050210,0.0
Oahu_Battery_Bulk,4507050212,1032.2872722635857
Oahu_Battery_Bulk,4507050214,1032.2872722635857
Oahu_Battery_Bulk,4507050216,783.8383437504169
Oahu_Battery_Bulk,4507050218,0.0
Oahu_Battery_Bulk,4507050220,0.0
Oahu_Battery_Bulk,4507050222,0.0
Oahu_Battery_Bulk,4507092200,0.0
Oahu_Battery_Bulk,4507092202,0.0
Oahu_Battery_Bulk,4507092204,0.0
Oahu_Battery_Bulk,4507092206,0.0
Oahu_Battery_Bulk,4507092208,333.2859118739984
Oahu_Battery_Bulk,4507092210,1032.2872722635857
Oahu_Battery_Bulk,4507092212,1032.2872722635857
Oahu_Battery_Bulk,4507092214,1032.2872722635857
Oahu_Battery_Bulk,4507092216,922.8937926483419
Oahu_Battery_Bulk,4507092218,0.0
Oahu_Battery_Bulk,4507092220,0.0
Oahu_Battery_Bulk,4507092222,0.0
Oahu_Battery_Bulk,4507102700,0.0
Oahu_Battery_Bulk,4507102702,0.0
Oahu_Battery_Bulk,4507102704,0.0
Oahu_Battery_Bulk,4507102706,0.0
Oahu_Battery_Bulk,4507102708,0.0
Oahu_Battery_Bulk,4507102710,1032.2872722635857
Oahu_Battery_Bulk,4507102712,774.468511036768
Oahu_Battery_Bulk,4507102714,1032.2872722635857
Oahu_Battery_Bulk,4507102716,524.7156446635514
Oahu_Battery_Bulk,4507102718,0.0
Oahu_Battery_Bulk,4507102720,0.0
Oahu_Battery_Bulk,4507102722,0.0
Oahu_Battery_Bulk,4507121500,0.0
Oahu_Battery_Bulk,4507121502,0.0
Oahu_Battery_Bulk,4507121504,0.0
Oahu_Battery_Bulk,4507121506,0.0
Oahu_Battery_Bulk,4507121508,0.0
Oahu_Battery_Bulk,4507121510,265.2465380853614
Oahu_Battery_Bulk,4507121512,1032.2872722635857
Oahu_Battery_Bulk,4507121514,1032.2872722635857
Oahu_Battery_Bulk,4507121516,317.1692112289905
Oahu_Battery_Bulk,4507121518,0.0
Oahu_Battery_Bulk,4507121520,0.0
Oahu_Battery_Bulk,4507121522,0.0
Oahu_Battery_Bulk,4508022000,0.0
Oahu_Battery_Bulk,4508022002,0.0
Oahu_Battery_Bulk,4508022004,0.0
Oahu_Battery_Bulk,4508022006,0.0
Oahu_Battery_Bulk,4508022008,1032.2872722635857
Oahu_Battery_Bulk,4508022010,1032.2872722635857
Oahu_Battery_Bulk,4508022012,840.6352391714646
Oahu_Battery_Bulk,4508022014,1032.2872722635857
Oahu_Battery_Bulk,4508022016,415.54446535087595
Oahu_Battery_Bulk,4508022018,0.0
Oahu_Battery_Bulk,4508022020,0.0
Oahu_Battery_Bulk,4508022022,0.0
Oahu_Battery_Bulk,4508041000,0.0
Oahu_Battery_Bulk,4508041002,0.0
Oahu_Battery_Bulk,4508041004,0.0
Oahu_Battery_Bulk,4508041006,0.0
Oahu_Battery_Bulk,4508041008,0.0
Oahu_Battery_Bulk,4508041010,661.2570248167596
Oahu_Battery_Bulk,4508041012,1032.2872722635857
Oahu_Battery_Bulk,4508041014,0.0
Oahu_Battery_Bulk,4508041016,810.428061709917
Oahu_Battery_Bulk,4508041018,0.0
Oahu_Battery_Bulk,4508041020,0.0
Oahu_Battery_Bulk,4508041022,0.0
Oahu_Battery_Bulk,4508061700,0.0
Oahu_Battery_Bulk,4508061702,0.0
Oahu_Battery_Bulk,4508061704,0.0
Oahu_Battery_Bulk,4508061706,0.0
Oahu_Battery_Bulk,4508061708,335.3746743372328
Oahu_Battery_Bulk,4508061710,1032.2872722635857
Oahu_Battery_Bulk,4508061712,1032.2872722635857
Oahu_Battery_Bulk,4508061714,1032.2872722635857
Oahu_Battery_Bulk,4508061716,582.7256246432797
Oahu_Battery_Bulk,4508061718,0.0
Oahu_Battery_Bulk,4508061720,0.0
Oahu_Battery_Bulk,4508061722,0.0
Oahu_Battery_Bulk,4508081800,0.0
Oahu_Battery_Bulk,4508081802,0.0
Oahu_Battery_Bulk,4508081804,0.0
Oahu_Battery_Bulk,4508081806,0.0
Oahu_Battery_Bulk,4508081808,758.2815342168269
Oahu_Battery_Bulk,4508081810,861.1682112700695
Oahu_Battery_Bulk,4508081812,1032.2872722635857
Oahu_Battery_Bulk,4508081814,1032.2872722635857
Oahu_Battery_Bulk,4508081816,669.0172312990297
Oahu_Battery_Bulk,4508081818,0.0
Oahu_Battery_Bulk,4508081820,0.0
Oahu_Battery_Bulk,4508081822,0.0
Oahu_Battery_Bulk,4508091000,0.0
Oahu_Battery_Bulk,4508091002,0.0
Oahu_Battery_Bulk,4508091004,0.0
Oahu_Battery_Bulk,4508091006,0.0
Oahu_Battery_Bulk,4508091008,950.6792359098114
Oahu_Battery_Bulk,4508091010,1032.2872722635857
Oahu_Battery_Bulk,4508091012,688.4235185614332
Oahu_Battery_Bulk,4508091014,1032.2872722635857
Oahu_Battery_Bulk,4508091016,649.3642223146816
Oahu_Battery_Bulk,4508091018,0.0
Oahu_Battery_Bulk,4508091020,0.0
Oahu_Battery_Bulk,4508091022,0.0
Oahu_Battery_Bulk,4508112200,0.0
Oahu_Battery_Bulk,4508112202,0.0
Oahu_Battery_Bulk,4508112204,0.0
Oahu_Battery_Bulk,4508112206,0.0
Oahu_Battery_Bulk,4508112208,0.0
Oahu_Battery_Bulk,4508112210,0.0
Oahu_Battery_Bulk,4508112212,0.0
Oahu_Battery_Bulk,4508112214,346.2724797587626
Oahu_Battery_Bulk,4508112216,216.72922631423222
Oahu_Battery_Bulk,4508112218,0.0
Oahu_Battery_Bulk,4508112220,0.0
Oahu_Battery_Bulk,4508112222,0.0
Oahu_Battery_Conting,2007011200,0.0
Oahu_Battery_Conting,2007011202,0.0
Oahu_Battery_Conting,2007011204,0.0
Oahu_Battery_Conting,2007011206,0.0
Oahu_Battery_Conting,2007011208,0.0
Oahu_Battery_Conting,2007011210,0.0
Oahu_Battery_Conting,2007011212,0.0
Oahu_Battery_Conting,2007011214,0.0
Oahu_Battery_Conting,2007011216,0.0
Oahu_Battery_Conting,2007011218,0.0
Oahu_Battery_Conting,2007011220,0.0
Oahu_Battery_Conting,2007011222,0.0
Oahu_Battery_Conting,2007011900,0.0
Oahu_Battery_Conting,2007011902,0.0
Oahu_Battery_Conting,2007011904,0.0
Oahu_Battery_Conting,2007011906,0.0
Oahu_Battery_Conting,2007011908,0.0
Oahu_Battery_Conting,2007011910,0.0
Oahu_Battery_Conting,2007011912,0.0
Oahu_Battery_Conting,2007011914,0.0
Oahu_Battery_Conting,2007011916,0.0
Oahu_Battery_Conting,2007011918,0.0
Oahu_Battery_Conting,2007011920,0.0
Oahu_Battery_Conting,2007011922,0.0
Oahu_Battery_Conting,2007021200,0.0
Oahu_Battery_Conting,2007021202,0.0
Oahu_Battery_Conting,2007021204,0.0
Oahu_Battery_Conting,2007021206,0.0
Oahu_Battery_Conting,2007021208,0.0
Oahu_Battery_Conting,2007021210,0.0
Oahu_Battery_Conting,2007021212,0.0
Oahu_Battery_Conting,2007021214,0.0
Oahu_Battery_Conting,2007021216,0.0
Oahu_Battery_Conting,2007021218,0.0
Oahu_Battery_Conting,2007021220,0.0
Oahu_Battery_Conting,2007021222,0.0
Oahu_Battery_Conting,2007050200,0.0
Oahu_Battery_Conting,2007050202,0.0
Oahu_Battery_Conting,2007050204,0.0
Oahu_Battery_Conting,2007050206,0.0
Oahu_Battery_Conting,2007050208,0.0
Oahu_Battery_Conting,2007050210,0.0
Oahu_Battery_Conting,2007050212,0.0
Oahu_Battery_Conting,2007050214,0.0
Oahu_Battery_Conting,2007050216,0.0
Oahu_Battery_Conting,2007050218,0.0
Oahu_Battery_Conting,2007050220,0.0
Oahu_Battery_Conting,2007050222,0.0
Oahu_Battery_Conting,2007092200,0.0
Oahu_Battery_Conting,2007092202,0.0
Oahu_Battery_Conting,2007092204,0.0
Oahu_Battery_Conting,2007092206,0.0
Oahu_Battery_Conting,2007092208,0.0
Oahu_Battery_Conting,2007092210,0.0
Oahu_Battery_Conting,2007092212,0.0
Oahu_Battery_Conting,2007092214,0.0
Oahu_Battery_Conting,2007092216,0.0
Oahu_Battery_Conting,2007092218,0.0
Oahu_Battery_Conting,2007092220,0.0
Oahu_Battery_Conting,2007092222,0.0
Oahu_Battery_Conting,2007102700,0.0
Oahu_Battery_Conting,2007102702,0.0
Oahu_Battery_Conting,2007102704,0.0
Oahu_Battery_Conting,2007102706,0.0
Oahu_Battery_Conting,2007102708,0.0
Oahu_Battery_Conting,2007102710,0.0
Oahu_Battery_Conting,2007102712,0.0
Oahu_Battery_Conting,2007102714,0.0
Oahu_Battery_Conting,2007102716,0.0
Oahu_Battery_Conting,2007102718,0.0
Oahu_Battery_Conting,2007102720,0.0
Oahu_Battery_Conting,2007102722,0.0
Oahu_Battery_Conting,2007121500,0.0
Oahu_Battery_Conting,2007121502,0.0
Oahu_Battery_Conting,2007121504,0.0
Oahu_Battery_Conting,2007121506,0.0
Oahu_Battery_Conting,2007121508,0.0
Oahu_Battery_Conting,2007121510,0.0
Oahu_Battery_Conting,2007121512,0.0
Oahu_Battery_Conting,2007121514,0.0
Oahu_Battery_Conting,2007121516,0.0
Oahu_Battery_Conting,2007121518,0.0
Oahu_Battery_Conting,2007121520,0.0
Oahu_Battery_Conting,2007121522,0.0
Oahu_Battery_Conting,2008022000,0.0
Oahu_Battery_Conting,2008022002,0.0
Oahu_Battery_Conting,2008022004,0.0
Oahu_Battery_Conting,2008022006,0.0
Oahu_Battery_Conting,2008022008,0.0
Oahu_Battery_Conting,2008022010,0.0
Oahu_Battery_Conting,2008022012,0.0
Oahu_Battery_Conting,2008022014,0.0
Oahu_Battery_Conting,2008022016,0.0
Oahu_Battery_Conting,2008022018,0.0
Oahu_Battery_Conting,2008022020,0.0
Oahu_Battery_Conting,2008022022,0.0
Oahu_Battery_Conting,2008041000,0.0
Oahu_Battery_Conting,2008041002,0.0
Oahu_Battery_Conting,2008041004,0.0
Oahu_Battery_Conting,2008041006,0.0
Oahu_Battery_Conting,2008041008,0.0
Oahu_Battery_Conting,2008041010,0.0
Oahu_Battery_Conting,2008041012,0.0
Oahu_Battery_Conting,2008041014,0.0
Oahu_Battery_Conting,2008041016,0.0
Oahu_Battery_Conting,2008041018,0.0
Oahu_Battery_Conting,2008041020,0.0
Oahu_Battery_Conting,2008041022,0.0
Oahu_Battery_Conting,2008061700,0.0
Oahu_Battery_Conting,2008061702,0.0
Oahu_Battery_Conting,2008061704,0.0
Oahu_Battery_Conting,2008061706,0.0
Oahu_Battery_Conting,2008061708,0.0
Oahu_Battery_Conting,2008061710,0.0
Oahu_Battery_Conting,2008061712,0.0
Oahu_Battery_Conting,2008061714,0.0
Oahu_Battery_Conting,2008061716,0.0
Oahu_Battery_Conting,2008061718,0.0
Oahu_Battery_Conting,2008061720,0.0
Oahu_Battery_Conting,2008061722,0.0
Oahu_Battery_Conting,2008081800,0.0
Oahu_Battery_Conting,2008081802,0.0
Oahu_Battery_Conting,2008081804,0.0
Oahu_Battery_Conting,2008081806,0.0
Oahu_Battery_Conting,2008081808,0.0
Oahu_Battery_Conting,2008081810,0.0
Oahu_Battery_Conting,2008081812,0.0
Oahu_Battery_Conting,2008081814,0.0
Oahu_Battery_Conting,2008081816,0.0
Oahu_Battery_Conting,2008081818,0.0
Oahu_Battery_Conting,2008081820,0.0
Oahu_Battery_Conting,2008081822,0.0
Oahu_Battery_Conting,2008091000,0.0
Oahu_Battery_Conting,2008091002,0.0
Oahu_Battery_Conting,2008091004,0.0
Oahu_Battery_Conting,2008091006,0.0
Oahu_Battery_Conting,2008091008,0.0
Oahu_Battery_Conting,2008091010,0.0
Oahu_Battery_Conting,2008091012,0.0
Oahu_Battery_Conting,2008091014,0.0
Oahu_Battery_Conting,2008091016,0.0
Oahu_Battery_Conting,2008091018,0.0
Oahu_Battery_Conting,2008091020,0.0
Oahu_Battery_Conting,2008091022,0.0
Oahu_Battery_Conting,2008112200,0.0
Oahu_Battery_Conting,2008112202,0.0
Oahu_Battery_Conting,2008112204,0.0
Oahu_Battery_Conting,2008112206,0.0
Oahu_Battery_Conting,2008112208,0.0
Oahu_Battery_Conting,2008112210,0.0
Oahu_Battery_Conting,2008112212,0.0
Oahu_Battery_Conting,2008112214,0.0
Oahu_Battery_Conting,2008112216,0.0
Oahu_Battery_Conting,2008112218,0.0
Oahu_Battery_Conting,2008112220,0.0
Oahu_Battery_Conting,2008112222,0.0
Oahu_Battery_Conting,2507011200,0.0
Oahu_Battery_Conting,2507011202,0.0
Oahu_Battery_Conting,2507011204,0.0
Oahu_Battery_Conting,2507011206,0.0
Oahu_Battery_Conting,2507011208,0.0
Oahu_Battery_Conting,2507011210,0.0
Oahu_Battery_Conting,2507011212,0.0
Oahu_Battery_Conting,2507011214,0.0
Oahu_Battery_Conting,2507011216,0.0
Oahu_Battery_Conting,2507011218,0.0
Oahu_Battery_Conting,2507011220,0.0
Oahu_Battery_Conting,2507011222,0.0
Oahu_Battery_Conting,2507011900,0.0
Oahu_Battery_Conting,2507011902,0.0
Oahu_Battery_Conting,2507011904,0.0
Oahu_Battery_Conting,2507011906,0.0
Oahu_Battery_Conting,2507011908,0.0
Oahu_Battery_Conting,2507011910,0.0
Oahu_Battery_Conting,2507011912,0.0
Oahu_Battery_Conting,2507011914,0.0
Oahu_Battery_Conting,2507011916,0.0
Oahu_Battery_Conting,2507011918,0.0
Oahu_Battery_Conting,2507011920,0.0
Oahu_Battery_Conting,2507011922,0.0
Oahu_Battery_Conting,2507021200,0.0
Oahu_Battery_Conting,2507021202,0.0
Oahu_Battery_Conting,2507021204,0.0
Oahu_Battery_Conting,2507021206,0.0
Oahu_Battery_Conting,2507021208,0.0
Oahu_Battery_Conting,2507021210,0.0
Oahu_Battery_Conting,2507021212,0.0
Oahu_Battery_Conting,2507021214,0.0
Oahu_Battery_Conting,2507021216,0.0
Oahu_Battery_Conting,2507021218,0.0
Oahu_Battery_Conting,2507021220,0.0
Oahu_Battery_Conting,2507021222,0.0
Oahu_Battery_Conting,2507050200,0.0
Oahu_Battery_Conting,2507050202,0.0
Oahu_Battery_Conting,2507050204,0.0
Oahu_Battery_Conting,2507050206,0.0
Oahu_Battery_Conting,2507050208,0.0
Oahu_Battery_Conting,2507050210,0.0
Oahu_Battery_Conting,2507050212,0.0
Oahu_Battery_Conting,2507050214,0.0
Oahu_Battery_Conting,2507050216,0.0
Oahu_Battery_Conting,2507050218,0.0
Oahu_Battery_Conting,2507050220,0.0
Oahu_Battery_Conting,2507050222,0.0
Oahu_Battery_Conting,2507092200,0.0
Oahu_Battery_Conting,2507092202,0.0
Oahu_Battery_Conting,2507092204,0.0
Oahu_Battery_Conting,2507092206,0.0
Oahu_Battery_Conting,2507092208,0.0
Oahu_Battery_Conting,2507092210,0.0
Oahu_Battery_Conting,2507092212,0.0
Oahu_Battery_Conting,2507092214,0.0
Oahu_Battery_Conting,2507092216,0.0
Oahu_Battery_Conting,2507092218,0.0
Oahu_Battery_Conting,2507092220,0.0
Oahu_Battery_Conting,2507092222,0.0
Oahu_Battery_Conting,2507102700,0.0
Oahu_Battery_Conting,2507102702,0.0
Oahu_Battery_Conting,2507102704,0.0
Oahu_Battery_Conting,2507102706,0.0
Oahu_Battery_Conting,2507102708,0.0
Oahu_Battery_Conting,2507102710,0.0
Oahu_Battery_Conting,2507102712,0.0
Oahu_Battery_Conting,2507102714,0.0
Oahu_Battery_Conting,2507102716,0.0
Oahu_Battery_Conting,2507102718,0.0
Oahu_Battery_Conting,2507102720,0.0
Oahu_Battery_Conting,2507102722,0.0
Oahu_Battery_Conting,2507121500,0.0
Oahu_Battery_Conting,2507121502,0.0
Oahu_Battery_Conting,2507121504,0.0
Oahu_Battery_Conting,2507121506,0.0
Oahu_Battery_Conting,2507121508,0.0
Oahu_Battery_Conting,2507121510,0.0
Oahu_Battery_Conting,2507121512,0.0
Oahu_Battery_Conting,2507121514,0.0
Oahu_Battery_Conting,2507121516,0.0
Oahu_Battery_Conting,2507121518,0.0
Oahu_Battery_Conting,2507121520,0.0
Oahu_Battery_Conting,2507121522,0.0
Oahu_Battery_Conting,2508022000,0.0
Oahu_Battery_Conting,2508022002,0.0
Oahu_Battery_Conting,2508022004,0.0
Oahu_Battery_Conting,2508022006,0.0
Oahu_Battery_Conting,2508022008,0.0
Oahu_Battery_Conting,2508022010,0.0
Oahu_Battery_Conting,2508022012,0.0
Oahu_Battery_Conting,2508022014,0.0
Oahu_Battery_Conting,2508022016,0.0
Oahu_Battery_Conting,2508022018,0.0
Oahu_Battery_Conting,2508022020,0.0
Oahu_Battery_Conting,2508022022,0.0
Oahu_Battery_Conting,2508041000,0.0
Oahu_Battery_Conting,2508041002,0.0
Oahu_Battery_Conting,2508041004,0.0
Oahu_Battery_Conting,2508041006,0.0
Oahu_Battery_Conting,2508041008,0.0
Oahu_Battery_Conting,2508041010,0.0
Oahu_Battery_Conting,2508041012,0.0
Oahu_Battery_Conting,2508041014,0.0
Oahu_Battery_Conting,2508041016,0.0
Oahu_Battery_Conting,2508041018,0.0
Oahu_Battery_Conting,2508041020,0.0
Oahu_Battery_Conting,2508041022,0.0
Oahu_Battery_Conting,2508061700,0.0
Oahu_Battery_Conting,2508061702,0.0
Oahu_Battery_Conting,2508061704,0.0
Oahu_Battery_Conting,2508061706,0.0
Oahu_Battery_Conting,2508061708,0.0
Oahu_Battery_Conting,2508061710,0.0
Oahu_Battery_Conting,2508061712,0.0
Oahu_Battery_Conting,2508061714,0.0
Oahu_Battery_Conting,2508061716,0.0
Oahu_Battery_Conting,2508061718,0.0
Oahu_Battery_Conting,2508061720,0.0
Oahu_Battery_Conting,2508061722,0.0
Oahu_Battery_Conting,2508081800,0.0
Oahu_Battery_Conting,2508081802,0.0
Oahu_Battery_Conting,2508081804,0.0
Oahu_Battery_Conting,2508081806,0.0
Oahu_Battery_Conting,2508081808,0.0
Oahu_Battery_Conting,2508081810,0.0
Oahu_Battery_Conting,2508081812,0.0
Oahu_Battery_Conting,2508081814,0.0
Oahu_Battery_Conting,2508081816,0.0
Oahu_Battery_Conting,2508081818,0.0
Oahu_Battery_Conting,2508081820,0.0
Oahu_Battery_Conting,2508081822,0.0
Oahu_Battery_Conting,2508091000,0.0
Oahu_Battery_Conting,2508091002,0.0
Oahu_Battery_Conting,2508091004,0.0
Oahu_Battery_Conting,2508091006,0.0
Oahu_Battery_Conting,2508091008,0.0
Oahu_Battery_Conting,2508091010,0.0
Oahu_Battery_Conting,2508091012,0.0
Oahu_Battery_Conting,2508091014,0.0
Oahu_Battery_Conting,2508091016,0.0
Oahu_Battery_Conting,2508091018,0.0
Oahu_Battery_Conting,2508091020,0.0
Oahu_Battery_Conting,2508091022,0.0
Oahu_Battery_Conting,2508112200,0.0
Oahu_Battery_Conting,2508112202,0.0
Oahu_Battery_Conting,2508112204,0.0
Oahu_Battery_Conting,2508112206,0.0
Oahu_Battery_Conting,2508112208,0.0
Oahu_Battery_Conting,2508112210,0.0
Oahu_Battery_Conting,2508112212,0.0
Oahu_Battery_Conting,2508112214,0.0
Oahu_Battery_Conting,2508112216,0.0
Oahu_Battery_Conting,2508112218,0.0
Oahu_Battery_Conting,2508112220,0.0
Oahu_Battery_Conting,2508112222,0.0
Oahu_Battery_Conting,3007011200,0.0
Oahu_Battery_Conting,3007011202,0.0
Oahu_Battery_Conting,3007011204,0.0
Oahu_Battery_Conting,3007011206,0.0
Oahu_Battery_Conting,3007011208,0.0
Oahu_Battery_Conting,3007011210,0.0
Oahu_Battery_Conting,3007011212,0.0
Oahu_Battery_Conting,3007011214,0.0
Oahu_Battery_Conting,3007011216,0.0
Oahu_Battery_Conting,3007011218,0.0
Oahu_Battery_Conting,3007011220,0.0
Oahu_Battery_Conting,3007011222,0.0
Oahu_Battery_Conting,3007011900,0.0
Oahu_Battery_Conting,3007011902,0.0
Oahu_Battery_Conting,3007011904,0.0
Oahu_Battery_Conting,3007011906,0.0
Oahu_Battery_Conting,3007011908,0.0
Oahu_Battery_Conting,3007011910,0.0
Oahu_Battery_Conting,3007011912,0.0
Oahu_Battery_Conting,3007011914,0.0
Oahu_Battery_Conting,3007011916,0.0
Oahu_Battery_Conting,3007011918,0.0
Oahu_Battery_Conting,3007011920,0.0
Oahu_Battery_Conting,3007011922,0.0
Oahu_Battery_Conting,3007021200,0.0
Oahu_Battery_Conting,3007021202,0.0
Oahu_Battery_Conting,3007021204,0.0
Oahu_Battery_Conting,3007021206,0.0
Oahu_Battery_Conting,3007021208,0.0
Oahu_Battery_Conting,3007021210,0.0
Oahu_Battery_Conting,3007021212,0.0
Oahu_Battery_Conting,3007021214,0.0
Oahu_Battery_Conting,3007021216,0.0
Oahu_Battery_Conting,3007021218,0.0
Oahu_Battery_Conting,3007021220,0.0
Oahu_Battery_Conting,3007021222,0.0
Oahu_Battery_Conting,3007050200,0.0
Oahu_Battery_Conting,3007050202,0.0
Oahu_Battery_Conting,3007050204,0.0
Oahu_Battery_Conting,3007050206,0.0
Oahu_Battery_Conting,3007050208,0.0
Oahu_Battery_Conting,3007050210,0.0
Oahu_Battery_Conting,3007050212,0.0
Oahu_Battery_Conting,3007050214,0.0
Oahu_Battery_Conting,3007050216,0.0
Oahu_Battery_Conting,3007050218,0.0
Oahu_Battery_Conting,3007050220,0.0
Oahu_Battery_Conting,3007050222,0.0
Oahu_Battery_Conting,3007092200,0.0
Oahu_Battery_Conting,3007092202,0.0
Oahu_Battery_Conting,3007092204,0.0
Oahu_Battery_Conting,3007092206,0.0
Oahu_Battery_Conting,3007092208,0.0
Oahu_Battery_Conting,3007092210,0.0
Oahu_Battery_Conting,3007092212,0.0
Oahu_Battery_Conting,3007092214,0.0
Oahu_Battery_Conting,3007092216,0.0
Oahu_Battery_Conting,3007092218,0.0
Oahu_Battery_Conting,3007092220,0.0
Oahu_Battery_Conting,3007092222,0.0
Oahu_Battery_Conting,3007102700,0.0
Oahu_Battery_Conting,3007102702,0.0
Oahu_Battery_Conting,3007102704,0.0
Oahu_Battery_Conting,3007102706,0.0
Oahu_Battery_Conting,3007102708,0.0
Oahu_Battery_Conting,3007102710,0.0
Oahu_Battery_Conting,3007102712,0.0
Oahu_Battery_Conting,3007102714,0.0
Oahu_Battery_Conting,3007102716,0.0
Oahu_Battery_Conting,3007102718,0.0
Oahu_Battery_Conting,3007102720,0.0
Oahu_Battery_Conting,3007102722,0.0
Oahu_Battery_Conting,3007121500,0.0
Oahu_Battery_Conting,3007121502,0.0
Oahu_Battery_Conting,3007121504,0.0
Oahu_Battery_Conting,3007121506,0.0
Oahu_Battery_Conting,3007121508,0.0
Oahu_Battery_Conting,3007121510,0.0
Oahu_Battery_Conting,3007121512,0.0
Oahu_Battery_Conting,3007121514,0.0
Oahu_Battery_Conting,3007121516,0.0
Oahu_Battery_Conting,3007121518,0.0
Oahu_Battery_Conting,3007121520,0.0
Oahu_Battery_Conting,3007121522,0.0
Oahu_Battery_Conting,3008022000,0.0
Oahu_Battery_Conting,3008022002,0.0
Oahu_Battery_Conting,3008022004,0.0
Oahu_Battery_Conting,3008022006,0.0
Oahu_Battery_Conting,3008022008,0.0
Oahu_Battery_Conting,3008022010,0.0
Oahu_Battery_Conting,3008022012,0.0
Oahu_Battery_Conting,3008022014,0.0
Oahu_Battery_Conting,3008022016,0.0
Oahu_Battery_Conting,3008022018,0.0
Oahu_Battery_Conting,3008022020,0.0
Oahu_Battery_Conting,3008022022,0.0
Oahu_Battery_Conting,3008041000,0.0
Oahu_Battery_Conting,3008041002,0.0
Oahu_Battery_Conting,3008041004,0.0
Oahu_Battery_Conting,3008041006,0.0
Oahu_Battery_Conting,3008041008,0.0
Oahu_Battery_Conting,3008041010,0.0
Oahu_Battery_Conting,3008041012,0.0
Oahu_Battery_Conting,3008041014,0.0
Oahu_Battery_Conting,3008041016,0.0
Oahu_Battery_Conting,3008041018,0.0
Oahu_Battery_Conting,3008041020,0.0
Oahu_Battery_Conting,3008041022,0.0
Oahu_Battery_Conting,3008061700,0.0
Oahu_Battery_Conting,3008061702,0.0
Oahu_Battery_Conting,3008061704,0.0
Oahu_Battery_Conting,3008061706,0.0
Oahu_Battery_Conting,3008061708,0.0
Oahu_Battery_Conting,3008061710,0.0
Oahu_Battery_Conting,3008061712,0.0
Oahu_Battery_Conting,3008061714,0.0
Oahu_Battery_Conting,3008061716,0.0
Oahu_Battery_Conting,3008061718,0.0
Oahu_Battery_Conting,3008061720,0.0
Oahu_Battery_Conting,3008061722,0.0
Oahu_Battery_Conting,3008081800,0.0
Oahu_Battery_Conting,3008081802,0.0
Oahu_Battery_Conting,3008081804,0.0
Oahu_Battery_Conting,3008081806,0.0
Oahu_Battery_Conting,3008081808,0.0
Oahu_Battery_Conting,3008081810,0.0
Oahu_Battery_Conting,3008081812,0.0
Oahu_Battery_Conting,3008081814,0.0
Oahu_Battery_Conting,3008081816,0.0
Oahu_Battery_Conting,3008081818,0.0
Oahu_Battery_Conting,3008081820,0.0
Oahu_Battery_Conting,3008081822,0.0
Oahu_Battery_Conting,3008091000,0.0
Oahu_Battery_Conting,3008091002,0.0
Oahu_Battery_Conting,3008091004,0.0
Oahu_Battery_Conting,3008091006,0.0
Oahu_Battery_Conting,3008091008,0.0
Oahu_Battery_Conting,3008091010,0.0
Oahu_Battery_Conting,3008091012,0.0
Oahu_Battery_Conting,3008091014,0.0
Oahu_Battery_Conting,3008091016,0.0
Oahu_Battery_Conting,3008091018,0.0
Oahu_Battery_Conting,3008091020,0.0
Oahu_Battery_Conting,3008091022,0.0
Oahu_Battery_Conting,3008112200,0.0
Oahu_Battery_Conting,3008112202,0.0
Oahu_Battery_Conting,3008112204,0.0
Oahu_Battery_Conting,3008112206,0.0
Oahu_Battery_Conting,3008112208,0.0
Oahu_Battery_Conting,3008112210,0.0
Oahu_Battery_Conting,3008112212,0.0
Oahu_Battery_Conting,3008112214,0.0
Oahu_Battery_Conting,3008112216,0.0
Oahu_Battery_Conting,3008112218,0.0
Oahu_Battery_Conting,3008112220,0.0
Oahu_Battery_Conting,3008112222,0.0
Oahu_Battery_Conting,3507011200,0.0
Oahu_Battery_Conting,3507011202,0.0
Oahu_Battery_Conting,3507011204,0.0
Oahu_Battery_Conting,3507011206,0.0
Oahu_Battery_Conting,3507011208,0.0
Oahu_Battery_Conting,3507011210,0.0
Oahu_Battery_Conting,3507011212,0.0
Oahu_Battery_Conting,3507011214,0.0
Oahu_Battery_Conting,3507011216,0.0
Oahu_Battery_Conting,3507011218,0.0
Oahu_Battery_Conting,3507011220,0.0
Oahu_Battery_Conting,3507011222,0.0
Oahu_Battery_Conting,3507011900,0.0
Oahu_Battery_Conting,3507011902,0.0
Oahu_Battery_Conting,3507011904,0.0
Oahu_Battery_Conting,3507011906,0.0
Oahu_Battery_Conting,3507011908,0.0
Oahu_Battery_Conting,3507011910,0.0
Oahu_Battery_Conting,3507011912,0.0
Oahu_Battery_Conting,3507011914,0.0
Oahu_Battery_Conting,3507011916,0.0
Oahu_Battery_Conting,3507011918,0.0
Oahu_Battery_Conting,3507011920,0.0
Oahu_Battery_Conting,3507011922,0.0
Oahu_Battery_Conting,3507021200,0.0
Oahu_Battery_Conting,3507021202,0.0
Oahu_Battery_Conting,3507021204,0.0
Oahu_Battery_Conting,3507021206,0.0
Oahu_Battery_Conting,3507021208,0.0
Oahu_Battery_Conting,3507021210,0.0
Oahu_Battery_Conting,3507021212,0.0
Oahu_Battery_Conting,3507021214,0.0
Oahu_Battery_Conting,3507021216,0.0
Oahu_Battery_Conting,3507021218,0.0
Oahu_Battery_Conting,3507021220,0.0
Oahu_Battery_Conting,3507021222,0.0
Oahu_Battery_Conting,3507050200,0.0
Oahu_Battery_Conting,3507050202,0.0
Oahu_Battery_Conting,3507050204,0.0
Oahu_Battery_Conting,3507050206,0.0
Oahu_Battery_Conting,3507050208,0.0
Oahu_Battery_Conting,3507050210,0.0
Oahu_Battery_Conting,3507050212,0.0
Oahu_Battery_Conting,3507050214,0.0
Oahu_Battery_Conting,3507050216,0.0
Oahu_Battery_Conting,3507050218,0.0
Oahu_Battery_Conting,3507050220,0.0
Oahu_Battery_Conting,3507050222,0.0
Oahu_Battery_Conting,3507092200,0.0
Oahu_Battery_Conting,3507092202,0.0
Oahu_Battery_Conting,3507092204,0.0
Oahu_Battery_Conting,3507092206,0.0
Oahu_Battery_Conting,3507092208,0.0
Oahu_Battery_Conting,3507092210,0.0
Oahu_Battery_Conting,3507092212,0.0
Oahu_Battery_Conting,3507092214,0.0
Oahu_Battery_Conting,3507092216,0.0
Oahu_Battery_Conting,3507092218,0.0
Oahu_Battery_Conting,3507092220,0.0
Oahu_Battery_Conting,3507092222,0.0
Oahu_Battery_Conting,3507102700,0.0
Oahu_Battery_Conting,3507102702,0.0
Oahu_Battery_Conting,3507102704,0.0
Oahu_Battery_Conting,3507102706,0.0
Oahu_Battery_Conting,3507102708,0.0
Oahu_Battery_Conting,3507102710,0.0
Oahu_Battery_Conting,3507102712,0.0
Oahu_Battery_Conting,3507102714,0.0
Oahu_Battery_Conting,3507102716,0.0
Oahu_Battery_Conting,3507102718,0.0
Oahu_Battery_Conting,3507102720,0.0
Oahu_Battery_Conting,3507102722,0.0
Oahu_Battery_Conting,3507121500,0.0
Oahu_Battery_Conting,3507121502,0.0
Oahu_Battery_Conting,3507121504,0.0
Oahu_Battery_Conting,3507121506,0.0
Oahu_Battery_Conting,3507121508,0.0
Oahu_Battery_Conting,3507121510,0.0
Oahu_Battery_Conting,3507121512,0.0
Oahu_Battery_Conting,3507121514,0.0
Oahu_Battery_Conting,3507121516,0.0
Oahu_Battery_Conting,3507121518,0.0
Oahu_Battery_Conting,3507121520,0.0
Oahu_Battery_Conting,3507121522,0.0
Oahu_Battery_Conting,3508022000,0.0
Oahu_Battery_Conting,3508022002,0.0
Oahu_Battery_Conting,3508022004,0.0
Oahu_Battery_Conting,3508022006,0.0
Oahu_Battery_Conting,3508022008,0.0
Oahu_Battery_Conting,3508022010,0.0
Oahu_Battery_Conting,3508022012,0.0
Oahu_Battery_Conting,3508022014,0.0
Oahu_Battery_Conting,3508022016,0.0
Oahu_Battery_Conting,3508022018,0.0
Oahu_Battery_Conting,3508022020,0.0
Oahu_Battery_Conting,3508022022,0.0
Oahu_Battery_Conting,3508041000,0.0
Oahu_Battery_Conting,3508041002,0.0
Oahu_Battery_Conting,3508041004,0.0
Oahu_Battery_Conting,3508041006,0.0
Oahu_Battery_Conting,3508041008,0.0
Oahu_Battery_Conting,3508041010,0.0
Oahu_Battery_Conting,3508041012,0.0
Oahu_Battery_Conting,3508041014,0.0
Oahu_Battery_Conting,3508041016,0.0
Oahu_Battery_Conting,3508041018,0.0
Oahu_Battery_Conting,3508041020,0.0
Oahu_Battery_Conting,3508041022,0.0
Oahu_Battery_Conting,3508061700,0.0
Oahu_Battery_Conting,3508061702,0.0
Oahu_Battery_Conting,3508061704,0.0
Oahu_Battery_Conting,3508061706,0.0
Oahu_Battery_Conting,3508061708,0.0
Oahu_Battery_Conting,3508061710,0.0
Oahu_Battery_Conting,3508061712,0.0
Oahu_Battery_Conting,3508061714,0.0
Oahu_Battery_Conting,3508061716,0.0
Oahu_Battery_Conting,3508061718,0.0
Oahu_Battery_Conting,3508061720,0.0
Oahu_Battery_Conting,3508061722,0.0
Oahu_Battery_Conting,3508081800,0.0
Oahu_Battery_Conting,3508081802,0.0
Oahu_Battery_Conting,3508081804,0.0
Oahu_Battery_Conting,3508081806,0.0
Oahu_Battery_Conting,3508081808,0.0
Oahu_Battery_Conting,3508081810,0.0
Oahu_Battery_Conting,3508081812,0.0
Oahu_Battery_Conting,3508081814,0.0
Oahu_Battery_Conting,3508081816,0.0
Oahu_Battery_Conting,3508081818,0.0
Oahu_Battery_Conting,3508081820,0.0
Oahu_Battery_Conting,3508081822,0.0
Oahu_Battery_Conting,3508091000,0.0
Oahu_Battery_Conting,3508091002,0.0
Oahu_Battery_Conting,3508091004,0.0
Oahu_Battery_Conting,3508091006,0.0
Oahu_Battery_Conting,3508091008,0.0
Oahu_Battery_Conting,3508091010,0.0
Oahu_Battery_Conting,3508091012,0.0
Oahu_Battery_Conting,3508091014,0.0
Oahu_Battery_Conting,3508091016,0.0
Oahu_Battery_Conting,3508091018,0.0
Oahu_Battery_Conting,3508091020,0.0
Oahu_Battery_Conting,3508091022,0.0
Oahu_Battery_Conting,3508112200,0.0
Oahu_Battery_Conting,3508112202,0.0
Oahu_Battery_Conting,3508112204,0.0
Oahu_Battery_Conting,3508112206,0.0
Oahu_Battery_Conting,3508112208,0.0
Oahu_Battery_Conting,3508112210,0.0
Oahu_Battery_Conting,3508112212,0.0
Oahu_Battery_Conting,3508112214,0.0
Oahu_Battery_Conting,3508112216,0.0
Oahu_Battery_Conting,3508112218,0.0
Oahu_Battery_Conting,3508112220,0.0
Oahu_Battery_Conting,3508112222,0.0
Oahu_Battery_Conting,4007011200,0.0
Oahu_Battery_Conting,4007011202,0.0
Oahu_Battery_Conting,4007011204,0.0
Oahu_Battery_Conting,4007011206,0.0
Oahu_Battery_Conting,4007011208,0.0
Oahu_Battery_Conting,4007011210,0.0
Oahu_Battery_Conting,4007011212,0.0
Oahu_Battery_Conting,4007011214,0.0
Oahu_Battery_Conting,4007011216,0.0
Oahu_Battery_Conting,4007011218,0.0
Oahu_Battery_Conting,4007011220,0.0
Oahu_Battery_Conting,4007011222,0.0
Oahu_Battery_Conting,4007011900,0.0
Oahu_Battery_Conting,4007011902,0.0
Oahu_Battery_Conting,4007011904,0.0
Oahu_Battery_Conting,4007011906,0.0
Oahu_Battery_Conting,4007011908,0.0
Oahu_Battery_Conting,4007011910,0.0
Oahu_Battery_Conting,4007011912,0.0
Oahu_Battery_Conting,4007011914,0.0
Oahu_Battery_Conting,4007011916,0.0
Oahu_Battery_Conting,4007011918,0.0
Oahu_Battery_Conting,4007011920,0.0
Oahu_Battery_Conting,4007011922,0.0
Oahu_Battery_Conting,4007021200,0.0
Oahu_Battery_Conting,4007021202,0.0
Oahu_Battery_Conting,4007021204,0.0
Oahu_Battery_Conting,4007021206,0.0
Oahu_Battery_Conting,4007021208,0.0
Oahu_Battery_Conting,4007021210,0.0
Oahu_Battery_Conting,4007021212,0.0
Oahu_Battery_Conting,4007021214,0.0
Oahu_Battery_Conting,4007021216,0.0
Oahu_Battery_Conting,4007021218,0.0
Oahu_Battery_Conting,4007021220,0.0
Oahu_Battery_Conting,4007021222,0.0
Oahu_Battery_Conting,4007050200,0.0
Oahu_Battery_Conting,4007050202,0.0
Oahu_Battery_Conting,4007050204,0.0
Oahu_Battery_Conting,4007050206,0.0
Oahu_Battery_Conting,4007050208,0.0
Oahu_Battery_Conting,4007050210,0.0
Oahu_Battery_Conting,4007050212,0.0
Oahu_Battery_Conting,4007050214,0.0
Oahu_Battery_Conting,4007050216,0.0
Oahu_Battery_Conting,4007050218,0.0
Oahu_Battery_Conting,4007050220,0.0
Oahu_Battery_Conting,4007050222,0.0
Oahu_Battery_Conting,4007092200,0.0
Oahu_Battery_Conting,4007092202,0.0
Oahu_Battery_Conting,4007092204,0.0
Oahu_Battery_Conting,4007092206,0.0
Oahu_Battery_Conting,4007092208,0.0
Oahu_Battery_Conting,4007092210,0.0
Oahu_Battery_Conting,4007092212,0.0
Oahu_Battery_Conting,4007092214,0.0
Oahu_Battery_Conting,4007092216,0.0
Oahu_Battery_Conting,4007092218,0.0
Oahu_Battery_Conting,4007092220,0.0
Oahu_Battery_Conting,4007092222,0.0
Oahu_Battery_Conting,4007102700,0.0
Oahu_Battery_Conting,4007102702,0.0
Oahu_Battery_Conting,4007102704,0.0
Oahu_Battery_Conting,4007102706,0.0
Oahu_Battery_Conting,4007102708,0.0
Oahu_Battery_Conting,4007102710,0.0
Oahu_Battery_Conting,4007102712,0.0
Oahu_Battery_Conting,4007102714,0.0
Oahu_Battery_Conting,4007102716,0.0
Oahu_Battery_Conting,4007102718,0.0
Oahu_Battery_Conting,4007102720,0.0
Oahu_Battery_Conting,4007102722,0.0
Oahu_Battery_Conting,4007121500,0.0
Oahu_Battery_Conting,4007121502,0.0
Oahu_Battery_Conting,4007121504,0.0
Oahu_Battery_Conting,4007121506,0.0
Oahu_Battery_Conting,4007121508,0.0
Oahu_Battery_Conting,4007121510,0.0
Oahu_Battery_Conting,4007121512,0.0
Oahu_Battery_Conting,4007121514,0.0
Oahu_Battery_Conting,4007121516,0.0
Oahu_Battery_Conting,4007121518,0.0
Oahu_Battery_Conting,4007121520,0.0
Oahu_Battery_Conting,4007121522,0.0
Oahu_Battery_Conting,4008022000,0.0
Oahu_Battery_Conting,4008022002,0.0
Oahu_Battery_Conting,4008022004,0.0
Oahu_Battery_Conting,4008022006,0.0
Oahu_Battery_Conting,4008022008,0.0
Oahu_Battery_Conting,4008022010,0.0
Oahu_Battery_Conting,4008022012,0.0
Oahu_Battery_Conting,4008022014,0.0
Oahu_Battery_Conting,4008022016,0.0
Oahu_Battery_Conting,4008022018,0.0
Oahu_Battery_Conting,4008022020,0.0
Oahu_Battery_Conting,4008022022,0.0
Oahu_Battery_Conting,4008041000,0.0
Oahu_Battery_Conting,4008041002,0.0
Oahu_Battery_Conting,4008041004,0.0
Oahu_Battery_Conting,4008041006,0.0
Oahu_Battery_Conting,4008041008,0.0
Oahu_Battery_Conting,4008041010,0.0
Oahu_Battery_Conting,4008041012,0.0
Oahu_Battery_Conting,4008041014,0.0
Oahu_Battery_Conting,4008041016,0.0
Oahu_Battery_Conting,4008041018,0.0
Oahu_Battery_Conting,4008041020,0.0
Oahu_Battery_Conting,4008041022,0.0
Oahu_Battery_Conting,4008061700,0.0
Oahu_Battery_Conting,4008061702,0.0
Oahu_Battery_Conting,4008061704,0.0
Oahu_Battery_Conting,4008061706,0.0
Oahu_Battery_Conting,4008061708,0.0
Oahu_Battery_Conting,4008061710,0.0
Oahu_Battery_Conting,4008061712,0.0
Oahu_Battery_Conting,4008061714,0.0
Oahu_Battery_Conting,4008061716,0.0
Oahu_Battery_Conting,4008061718,0.0
Oahu_Battery_Conting,4008061720,0.0
Oahu_Battery_Conting,4008061722,0.0
Oahu_Battery_Conting,4008081800,0.0
Oahu_Battery_Conting,4008081802,0.0
Oahu_Battery_Conting,4008081804,0.0
Oahu_Battery_Conting,4008081806,0.0
Oahu_Battery_Conting,4008081808,0.0
Oahu_Battery_Conting,4008081810,0.0
Oahu_Battery_Conting,4008081812,0.0
Oahu_Battery_Conting,4008081814,0.0
Oahu_Battery_Conting,4008081816,0.0
Oahu_Battery_Conting,4008081818,0.0
Oahu_Battery_Conting,4008081820,0.0
Oahu_Battery_Conting,4008081822,0.0
Oahu_Battery_Conting,4008091000,0.0
Oahu_Battery_Conting,4008091002,0.0
Oahu_Battery_Conting,4008091004,0.0
Oahu_Battery_Conting,4008091006,0.0
Oahu_Battery_Conting,4008091008,0.0
Oahu_Battery_Conting,4008091010,0.0
Oahu_Battery_Conting,4008091012,0.0
Oahu_Battery_Conting,4008091014,0.0
Oahu_Battery_Conting,4008091016,0.0
Oahu_Battery_Conting,4008091018,0.0
Oahu_Battery_Conting,4008091020,0.0
Oahu_Battery_Conting,4008091022,0.0
Oahu_Battery_Conting,4008112200,0.0
Oahu_Battery_Conting,4008112202,0.0
Oahu_Battery_Conting,4008112204,0.0
Oahu_Battery_Conting,4008112206,0.0
Oahu_Battery_Conting,4008112208,0.0
Oahu_Battery_Conting,4008112210,0.0
Oahu_Battery_Conting,4008112212,0.0
Oahu_Battery_Conting,4008112214,0.0
Oahu_Battery_Conting,4008112216,0.0
Oahu_Battery_Conting,4008112218,0.0
Oahu_Battery_Conting,4008112220,0.0
Oahu_Battery_Conting,4008112222,0.0
Oahu_Battery_Conting,4507011200,0.0
Oahu_Battery_Conting,4507011202,0.0
Oahu_Battery_Conting,4507011204,0.0
Oahu_Battery_Conting,4507011206,0.0
Oahu_Battery_Conting,4507011208,0.0
Oahu_Battery_Conting,4507011210,0.0
Oahu_Battery_Conting,4507011212,0.0
Oahu_Battery_Conting,4507011214,0.0
Oahu_Battery_Conting,4507011216,0.0
Oahu_Battery_Conting,4507011218,0.0
Oahu_Battery_Conting,4507011220,0.0
Oahu_Battery_Conting,4507011222,0.0
Oahu_Battery_Conting,4507011900,0.0
Oahu_Battery_Conting,4507011902,0.0
Oahu_Battery_Conting,4507011904,0.0
Oahu_Battery_Conting,4507011906,0.0
Oahu_Battery_Conting,4507011908,0.0
Oahu_Battery_Conting,4507011910,0.0
Oahu_Battery_Conting,4507011912,0.0
Oahu_Battery_Conting,4507011914,0.0
Oahu_Battery_Conting,4507011916,0.0
Oahu_Battery_Conting,4507011918,0.0
Oahu_Battery_Conting,4507011920,0.0
Oahu_Battery_Conting,4507011922,0.0
Oahu_Battery_Conting,4507021200,0.0
Oahu_Battery_Conting,4507021202,0.0
Oahu_Battery_Conting,4507021204,0.0
Oahu_Battery_Conting,4507021206,0.0
Oahu_Battery_Conting,4507021208,0.0
Oahu_Battery_Conting,4507021210,0.0
Oahu_Battery_Conting,4507021212,0.0
Oahu_Battery_Conting,4507021214,0.0
Oahu_Battery_Conting,4507021216,0.0
Oahu_Battery_Conting,4507021218,0.0
Oahu_Battery_Conting,4507021220,0.0
Oahu_Battery_Conting,4507021222,0.0
Oahu_Battery_Conting,4507050200,0.0
Oahu_Battery_Conting,4507050202,0.0
Oahu_Battery_Conting,4507050204,0.0
Oahu_Battery_Conting,4507050206,0.0
Oahu_Battery_Conting,4507050208,0.0
Oahu_Battery_Conting,4507050210,0.0
Oahu_Battery_Conting,4507050212,0.0
Oahu_Battery_Conting,4507050214,0.0
Oahu_Battery_Conting,4507050216,0.0
Oahu_Battery_Conting,4507050218,0.0
Oahu_Battery_Conting,4507050220,0.0
Oahu_Battery_Conting,4507050222,0.0
Oahu_Battery_Conting,4507092200,0.0
Oahu_Battery_Conting,4507092202,0.0
Oahu_Battery_Conting,4507092204,0.0
Oahu_Battery_Conting,4507092206,0.0
Oahu_Battery_Conting,4507092208,0.0
Oahu_Battery_Conting,4507092210,0.0
Oahu_Battery_Conting,4507092212,0.0
Oahu_Battery_Conting,4507092214,0.0
Oahu_Battery_Conting,4507092216,0.0
Oahu_Battery_Conting,4507092218,0.0
Oahu_Battery_Conting,4507092220,0.0
Oahu_Battery_Conting,4507092222,0.0
Oahu_Battery_Conting,4507102700,0.0
Oahu_Battery_Conting,4507102702,0.0
Oahu_Battery_Conting,4507102704,0.0
Oahu_Battery_Conting,4507102706,0.0
Oahu_Battery_Conting,4507102708,0.0
Oahu_Battery_Conting,4507102710,0.0
Oahu_Battery_Conting,4507102712,0.0
Oahu_Battery_Conting,4507102714,0.0
Oahu_Battery_Conting,4507102716,0.0
Oahu_Battery_Conting,4507102718,0.0
Oahu_Battery_Conting,4507102720,0.0
Oahu_Battery_Conting,4507102722,0.0
Oahu_Battery_Conting,4507121500,0.0
Oahu_Battery_Conting,4507121502,0.0
Oahu_Battery_Conting,4507121504,0.0
Oahu_Battery_Conting,4507121506,0.0
Oahu_Battery_Conting,4507121508,0.0
Oahu_Battery_Conting,4507121510,0.0
Oahu_Battery_Conting,4507121512,0.0
Oahu_Battery_Conting,4507121514,0.0
Oahu_Battery_Conting,4507121516,0.0
Oahu_Battery_Conting,4507121518,0.0
Oahu_Battery_Conting,4507121520,0.0
Oahu_Battery_Conting,4507121522,0.0
Oahu_Battery_Conting,4508022000,0.0
Oahu_Battery_Conting,4508022002,0.0
Oahu_Battery_Conting,4508022004,0.0
Oahu_Battery_Conting,4508022006,0.0
Oahu_Battery_Conting,4508022008,0.0
Oahu_Battery_Conting,4508022010,0.0
Oahu_Battery_Conting,4508022012,0.0
Oahu_Battery_Conting,4508022014,0.0
Oahu_Battery_Conting,4508022016,0.0
Oahu_Battery_Conting,4508022018,0.0
Oahu_Battery_Conting,4508022020,0.0
Oahu_Battery_Conting,4508022022,0.0
Oahu_Battery_Conting,4508041000,0.0
Oahu_Battery_Conting,4508041002,0.0
Oahu_Battery_Conting,4508041004,0.0
Oahu_Battery_Conting,4508041006,0.0
Oahu_Battery_Conting,4508041008,0.0
Oahu_Battery_Conting,4508041010,0.0
Oahu_Battery_Conting,4508041012,0.0
Oahu_Battery_Conting,4508041014,0.0
Oahu_Battery_Conting,4508041016,0.0
Oahu_Battery_Conting,4508041018,0.0
Oahu_Battery_Conting,4508041020,0.0
Oahu_Battery_Conting,4508041022,0.0
Oahu_Battery_Conting,4508061700,0.0
Oahu_Battery_Conting,4508061702,0.0
Oahu_Battery_Conting,4508061704,0.0
Oahu_Battery_Conting,4508061706,0.0
Oahu_Battery_Conting,4508061708,0.0
Oahu_Battery_Conting,4508061710,0.0
Oahu_Battery_Conting,4508061712,0.0
Oahu_Battery_Conting,4508061714,0.0
Oahu_Battery_Conting,4508061716,0.0
Oahu_Battery_Conting,4508061718,0.0
Oahu_Battery_Conting,4508061720,0.0
Oahu_Battery_Conting,4508061722,0.0
Oahu_Battery_Conting,4508081800,0.0
Oahu_Battery_Conting,4508081802,0.0
Oahu_Battery_Conting,4508081804,0.0
Oahu_Battery_Conting,4508081806,0.0
Oahu_Battery_Conting,4508081808,0.0
Oahu_Battery_Conting,4508081810,0.0
Oahu_Battery_Conting,4508081812,0.0
Oahu_Battery_Conting,4508081814,0.0
Oahu_Battery_Conting,4508081816,0.0
Oahu_Battery_Conting,4508081818,0.0
Oahu_Battery_Conting,4508081820,0.0
Oahu_Battery_Conting,4508081822,0.0
Oahu_Battery_Conting,4508091000,0.0
Oahu_Battery_Conting,4508091002,0.0
Oahu_Battery_Conting,4508091004,0.0
Oahu_Battery_Conting,4508091006,0.0
Oahu_Battery_Conting,4508091008,0.0
Oahu_Battery_Conting,4508091010,0.0
Oahu_Battery_Conting,4508091012,0.0
Oahu_Battery_Conting,4508091014,0.0
Oahu_Battery_Conting,4508091016,0.0
Oahu_Battery_Conting,4508091018,0.0
Oahu_Battery_Conting,4508091020,0.0
Oahu_Battery_Conting,4508091022,0.0
Oahu_Battery_Conting,4508112200,0.0
Oahu_Battery_Conting,4508112202,0.0
Oahu_Battery_Conting,4508112204,0.0
Oahu_Battery_Conting,4508112206,0.0
Oahu_Battery_Conting,4508112208,0.0
Oahu_Battery_Conting,4508112210,0.0
Oahu_Battery_Conting,4508112212,0.0
Oahu_Battery_Conting,4508112214,0.0
Oahu_Battery_Conting,4508112216,0.0
Oahu_Battery_Conting,4508112218,0.0
Oahu_Battery_Conting,4508112220,0.0
Oahu_Battery_Conting,4508112222,0.0
Oahu_Battery_Reg,2007011200,0.0
Oahu_Battery_Reg,2007011202,0.0
Oahu_Battery_Reg,2007011204,0.0
Oahu_Battery_Reg,2007011206,0.0
Oahu_Battery_Reg,2007011208,0.0
Oahu_Battery_Reg,2007011210,0.0
Oahu_Battery_Reg,2007011212,0.0
Oahu_Battery_Reg,2007011214,0.0
Oahu_Battery_Reg,2007011216,0.0
Oahu_Battery_Reg,2007011218,0.0
Oahu_Battery_Reg,2007011220,0.0
Oahu_Battery_Reg,2007011222,0.0
Oahu_Battery_Reg,2007011900,0.0
Oahu_Battery_Reg,2007011902,0.0
Oahu_Battery_Reg,2007011904,0.0
Oahu_Battery_Reg,2007011906,0.0
Oahu_Battery_Reg,2007011908,0.0
Oahu_Battery_Reg,2007011910,0.0
Oahu_Battery_Reg,2007011912,0.0
Oahu_Battery_Reg,2007011914,0.0
Oahu_Battery_Reg,2007011916,0.0
Oahu_Battery_Reg,2007011918,0.0
Oahu_Battery_Reg,2007011920,0.0
Oahu_Battery_Reg,2007011922,0.0
Oahu_Battery_Reg,2007021200,0.0
Oahu_Battery_Reg,2007021202,0.0
Oahu_Battery_Reg,2007021204,0.0
Oahu_Battery_Reg,2007021206,0.0
Oahu_Battery_Reg,2007021208,0.0
Oahu_Battery_Reg,2007021210,0.0
Oahu_Battery_Reg,2007021212,0.0
Oahu_Battery_Reg,2007021214,0.0
Oahu_Battery_Reg,2007021216,0.0
Oahu_Battery_Reg,2007021218,0.0
Oahu_Battery_Reg,2007021220,0.0
Oahu_Battery_Reg,2007021222,0.0
Oahu_Battery_Reg,2007050200,0.0
Oahu_Battery_Reg,2007050202,0.0
Oahu_Battery_Reg,2007050204,0.0
Oahu_Battery_Reg,2007050206,0.0
Oahu_Battery_Reg,2007050208,0.0
Oahu_Battery_Reg,2007050210,0.0
Oahu_Battery_Reg,2007050212,0.0
Oahu_Battery_Reg,2007050214,0.0
Oahu_Battery_Reg,2007050216,0.0
Oahu_Battery_Reg,2007050218,0.0
Oahu_Battery_Reg,2007050220,0.0
Oahu_Battery_Reg,2007050222,0.0
Oahu_Battery_Reg,2007092200,0.0
Oahu_Battery_Reg,2007092202,0.0
Oahu_Battery_Reg,2007092204,0.0
Oahu_Battery_Reg,2007092206,0.0
Oahu_Battery_Reg,2007092208,0.0
Oahu_Battery_Reg,2007092210,0.0
Oahu_Battery_Reg,2007092212,0.0
Oahu_Battery_Reg,2007092214,0.0
Oahu_Battery_Reg,2007092216,0.0
Oahu_Battery_Reg,2007092218,0.0
Oahu_Battery_Reg,2007092220,0.0
Oahu_Battery_Reg,2007092222,0.0
Oahu_Battery_Reg,2007102700,0.0
Oahu_Battery_Reg,2007102702,0.0
Oahu_Battery_Reg,2007102704,0.0
Oahu_Battery_Reg,2007102706,0.0
Oahu_Battery_Reg,2007102708,0.0
Oahu_Battery_Reg,2007102710,0.0
Oahu_Battery_Reg,2007102712,0.0
Oahu_Battery_Reg,2007102714,0.0
Oahu_Battery_Reg,2007102716,0.0
Oahu_Battery_Reg,2007102718,0.0
Oahu_Battery_Reg,2007102720,0.0
Oahu_Battery_Reg,2007102722,0.0
Oahu_Battery_Reg,2007121500,0.0
Oahu_Battery_Reg,2007121502,0.0
Oahu_Battery_Reg,2007121504,0.0
Oahu_Battery_Reg,2007121506,0.0
Oahu_Battery_Reg,2007121508,0.0
Oahu_Battery_Reg,2007121510,0.0
Oahu_Battery_Reg,2007121512,0.0
Oahu_Battery_Reg,2007121514,0.0
Oahu_Battery_Reg,2007121516,0.0
Oahu_Battery_Reg,2007121518,0.0
Oahu_Battery_Reg,2007121520,0.0
Oahu_Battery_Reg,2007121522,0.0
Oahu_Battery_Reg,2008022000,0.0
Oahu_Battery_Reg,2008022002,0.0
Oahu_Battery_Reg,2008022004,0.0
Oahu_Battery_Reg,2008022006,0.0
Oahu_Battery_Reg,2008022008,0.0
Oahu_Battery_Reg,2008022010,0.0
Oahu_Battery_Reg,2008022012,0.0
Oahu_Battery_Reg,2008022014,0.0
Oahu_Battery_Reg,2008022016,0.0
Oahu_Battery_Reg,2008022018,0.0
Oahu_Battery_Reg,2008022020,0.0
Oahu_Battery_Reg,2008022022,0.0
Oahu_Battery_Reg,2008041000,0.0
Oahu_Battery_Reg,2008041002,0.0
Oahu_Battery_Reg,2008041004,0.0
Oahu_Battery_Reg,2008041006,0.0
Oahu_Battery_Reg,2008041008,0.0
Oahu_Battery_Reg,2008041010,0.0
Oahu_Battery_Reg,2008041012,0.0
Oahu_Battery_Reg,2008041014,0.0
Oahu_Battery_Reg,2008041016,0.0
Oahu_Battery_Reg,2008041018,0.0
Oahu_Battery_Reg,2008041020,0.0
Oahu_Battery_Reg,2008041022,0.0
Oahu_Battery_Reg,2008061700,0.0
Oahu_Battery_Reg,2008061702,0.0
Oahu_Battery_Reg,2008061704,0.0
Oahu_Battery_Reg,2008061706,0.0
Oahu_Battery_Reg,2008061708,0.0
Oahu_Battery_Reg,2008061710,0.0
Oahu_Battery_Reg,2008061712,0.0
Oahu_Battery_Reg,2008061714,0.0
Oahu_Battery_Reg,2008061716,0.0
Oahu_Battery_Reg,2008061718,0.0
Oahu_Battery_Reg,2008061720,0.0
Oahu_Battery_Reg,2008061722,0.0
Oahu_Battery_Reg,2008081800,0.0
Oahu_Battery_Reg,2008081802,0.0
Oahu_Battery_Reg,2008081804,0.0
Oahu_Battery_Reg,2008081806,0.0
Oahu_Battery_Reg,2008081808,0.0
Oahu_Battery_Reg,2008081810,0.0
Oahu_Battery_Reg,2008081812,0.0
Oahu_Battery_Reg,2008081814,0.0
Oahu_Battery_Reg,2008081816,0.0
Oahu_Battery_Reg,2008081818,0.0
Oahu_Battery_Reg,2008081820,0.0
Oahu_Battery_Reg,2008081822,0.0
Oahu_Battery_Reg,2008091000,0.0
Oahu_Battery_Reg,2008091002,0.0
Oahu_Battery_Reg,2008091004,0.0
Oahu_Battery_Reg,2008091006,0.0
Oahu_Battery_Reg,2008091008,0.0
Oahu_Battery_Reg,2008091010,0.0
Oahu_Battery_Reg,2008091012,0.0
Oahu_Battery_Reg,2008091014,0.0
Oahu_Battery_Reg,2008091016,0.0
Oahu_Battery_Reg,2008091018,0.0
Oahu_Battery_Reg,2008091020,0.0
Oahu_Battery_Reg,2008091022,0.0
Oahu_Battery_Reg,2008112200,0.0
Oahu_Battery_Reg,2008112202,0.0
Oahu_Battery_Reg,2008112204,0.0
Oahu_Battery_Reg,2008112206,0.0
Oahu_Battery_Reg,2008112208,0.0
Oahu_Battery_Reg,2008112210,0.0
Oahu_Battery_Reg,2008112212,0.0
Oahu_Battery_Reg,2008112214,0.0
Oahu_Battery_Reg,2008112216,0.0
Oahu_Battery_Reg,2008112218,0.0
Oahu_Battery_Reg,2008112220,0.0
Oahu_Battery_Reg,2008112222,0.0
Oahu_Battery_Reg,2507011200,0.0
Oahu_Battery_Reg,2507011202,0.0
Oahu_Battery_Reg,2507011204,0.0
Oahu_Battery_Reg,2507011206,0.0
Oahu_Battery_Reg,2507011208,0.0
Oahu_Battery_Reg,2507011210,0.0
Oahu_Battery_Reg,2507011212,0.0
Oahu_Battery_Reg,2507011214,0.0
Oahu_Battery_Reg,2507011216,0.0
Oahu_Battery_Reg,2507011218,0.0
Oahu_Battery_Reg,2507011220,0.0
Oahu_Battery_Reg,2507011222,0.0
Oahu_Battery_Reg,2507011900,0.0
Oahu_Battery_Reg,2507011902,0.0
Oahu_Battery_Reg,2507011904,0.0
Oahu_Battery_Reg,2507011906,0.0
Oahu_Battery_Reg,2507011908,0.0
Oahu_Battery_Reg,2507011910,0.0
Oahu_Battery_Reg,2507011912,0.0
Oahu_Battery_Reg,2507011914,0.0
Oahu_Battery_Reg,2507011916,0.0
Oahu_Battery_Reg,2507011918,0.0
Oahu_Battery_Reg,2507011920,0.0
Oahu_Battery_Reg,2507011922,0.0
Oahu_Battery_Reg,2507021200,0.0
Oahu_Battery_Reg,2507021202,0.0
Oahu_Battery_Reg,2507021204,0.0
Oahu_Battery_Reg,2507021206,0.0
Oahu_Battery_Reg,2507021208,0.0
Oahu_Battery_Reg,2507021210,0.0
Oahu_Battery_Reg,2507021212,0.0
Oahu_Battery_Reg,2507021214,0.0
Oahu_Battery_Reg,2507021216,0.0
Oahu_Battery_Reg,2507021218,0.0
Oahu_Battery_Reg,2507021220,0.0
Oahu_Battery_Reg,2507021222,0.0
Oahu_Battery_Reg,2507050200,0.0
Oahu_Battery_Reg,2507050202,0.0
Oahu_Battery_Reg,2507050204,0.0
Oahu_Battery_Reg,2507050206,0.0
Oahu_Battery_Reg,2507050208,0.0
Oahu_Battery_Reg,2507050210,0.0
Oahu_Battery_Reg,2507050212,0.0
Oahu_Battery_Reg,2507050214,0.0
Oahu_Battery_Reg,2507050216,0.0
Oahu_Battery_Reg,2507050218,0.0
Oahu_Battery_Reg,2507050220,0.0
Oahu_Battery_Reg,2507050222,0.0
Oahu_Battery_Reg,2507092200,0.0
Oahu_Battery_Reg,2507092202,0.0
Oahu_Battery_Reg,2507092204,0.0
Oahu_Battery_Reg,2507092206,0.0
Oahu_Battery_Reg,2507092208,0.0
Oahu_Battery_Reg,2507092210,0.0
Oahu_Battery_Reg,2507092212,0.0
Oahu_Battery_Reg,2507092214,0.0
Oahu_Battery_Reg,2507092216,0.0
Oahu_Battery_Reg,2507092218,0.0
Oahu_Battery_Reg,2507092220,0.0
Oahu_Battery_Reg,2507092222,0.0
Oahu_Battery_Reg,2507102700,0.0
Oahu_Battery_Reg,2507102702,0.0
Oahu_Battery_Reg,2507102704,0.0
Oahu_Battery_Reg,2507102706,0.0
Oahu_Battery_Reg,2507102708,0.0
Oahu_Battery_Reg,2507102710,0.0
Oahu_Battery_Reg,2507102712,0.0
Oahu_Battery_Reg,2507102714,0.0
Oahu_Battery_Reg,2507102716,0.0
Oahu_Battery_Reg,2507102718,0.0
Oahu_Battery_Reg,2507102720,0.0
Oahu_Battery_Reg,2507102722,0.0
Oahu_Battery_Reg,2507121500,0.0
Oahu_Battery_Reg,2507121502,0.0
Oahu_Battery_Reg,2507121504,0.0
Oahu_Battery_Reg,2507121506,0.0
Oahu_Battery_Reg,2507121508,0.0
Oahu_Battery_Reg,2507121510,0.0
Oahu_Battery_Reg,2507121512,0.0
Oahu_Battery_Reg,2507121514,0.0
Oahu_Battery_Reg,2507121516,0.0
Oahu_Battery_Reg,2507121518,0.0
Oahu_Battery_Reg,2507121520,0.0
Oahu_Battery_Reg,2507121522,0.0
Oahu_Battery_Reg,2508022000,0.0
Oahu_Battery_Reg,2508022002,0.0
Oahu_Battery_Reg,2508022004,0.0
Oahu_Battery_Reg,2508022006,0.0
Oahu_Battery_Reg,2508022008,0.0
Oahu_Battery_Reg,2508022010,0.0
Oahu_Battery_Reg,2508022012,0.0
Oahu_Battery_Reg,2508022014,0.0
Oahu_Battery_Reg,2508022016,0.0
Oahu_Battery_Reg,2508022018,0.0
Oahu_Battery_Reg,2508022020,0.0
Oahu_Battery_Reg,2508022022,0.0
Oahu_Battery_Reg,2508041000,0.0
Oahu_Battery_Reg,2508041002,0.0
Oahu_Battery_Reg,2508041004,0.0
Oahu_Battery_Reg,2508041006,0.0
Oahu_Battery_Reg,2508041008,0.0
Oahu_Battery_Reg,2508041010,0.0
Oahu_Battery_Reg,2508041012,0.0
Oahu_Battery_Reg,2508041014,0.0
Oahu_Battery_Reg,2508041016,0.0
Oahu_Battery_Reg,2508041018,0.0
Oahu_Battery_Reg,2508041020,0.0
Oahu_Battery_Reg,2508041022,0.0
Oahu_Battery_Reg,2508061700,0.0
Oahu_Battery_Reg,2508061702,0.0
Oahu_Battery_Reg,2508061704,0.0
Oahu_Battery_Reg,2508061706,0.0
Oahu_Battery_Reg,2508061708,0.0
Oahu_Battery_Reg,2508061710,0.0
Oahu_Battery_Reg,2508061712,0.0
Oahu_Battery_Reg,2508061714,0.0
Oahu_Battery_Reg,2508061716,0.0
Oahu_Battery_Reg,2508061718,0.0
Oahu_Battery_Reg,2508061720,0.0
Oahu_Battery_Reg,2508061722,0.0
Oahu_Battery_Reg,2508081800,0.0
Oahu_Battery_Reg,2508081802,0.0
Oahu_Battery_Reg,2508081804,0.0
Oahu_Battery_Reg,2508081806,0.0
Oahu_Battery_Reg,2508081808,0.0
Oahu_Battery_Reg,2508081810,0.0
Oahu_Battery_Reg,2508081812,0.0
Oahu_Battery_Reg,2508081814,0.0
Oahu_Battery_Reg,2508081816,0.0
Oahu_Battery_Reg,2508081818,0.0
Oahu_Battery_Reg,2508081820,0.0
Oahu_Battery_Reg,2508081822,0.0
Oahu_Battery_Reg,2508091000,0.0
Oahu_Battery_Reg,2508091002,0.0
Oahu_Battery_Reg,2508091004,0.0
Oahu_Battery_Reg,2508091006,0.0
Oahu_Battery_Reg,2508091008,0.0
Oahu_Battery_Reg,2508091010,0.0
Oahu_Battery_Reg,2508091012,0.0
Oahu_Battery_Reg,2508091014,0.0
Oahu_Battery_Reg,2508091016,0.0
Oahu_Battery_Reg,2508091018,0.0
Oahu_Battery_Reg,2508091020,0.0
Oahu_Battery_Reg,2508091022,0.0
Oahu_Battery_Reg,2508112200,0.0
Oahu_Battery_Reg,2508112202,0.0
Oahu_Battery_Reg,2508112204,0.0
Oahu_Battery_Reg,2508112206,0.0
Oahu_Battery_Reg,2508112208,0.0
Oahu_Battery_Reg,2508112210,0.0
Oahu_Battery_Reg,2508112212,0.0
Oahu_Battery_Reg,2508112214,0.0
Oahu_Battery_Reg,2508112216,0.0
Oahu_Battery_Reg,2508112218,0.0
Oahu_Battery_Reg,2508112220,0.0
Oahu_Battery_Reg,2508112222,0.0
Oahu_Battery_Reg,3007011200,0.0
Oahu_Battery_Reg,3007011202,0.0
Oahu_Battery_Reg,3007011204,0.0
Oahu_Battery_Reg,3007011206,0.0
Oahu_Battery_Reg,3007011208,0.0
Oahu_Battery_Reg,3007011210,0.0
Oahu_Battery_Reg,3007011212,0.0
Oahu_Battery_Reg,3007011214,0.0
Oahu_Battery_Reg,3007011216,0.0
Oahu_Battery_Reg,3007011218,0.0
Oahu_Battery_Reg,3007011220,0.0
Oahu_Battery_Reg,3007011222,0.0
Oahu_Battery_Reg,3007011900,0.0
Oahu_Battery_Reg,3007011902,0.0
Oahu_Battery_Reg,3007011904,0.0
Oahu_Battery_Reg,3007011906,0.0
Oahu_Battery_Reg,3007011908,0.0
Oahu_Battery_Reg,3007011910,0.0
Oahu_Battery_Reg,3007011912,0.0
Oahu_Battery_Reg,3007011914,0.0
Oahu_Battery_Reg,3007011916,0.0
Oahu_Battery_Reg,3007011918,0.0
Oahu_Battery_Reg,3007011920,0.0
Oahu_Battery_Reg,3007011922,0.0
Oahu_Battery_Reg,3007021200,0.0
Oahu_Battery_Reg,3007021202,0.0
Oahu_Battery_Reg,3007021204,0.0
Oahu_Battery_Reg,3007021206,0.0
Oahu_Battery_Reg,3007021208,0.0
Oahu_Battery_Reg,3007021210,0.0
Oahu_Battery_Reg,3007021212,0.0
Oahu_Battery_Reg,3007021214,0.0
Oahu_Battery_Reg,3007021216,0.0
Oahu_Battery_Reg,3007021218,0.0
Oahu_Battery_Reg,3007021220,0.0
Oahu_Battery_Reg,3007021222,0.0
Oahu_Battery_Reg,3007050200,0.0
Oahu_Battery_Reg,3007050202,0.0
Oahu_Battery_Reg,3007050204,0.0
Oahu_Battery_Reg,3007050206,0.0
Oahu_Battery_Reg,3007050208,0.0
Oahu_Battery_Reg,3007050210,0.0
Oahu_Battery_Reg,3007050212,0.0
Oahu_Battery_Reg,3007050214,0.0
Oahu_Battery_Reg,3007050216,0.0
Oahu_Battery_Reg,3007050218,0.0
Oahu_Battery_Reg,3007050220,0.0
Oahu_Battery_Reg,3007050222,0.0
Oahu_Battery_Reg,3007092200,0.0
Oahu_Battery_Reg,3007092202,0.0
Oahu_Battery_Reg,3007092204,0.0
Oahu_Battery_Reg,3007092206,0.0
Oahu_Battery_Reg,3007092208,0.0
Oahu_Battery_Reg,3007092210,0.0
Oahu_Battery_Reg,3007092212,0.0
Oahu_Battery_Reg,3007092214,0.0
Oahu_Battery_Reg,3007092216,0.0
Oahu_Battery_Reg,3007092218,0.0
Oahu_Battery_Reg,3007092220,0.0
Oahu_Battery_Reg,3007092222,0.0
Oahu_Battery_Reg,3007102700,0.0
Oahu_Battery_Reg,3007102702,0.0
Oahu_Battery_Reg,3007102704,0.0
Oahu_Battery_Reg,3007102706,0.0
Oahu_Battery_Reg,3007102708,0.0
Oahu_Battery_Reg,3007102710,0.0
Oahu_Battery_Reg,3007102712,0.0
Oahu_Battery_Reg,3007102714,0.0
Oahu_Battery_Reg,3007102716,0.0
Oahu_Battery_Reg,3007102718,0.0
Oahu_Battery_Reg,3007102720,0.0
Oahu_Battery_Reg,3007102722,0.0
Oahu_Battery_Reg,3007121500,0.0
Oahu_Battery_Reg,3007121502,0.0
Oahu_Battery_Reg,3007121504,0.0
Oahu_Battery_Reg,3007121506,0.0
Oahu_Battery_Reg,3007121508,0.0
Oahu_Battery_Reg,3007121510,0.0
Oahu_Battery_Reg,3007121512,0.0
Oahu_Battery_Reg,3007121514,0.0
Oahu_Battery_Reg,3007121516,0.0
Oahu_Battery_Reg,3007121518,0.0
Oahu_Battery_Reg,3007121520,0.0
Oahu_Battery_Reg,3007121522,0.0
Oahu_Battery_Reg,3008022000,0.0
Oahu_Battery_Reg,3008022002,0.0
Oahu_Battery_Reg,3008022004,0.0
Oahu_Battery_Reg,3008022006,0.0
Oahu_Battery_Reg,3008022008,0.0
Oahu_Battery_Reg,3008022010,0.0
Oahu_Battery_Reg,3008022012,0.0
Oahu_Battery_Reg,3008022014,0.0
Oahu_Battery_Reg,3008022016,0.0
Oahu_Battery_Reg,3008022018,0.0
Oahu_Battery_Reg,3008022020,0.0
Oahu_Battery_Reg,3008022022,0.0
Oahu_Battery_Reg,3008041000,0.0
Oahu_Battery_Reg,3008041002,0.0
Oahu_Battery_Reg,3008041004,0.0
Oahu_Battery_Reg,3008041006,0.0
Oahu_Battery_Reg,3008041008,0.0
Oahu_Battery_Reg,3008041010,0.0
Oahu_Battery_Reg,3008041012,0.0
Oahu_Battery_Reg,3008041014,0.0
Oahu_Battery_Reg,3008041016,0.0
Oahu_Battery_Reg,3008041018,0.0
Oahu_Battery_Reg,3008041020,0.0
Oahu_Battery_Reg,3008041022,0.0
Oahu_Battery_Reg,3008061700,0.0
Oahu_Battery_Reg,3008061702,0.0
Oahu_Battery_Reg,3008061704,0.0
Oahu_Battery_Reg,3008061706,0.0
Oahu_Battery_Reg,3008061708,0.0
Oahu_Battery_Reg,3008061710,0.0
Oahu_Battery_Reg,3008061712,0.0
Oahu_Battery_Reg,3008061714,0.0
Oahu_Battery_Reg,3008061716,0.0
Oahu_Battery_Reg,3008061718,0.0
Oahu_Battery_Reg,3008061720,0.0
Oahu_Battery_Reg,3008061722,0.0
Oahu_Battery_Reg,3008081800,0.0
Oahu_Battery_Reg,3008081802,0.0
Oahu_Battery_Reg,3008081804,0.0
Oahu_Battery_Reg,3008081806,0.0
Oahu_Battery_Reg,3008081808,0.0
Oahu_Battery_Reg,3008081810,0.0
Oahu_Battery_Reg,3008081812,0.0
Oahu_Battery_Reg,3008081814,0.0
Oahu_Battery_Reg,3008081816,0.0
Oahu_Battery_Reg,3008081818,0.0
Oahu_Battery_Reg,3008081820,0.0
Oahu_Battery_Reg,3008081822,0.0
Oahu_Battery_Reg,3008091000,0.0
Oahu_Battery_Reg,3008091002,0.0
Oahu_Battery_Reg,3008091004,0.0
Oahu_Battery_Reg,3008091006,0.0
Oahu_Battery_Reg,3008091008,0.0
Oahu_Battery_Reg,3008091010,0.0
Oahu_Battery_Reg,3008091012,0.0
Oahu_Battery_Reg,3008091014,0.0
Oahu_Battery_Reg,3008091016,0.0
Oahu_Battery_Reg,3008091018,0.0
Oahu_Battery_Reg,3008091020,0.0
Oahu_Battery_Reg,3008091022,0.0
Oahu_Battery_Reg,3008112200,0.0
Oahu_Battery_Reg,3008112202,0.0
Oahu_Battery_Reg,3008112204,0.0
Oahu_Battery_Reg,3008112206,0.0
Oahu_Battery_Reg,3008112208,0.0
Oahu_Battery_Reg,3008112210,0.0
Oahu_Battery_Reg,3008112212,0.0
Oahu_Battery_Reg,3008112214,0.0
Oahu_Battery_Reg,3008112216,0.0
Oahu_Battery_Reg,3008112218,0.0
Oahu_Battery_Reg,3008112220,0.0
Oahu_Battery_Reg,3008112222,0.0
Oahu_Battery_Reg,3507011200,0.0
Oahu_Battery_Reg,3507011202,0.0
Oahu_Battery_Reg,3507011204,0.0
Oahu_Battery_Reg,3507011206,0.0
Oahu_Battery_Reg,3507011208,0.0
Oahu_Battery_Reg,3507011210,0.0
Oahu_Battery_Reg,3507011212,0.0
Oahu_Battery_Reg,3507011214,0.0
Oahu_Battery_Reg,3507011216,0.0
Oahu_Battery_Reg,3507011218,0.0
Oahu_Battery_Reg,3507011220,0.0
Oahu_Battery_Reg,3507011222,0.0
Oahu_Battery_Reg,3507011900,0.0
Oahu_Battery_Reg,3507011902,0.0
Oahu_Battery_Reg,3507011904,0.0
Oahu_Battery_Reg,3507011906,0.0
Oahu_Battery_Reg,3507011908,0.0
Oahu_Battery_Reg,3507011910,0.0
Oahu_Battery_Reg,3507011912,0.0
Oahu_Battery_Reg,3507011914,0.0
Oahu_Battery_Reg,3507011916,0.0
Oahu_Battery_Reg,3507011918,0.0
Oahu_Battery_Reg,3507011920,0.0
Oahu_Battery_Reg,3507011922,0.0
Oahu_Battery_Reg,3507021200,0.0
Oahu_Battery_Reg,3507021202,0.0
Oahu_Battery_Reg,3507021204,0.0
Oahu_Battery_Reg,3507021206,0.0
Oahu_Battery_Reg,3507021208,0.0
Oahu_Battery_Reg,3507021210,0.0
Oahu_Battery_Reg,3507021212,0.0
Oahu_Battery_Reg,3507021214,0.0
Oahu_Battery_Reg,3507021216,0.0
Oahu_Battery_Reg,3507021218,0.0
Oahu_Battery_Reg,3507021220,0.0
Oahu_Battery_Reg,3507021222,0.0
Oahu_Battery_Reg,3507050200,0.0
Oahu_Battery_Reg,3507050202,0.0
Oahu_Battery_Reg,3507050204,0.0
Oahu_Battery_Reg,3507050206,0.0
Oahu_Battery_Reg,3507050208,0.0
Oahu_Battery_Reg,3507050210,0.0
Oahu_Battery_Reg,3507050212,0.0
Oahu_Battery_Reg,3507050214,0.0
Oahu_Battery_Reg,3507050216,0.0
Oahu_Battery_Reg,3507050218,0.0
Oahu_Battery_Reg,3507050220,0.0
Oahu_Battery_Reg,3507050222,0.0
Oahu_Battery_Reg,3507092200,0.0
Oahu_Battery_Reg,3507092202,0.0
Oahu_Battery_Reg,3507092204,0.0
Oahu_Battery_Reg,3507092206,0.0
Oahu_Battery_Reg,3507092208,0.0
Oahu_Battery_Reg,3507092210,0.0
Oahu_Battery_Reg,3507092212,0.0
Oahu_Battery_Reg,3507092214,0.0
Oahu_Battery_Reg,3507092216,0.0
Oahu_Battery_Reg,3507092218,0.0
Oahu_Battery_Reg,3507092220,0.0
Oahu_Battery_Reg,3507092222,0.0
Oahu_Battery_Reg,3507102700,0.0
Oahu_Battery_Reg,3507102702,0.0
Oahu_Battery_Reg,3507102704,0.0
Oahu_Battery_Reg,3507102706,0.0
Oahu_Battery_Reg,3507102708,0.0
Oahu_Battery_Reg,3507102710,0.0
Oahu_Battery_Reg,3507102712,0.0
Oahu_Battery_Reg,3507102714,0.0
Oahu_Battery_Reg,3507102716,0.0
Oahu_Battery_Reg,3507102718,0.0
Oahu_Battery_Reg,3507102720,0.0
Oahu_Battery_Reg,3507102722,0.0
Oahu_Battery_Reg,3507121500,0.0
Oahu_Battery_Reg,3507121502,0.0
Oahu_Battery_Reg,3507121504,0.0
Oahu_Battery_Reg,3507121506,0.0
Oahu_Battery_Reg,3507121508,0.0
Oahu_Battery_Reg,3507121510,0.0
Oahu_Battery_Reg,3507121512,0.0
Oahu_Battery_Reg,3507121514,0.0
Oahu_Battery_Reg,3507121516,0.0
Oahu_Battery_Reg,3507121518,0.0
Oahu_Battery_Reg,3507121520,0.0
Oahu_Battery_Reg,3507121522,0.0
Oahu_Battery_Reg,3508022000,0.0
Oahu_Battery_Reg,3508022002,0.0
Oahu_Battery_Reg,3508022004,0.0
Oahu_Battery_Reg,3508022006,0.0
Oahu_Battery_Reg,3508022008,0.0
Oahu_Battery_Reg,3508022010,0.0
Oahu_Battery_Reg,3508022012,0.0
Oahu_Battery_Reg,3508022014,0.0
Oahu_Battery_Reg,3508022016,0.0
Oahu_Battery_Reg,3508022018,0.0
Oahu_Battery_Reg,3508022020,0.0
Oahu_Battery_Reg,3508022022,0.0
Oahu_Battery_Reg,3508041000,0.0
Oahu_Battery_Reg,3508041002,0.0
Oahu_Battery_Reg,3508041004,0.0
Oahu_Battery_Reg,3508041006,0.0
Oahu_Battery_Reg,3508041008,0.0
Oahu_Battery_Reg,3508041010,0.0
Oahu_Battery_Reg,3508041012,0.0
Oahu_Battery_Reg,3508041014,0.0
Oahu_Battery_Reg,3508041016,0.0
Oahu_Battery_Reg,3508041018,0.0
Oahu_Battery_Reg,3508041020,0.0
Oahu_Battery_Reg,3508041022,0.0
Oahu_Battery_Reg,3508061700,0.0
Oahu_Battery_Reg,3508061702,0.0
Oahu_Battery_Reg,3508061704,0.0
Oahu_Battery_Reg,3508061706,0.0
Oahu_Battery_Reg,3508061708,0.0
Oahu_Battery_Reg,3508061710,0.0
Oahu_Battery_Reg,3508061712,0.0
Oahu_Battery_Reg,3508061714,0.0
Oahu_Battery_Reg,3508061716,0.0
Oahu_Battery_Reg,3508061718,0.0
Oahu_Battery_Reg,3508061720,0.0
Oahu_Battery_Reg,3508061722,0.0
Oahu_Battery_Reg,3508081800,0.0
Oahu_Battery_Reg,3508081802,0.0
Oahu_Battery_Reg,3508081804,0.0
Oahu_Battery_Reg,3508081806,0.0
Oahu_Battery_Reg,3508081808,0.0
Oahu_Battery_Reg,3508081810,0.0
Oahu_Battery_Reg,3508081812,0.0
Oahu_Battery_Reg,3508081814,0.0
Oahu_Battery_Reg,3508081816,0.0
Oahu_Battery_Reg,3508081818,0.0
Oahu_Battery_Reg,3508081820,0.0
Oahu_Battery_Reg,3508081822,0.0
Oahu_Battery_Reg,3508091000,0.0
Oahu_Battery_Reg,3508091002,0.0
Oahu_Battery_Reg,3508091004,0.0
Oahu_Battery_Reg,3508091006,0.0
Oahu_Battery_Reg,3508091008,0.0
Oahu_Battery_Reg,3508091010,0.0
Oahu_Battery_Reg,3508091012,0.0
Oahu_Battery_Reg,3508091014,0.0
Oahu_Battery_Reg,3508091016,0.0
Oahu_Battery_Reg,3508091018,0.0
Oahu_Battery_Reg,3508091020,0.0
Oahu_Battery_Reg,3508091022,0.0
Oahu_Battery_Reg,3508112200,0.0
Oahu_Battery_Reg,3508112202,0.0
Oahu_Battery_Reg,3508112204,0.0
Oahu_Battery_Reg,3508112206,0.0
Oahu_Battery_Reg,3508112208,0.0
Oahu_Battery_Reg,3508112210,0.0
Oahu_Battery_Reg,3508112212,0.0
Oahu_Battery_Reg,3508112214,0.0
Oahu_Battery_Reg,3508112216,0.0
Oahu_Battery_Reg,3508112218,0.0
Oahu_Battery_Reg,3508112220,0.0
Oahu_Battery_Reg,3508112222,0.0
Oahu_Battery_Reg,4007011200,0.0
Oahu_Battery_Reg,4007011202,0.0
Oahu_Battery_Reg,4007011204,0.0
Oahu_Battery_Reg,4007011206,0.0
Oahu_Battery_Reg,4007011208,0.0
Oahu_Battery_Reg,4007011210,0.0
Oahu_Battery_Reg,4007011212,0.0
Oahu_Battery_Reg,4007011214,0.0
Oahu_Battery_Reg,4007011216,0.0
Oahu_Battery_Reg,4007011218,0.0
Oahu_Battery_Reg,4007011220,0.0
Oahu_Battery_Reg,4007011222,0.0
Oahu_Battery_Reg,4007011900,0.0
Oahu_Battery_Reg,4007011902,0.0
Oahu_Battery_Reg,4007011904,0.0
Oahu_Battery_Reg,4007011906,0.0
Oahu_Battery_Reg,4007011908,0.0
Oahu_Battery_Reg,4007011910,0.0
Oahu_Battery_Reg,4007011912,0.0
Oahu_Battery_Reg,4007011914,0.0
Oahu_Battery_Reg,4007011916,0.0
Oahu_Battery_Reg,4007011918,0.0
Oahu_Battery_Reg,4007011920,0.0
Oahu_Battery_Reg,4007011922,0.0
Oahu_Battery_Reg,4007021200,0.0
Oahu_Battery_Reg,4007021202,0.0
Oahu_Battery_Reg,4007021204,0.0
Oahu_Battery_Reg,4007021206,0.0
Oahu_Battery_Reg,4007021208,0.0
Oahu_Battery_Reg,4007021210,0.0
Oahu_Battery_Reg,4007021212,0.0
Oahu_Battery_Reg,4007021214,0.0
Oahu_Battery_Reg,4007021216,0.0
Oahu_Battery_Reg,4007021218,0.0
Oahu_Battery_Reg,4007021220,0.0
Oahu_Battery_Reg,4007021222,0.0
Oahu_Battery_Reg,4007050200,0.0
Oahu_Battery_Reg,4007050202,0.0
Oahu_Battery_Reg,4007050204,0.0
Oahu_Battery_Reg,4007050206,0.0
Oahu_Battery_Reg,4007050208,0.0
Oahu_Battery_Reg,4007050210,0.0
Oahu_Battery_Reg,4007050212,0.0
Oahu_Battery_Reg,4007050214,0.0
Oahu_Battery_Reg,4007050216,0.0
Oahu_Battery_Reg,4007050218,0.0
Oahu_Battery_Reg,4007050220,0.0
Oahu_Battery_Reg,4007050222,0.0
Oahu_Battery_Reg,4007092200,0.0
Oahu_Battery_Reg,4007092202,0.0
Oahu_Battery_Reg,4007092204,0.0
Oahu_Battery_Reg,4007092206,0.0
Oahu_Battery_Reg,4007092208,0.0
Oahu_Battery_Reg,4007092210,0.0
Oahu_Battery_Reg,4007092212,0.0
Oahu_Battery_Reg,4007092214,0.0
Oahu_Battery_Reg,4007092216,0.0
Oahu_Battery_Reg,4007092218,0.0
Oahu_Battery_Reg,4007092220,0.0
Oahu_Battery_Reg,4007092222,0.0
Oahu_Battery_Reg,4007102700,0.0
Oahu_Battery_Reg,4007102702,0.0
Oahu_Battery_Reg,4007102704,0.0
Oahu_Battery_Reg,4007102706,0.0
Oahu_Battery_Reg,4007102708,0.0
Oahu_Battery_Reg,4007102710,0.0
Oahu_Battery_Reg,4007102712,0.0
Oahu_Battery_Reg,4007102714,0.0
Oahu_Battery_Reg,4007102716,0.0
Oahu_Battery_Reg,4007102718,0.0
Oahu_Battery_Reg,4007102720,0.0
Oahu_Battery_Reg,4007102722,0.0
Oahu_Battery_Reg,4007121500,0.0
Oahu_Battery_Reg,4007121502,0.0
Oahu_Battery_Reg,4007121504,0.0
Oahu_Battery_Reg,4007121506,0.0
Oahu_Battery_Reg,4007121508,0.0
Oahu_Battery_Reg,4007121510,0.0
Oahu_Battery_Reg,4007121512,0.0
Oahu_Battery_Reg,4007121514,0.0
Oahu_Battery_Reg,4007121516,0.0
Oahu_Battery_Reg,4007121518,0.0
Oahu_Battery_Reg,4007121520,0.0
Oahu_Battery_Reg,4007121522,0.0
Oahu_Battery_Reg,4008022000,0.0
Oahu_Battery_Reg,4008022002,0.0
Oahu_Battery_Reg,4008022004,0.0
Oahu_Battery_Reg,4008022006,0.0
Oahu_Battery_Reg,4008022008,0.0
Oahu_Battery_Reg,4008022010,0.0
Oahu_Battery_Reg,4008022012,0.0
Oahu_Battery_Reg,4008022014,0.0
Oahu_Battery_Reg,4008022016,0.0
Oahu_Battery_Reg,4008022018,0.0
Oahu_Battery_Reg,4008022020,0.0
Oahu_Battery_Reg,4008022022,0.0
Oahu_Battery_Reg,4008041000,0.0
Oahu_Battery_Reg,4008041002,0.0
Oahu_Battery_Reg,4008041004,0.0
Oahu_Battery_Reg,4008041006,0.0
Oahu_Battery_Reg,4008041008,0.0
Oahu_Battery_Reg,4008041010,0.0
Oahu_Battery_Reg,4008041012,0.0
Oahu_Battery_Reg,4008041014,0.0
Oahu_Battery_Reg,4008041016,0.0
Oahu_Battery_Reg,4008041018,0.0
Oahu_Battery_Reg,4008041020,0.0
Oahu_Battery_Reg,4008041022,0.0
Oahu_Battery_Reg,4008061700,0.0
Oahu_Battery_Reg,4008061702,0.0
Oahu_Battery_Reg,4008061704,0.0
Oahu_Battery_Reg,4008061706,0.0
Oahu_Battery_Reg,4008061708,0.0
Oahu_Battery_Reg,4008061710,0.0
Oahu_Battery_Reg,4008061712,0.0
Oahu_Battery_Reg,4008061714,0.0
Oahu_Battery_Reg,4008061716,0.0
Oahu_Battery_Reg,4008061718,0.0
Oahu_Battery_Reg,4008061720,0.0
Oahu_Battery_Reg,4008061722,0.0
Oahu_Battery_Reg,4008081800,0.0
Oahu_Battery_Reg,4008081802,0.0
Oahu_Battery_Reg,4008081804,0.0
Oahu_Battery_Reg,4008081806,0.0
Oahu_Battery_Reg,4008081808,0.0
Oahu_Battery_Reg,4008081810,0.0
Oahu_Battery_Reg,4008081812,0.0
Oahu_Battery_Reg,4008081814,0.0
Oahu_Battery_Reg,4008081816,0.0
Oahu_Battery_Reg,4008081818,0.0
Oahu_Battery_Reg,4008081820,0.0
Oahu_Battery_Reg,4008081822,0.0
Oahu_Battery_Reg,4008091000,0.0
Oahu_Battery_Reg,4008091002,0.0
Oahu_Battery_Reg,4008091004,0.0
Oahu_Battery_Reg,4008091006,0.0
Oahu_Battery_Reg,4008091008,0.0
Oahu_Battery_Reg,4008091010,0.0
Oahu_Battery_Reg,4008091012,0.0
Oahu_Battery_Reg,4008091014,0.0
Oahu_Battery_Reg,4008091016,0.0
Oahu_Battery_Reg,4008091018,0.0
Oahu_Battery_Reg,4008091020,0.0
Oahu_Battery_Reg,4008091022,0.0
Oahu_Battery_Reg,4008112200,0.0
Oahu_Battery_Reg,4008112202,0.0
Oahu_Battery_Reg,4008112204,0.0
Oahu_Battery_Reg,4008112206,0.0
Oahu_Battery_Reg,4008112208,0.0
Oahu_Battery_Reg,4008112210,0.0
Oahu_Battery_Reg,4008112212,0.0
Oahu_Battery_Reg,4008112214,0.0
Oahu_Battery_Reg,4008112216,0.0
Oahu_Battery_Reg,4008112218,0.0
Oahu_Battery_Reg,4008112220,0.0
Oahu_Battery_Reg,4008112222,0.0
Oahu_Battery_Reg,4507011200,0.0
Oahu_Battery_Reg,4507011202,0.0
Oahu_Battery_Reg,4507011204,0.0
Oahu_Battery_Reg,4507011206,0.0
Oahu_Battery_Reg,4507011208,0.0
Oahu_Battery_Reg,4507011210,0.0
Oahu_Battery_Reg,4507011212,0.0
Oahu_Battery_Reg,4507011214,0.0
Oahu_Battery_Reg,4507011216,0.0
Oahu_Battery_Reg,4507011218,0.0
Oahu_Battery_Reg,4507011220,0.0
Oahu_Battery_Reg,4507011222,0.0
Oahu_Battery_Reg,4507011900,0.0
Oahu_Battery_Reg,4507011902,0.0
Oahu_Battery_Reg,4507011904,0.0
Oahu_Battery_Reg,4507011906,0.0
Oahu_Battery_Reg,4507011908,0.0
Oahu_Battery_Reg,4507011910,0.0
Oahu_Battery_Reg,4507011912,0.0
Oahu_Battery_Reg,4507011914,0.0
Oahu_Battery_Reg,4507011916,0.0
Oahu_Battery_Reg,4507011918,0.0
Oahu_Battery_Reg,4507011920,0.0
Oahu_Battery_Reg,4507011922,0.0
Oahu_Battery_Reg,4507021200,0.0
Oahu_Battery_Reg,4507021202,0.0
Oahu_Battery_Reg,4507021204,0.0
Oahu_Battery_Reg,4507021206,0.0
Oahu_Battery_Reg,4507021208,0.0
Oahu_Battery_Reg,4507021210,0.0
Oahu_Battery_Reg,4507021212,0.0
Oahu_Battery_Reg,4507021214,0.0
Oahu_Battery_Reg,4507021216,0.0
Oahu_Battery_Reg,4507021218,0.0
Oahu_Battery_Reg,4507021220,0.0
Oahu_Battery_Reg,4507021222,0.0
Oahu_Battery_Reg,4507050200,0.0
Oahu_Battery_Reg,4507050202,0.0
Oahu_Battery_Reg,4507050204,0.0
Oahu_Battery_Reg,4507050206,0.0
Oahu_Battery_Reg,4507050208,0.0
Oahu_Battery_Reg,4507050210,0.0
Oahu_Battery_Reg,4507050212,0.0
Oahu_Battery_Reg,4507050214,0.0
Oahu_Battery_Reg,4507050216,0.0
Oahu_Battery_Reg,4507050218,0.0
Oahu_Battery_Reg,4507050220,0.0
Oahu_Battery_Reg,4507050222,0.0
Oahu_Battery_Reg,4507092200,0.0
Oahu_Battery_Reg,4507092202,0.0
Oahu_Battery_Reg,4507092204,0.0
Oahu_Battery_Reg,4507092206,0.0
Oahu_Battery_Reg,4507092208,0.0
Oahu_Battery_Reg,4507092210,0.0
Oahu_Battery_Reg,4507092212,0.0
Oahu_Battery_Reg,4507092214,0.0
Oahu_Battery_Reg,4507092216,0.0
Oahu_Battery_Reg,4507092218,0.0
Oahu_Battery_Reg,4507092220,0.0
Oahu_Battery_Reg,4507092222,0.0
Oahu_Battery_Reg,4507102700,0.0
Oahu_Battery_Reg,4507102702,0.0
Oahu_Battery_Reg,4507102704,0.0
Oahu_Battery_Reg,4507102706,0.0
Oahu_Battery_Reg,4507102708,0.0
Oahu_Battery_Reg,4507102710,0.0
Oahu_Battery_Reg,4507102712,0.0
Oahu_Battery_Reg,4507102714,0.0
Oahu_Battery_Reg,4507102716,0.0
Oahu_Battery_Reg,4507102718,0.0
Oahu_Battery_Reg,4507102720,0.0
Oahu_Battery_Reg,4507102722,0.0
Oahu_Battery_Reg,4507121500,0.0
Oahu_Battery_Reg,4507121502,0.0
Oahu_Battery_Reg,4507121504,0.0
Oahu_Battery_Reg,4507121506,0.0
Oahu_Battery_Reg,4507121508,0.0
Oahu_Battery_Reg,4507121510,0.0
Oahu_Battery_Reg,4507121512,0.0
Oahu_Battery_Reg,4507121514,0.0
Oahu_Battery_Reg,4507121516,0.0
Oahu_Battery_Reg,4507121518,0.0
Oahu_Battery_Reg,4507121520,0.0
Oahu_Battery_Reg,4507121522,0.0
Oahu_Battery_Reg,4508022000,0.0
Oahu_Battery_Reg,4508022002,0.0
Oahu_Battery_Reg,4508022004,0.0
Oahu_Battery_Reg,4508022006,0.0
Oahu_Battery_Reg,4508022008,0.0
Oahu_Battery_Reg,4508022010,0.0
Oahu_Battery_Reg,4508022012,0.0
Oahu_Battery_Reg,4508022014,0.0
Oahu_Battery_Reg,4508022016,0.0
Oahu_Battery_Reg,4508022018,0.0
Oahu_Battery_Reg,4508022020,0.0
Oahu_Battery_Reg,4508022022,0.0
Oahu_Battery_Reg,4508041000,0.0
Oahu_Battery_Reg,4508041002,0.0
Oahu_Battery_Reg,4508041004,0.0
Oahu_Battery_Reg,4508041006,0.0
Oahu_Battery_Reg,4508041008,0.0
Oahu_Battery_Reg,4508041010,0.0
Oahu_Battery_Reg,4508041012,0.0
Oahu_Battery_Reg,4508041014,0.0
Oahu_Battery_Reg,4508041016,0.0
Oahu_Battery_Reg,4508041018,0.0
Oahu_Battery_Reg,4508041020,0.0
Oahu_Battery_Reg,4508041022,0.0
Oahu_Battery_Reg,4508061700,0.0
Oahu_Battery_Reg,4508061702,0.0
Oahu_Battery_Reg,4508061704,0.0
Oahu_Battery_Reg,4508061706,0.0
Oahu_Battery_Reg,4508061708,0.0
Oahu_Battery_Reg,4508061710,0.0
Oahu_Battery_Reg,4508061712,0.0
Oahu_Battery_Reg,4508061714,0.0
Oahu_Battery_Reg,4508061716,0.0
Oahu_Battery_Reg,4508061718,0.0
Oahu_Battery_Reg,4508061720,0.0
Oahu_Battery_Reg,4508061722,0.0
Oahu_Battery_Reg,4508081800,0.0
Oahu_Battery_Reg,4508081802,0.0
Oahu_Battery_Reg,4508081804,0.0
Oahu_Battery_Reg,4508081806,0.0
Oahu_Battery_Reg,4508081808,0.0
Oahu_Battery_Reg,4508081810,0.0
Oahu_Battery_Reg,4508081812,0.0
Oahu_Battery_Reg,4508081814,0.0
Oahu_Battery_Reg,4508081816,0.0
Oahu_Battery_Reg,4508081818,0.0
Oahu_Battery_Reg,4508081820,0.0
Oahu_Battery_Reg,4508081822,0.0
Oahu_Battery_Reg,4508091000,0.0
Oahu_Battery_Reg,4508091002,0.0
Oahu_Battery_Reg,4508091004,0.0
Oahu_Battery_Reg,4508091006,0.0
Oahu_Battery_Reg,4508091008,0.0
Oahu_Battery_Reg,4508091010,0.0
Oahu_Battery_Reg,4508091012,0.0
Oahu_Battery_Reg,4508091014,0.0
Oahu_Battery_Reg,4508091016,0.0
Oahu_Battery_Reg,4508091018,0.0
Oahu_Battery_Reg,4508091020,0.0
Oahu_Battery_Reg,4508091022,0.0
Oahu_Battery_Reg,4508112200,0.0
Oahu_Battery_Reg,4508112202,0.0
Oahu_Battery_Reg,4508112204,0.0
Oahu_Battery_Reg,4508112206,0.0
Oahu_Battery_Reg,4508112208,0.0
Oahu_Battery_Reg,4508112210,0.0
Oahu_Battery_Reg,4508112212,0.0
Oahu_Battery_Reg,4508112214,0.0
Oahu_Battery_Reg,4508112216,0.0
Oahu_Battery_Reg,4508112218,0.0
Oahu_Battery_Reg,4508112220,0.0
Oahu_Battery_Reg,4508112222,0.0
