generation_project,timestamp,gen_dbid,gen_tech,gen_load_zone,gen_energy_source,tp_weight_in_year_hrs,period,DispatchGen_MW,Energy_GWh_typical_yr,VariableCost_per_yr,DispatchEmissions_tCO2_per_typical_yr,GenCapacity_MW,GenCapitalCosts,GenFixedOMCosts
N-Geothermal,2025011500,N-Geothermal,Geothermal,North,Geothermal,1095.7440000000001,2020,0.96858075,1.061316545328,30597.75600180624,0.0,1.0,458317.52960571623,0.0
N-Geothermal,2025011512,N-Geothermal,Geothermal,North,Geothermal,1095.7440000000001,2020,0.96858075,1.061316545328,30597.75600180624,0.0,1.0,458317.52960571623,0.0
N-Geothermal,2025011600,N-Geothermal,Geothermal,North,Geothermal,1095.7440000000001,2020,0.96858075,1.061316545328,30597.75600180624,0.0,1.0,458317.52960571623,0.0
N-Geothermal,2025011612,N-Geothermal,Geothermal,North,Geothermal,1095.7440000000001,2020,0.96858075,1.061316545328,30597.75600180624,0.0,1.0,458317.52960571623,0.0
N-Geothermal,2025061500,N-Geothermal,Geothermal,North,Geothermal,2191.5,2020,0.96858075,2.122644713625,61195.84709380875,0.0,1.0,458317.52960571623,0.0
N-Geothermal,2025061512,N-Geothermal,Geothermal,North,Geothermal,2191.5,2020,0.96858075,2.122644713625,61195.84709380875,0.0,1.0,458317.52960571623,0.0
N-Geothermal,2035011512,N-Geothermal,Geothermal,North,Geothermal,8766.0,2030,0.0,0.0,0.0,0.0,0.0,0.0,0.0
N-Coal_IGCC,2025011500,N-Coal_IGCC,Coal_IGCC,North,Coal,1095.7440000000001,2020,0.0,0.0,0.0,0.0,0.0,0.0,0.0
N-Coal_IGCC,2025011512,N-Coal_IGCC,Coal_IGCC,North,Coal,1095.7440000000001,2020,0.0,0.0,0.0,0.0,0.0,0.0,0.0
N-Coal_IGCC,2025011600,N-Coal_IGCC,Coal_IGCC,North,Coal,1095.7440000000001,2020,0.0,0.0,0.0,0.0,0.0,0.0,0.0
N-Coal_IGCC,2025011612,N-Coal_IGCC,Coal_IGCC,North,Coal,1095.7440000000001,2020,0.0,0.0,0.0,0.0,0.0,0.0,0.0
N-Coal_IGCC,2025061500,N-Coal_IGCC,Coal_IGCC,North,Coal,2191.5,2020,0.0,0.0,0.0,0.0,0.0,0.0,0.0
N-Coal_IGCC,2025061512,N-Coal_IGCC,Coal_IGCC,North,Coal,2191.5,2020,0.0,0.0,0.0,0.0,0.0,0.0,0.0
N-Coal_IGCC,2035011512,N-Coal_IGCC,Coal_IGCC,North,Coal,8766.0,2030,0.0,0.0,0.0,0.0,0.0,0.0,0.0
N-Coal_IGCC_CCS,2035011512,N-Coal_IGCC_CCS,Coal_IGCC_CCS,North,Coal,8766.0,2030,-3.53333714376015e-16,-3.0973233402201476e-15,-3.053341348789021e-11,-4.606482987378395e-13,-4.36429983171956e-16,-2.028195379073115e-10,-1.8021066865136407e-11
N-Coal_ST,2025011500,N-Coal_ST,Coal_ST,North,Coal,1095.7440000000001,2020,1.692,1.853998848,6303.5960832,1593.8457296486401,2.0,411840.16728896805,42780.0
N-Coal_ST,2025011512,N-Coal_ST,Coal_ST,North,Coal,1095.7440000000001,2020,1.692,1.853998848,6303.5960832,1593.8457296486401,2.0,411840.16728896805,42780.0
N-Coal_ST,2025011600,N-Coal_ST,Coal_ST,North,Coal,1095.7440000000001,2020,1.692,1.853998848,6303.5960832,1593.8457296486401,2.0,411840.16728896805,42780.0
N-Coal_ST,2025011612,N-Coal_ST,Coal_ST,North,Coal,1095.7440000000001,2020,1.692,1.853998848,6303.5960832,1593.8457296486401,2.0,411840.16728896805,42780.0
N-Coal_ST,2025061500,N-Coal_ST,Coal_ST,North,Coal,2191.5,2020,1.692,3.708018,12607.261199999999,3187.7089142399996,2.0,411840.16728896805,42780.0
N-Coal_ST,2025061512,N-Coal_ST,Coal_ST,North,Coal,2191.5,2020,1.692,3.708018,12607.261199999999,3187.7089142399996,2.0,411840.16728896805,42780.0
N-Coal_ST,2035011512,N-Coal_ST,Coal_ST,North,Coal,8766.0,2030,1.692,14.832072,50429.044799999996,12750.835656959998,2.0,411840.16728896805,42780.0
N-NG_CC,2025011500,N-NG_CC,NG_CC,North,NaturalGas,1095.7440000000001,2020,0.0,0.0,0.0,0.0,2.0,226819.89511360374,11736.6
N-NG_CC,2025011512,N-NG_CC,NG_CC,North,NaturalGas,1095.7440000000001,2020,0.0,0.0,0.0,0.0,2.0,226819.89511360374,11736.6
N-NG_CC,2025011600,N-NG_CC,NG_CC,North,NaturalGas,1095.7440000000001,2020,0.0,0.0,0.0,0.0,2.0,226819.89511360374,11736.6
N-NG_CC,2025011612,N-NG_CC,NG_CC,North,NaturalGas,1095.7440000000001,2020,0.0,0.0,0.0,0.0,2.0,226819.89511360374,11736.6
N-NG_CC,2025061500,N-NG_CC,NG_CC,North,NaturalGas,2191.5,2020,0.0,0.0,0.0,0.0,2.0,226819.89511360374,11736.6
N-NG_CC,2025061512,N-NG_CC,NG_CC,North,NaturalGas,2191.5,2020,0.0,0.0,0.0,0.0,2.0,226819.89511360374,11736.6
N-NG_CC,2035011512,N-NG_CC,NG_CC,North,NaturalGas,8766.0,2030,0.0,0.0,0.0,0.0,0.0,0.0,0.0
N-NG_CC_CCS,2035011512,N-NG_CC_CCS,NG_CC_CCS,North,NaturalGas,8766.0,2030,0.0,0.0,0.0,0.0,0.0,0.0,0.0
N-NG_GT,2025011500,N-NG_GT,NG_GT,North,NaturalGas,1095.7440000000001,2020,0.0,0.0,0.0,0.0,2.0,125164.37766366196,9783.6
N-NG_GT,2025011512,N-NG_GT,NG_GT,North,NaturalGas,1095.7440000000001,2020,0.0,0.0,0.0,0.0,2.0,125164.37766366196,9783.6
N-NG_GT,2025011600,N-NG_GT,NG_GT,North,NaturalGas,1095.7440000000001,2020,0.0,0.0,0.0,0.0,2.0,125164.37766366196,9783.6
N-NG_GT,2025011612,N-NG_GT,NG_GT,North,NaturalGas,1095.7440000000001,2020,0.0,0.0,0.0,0.0,2.0,125164.37766366196,9783.6
N-NG_GT,2025061500,N-NG_GT,NG_GT,North,NaturalGas,2191.5,2020,0.0,0.0,0.0,0.0,2.0,125164.37766366196,9783.6
N-NG_GT,2025061512,N-NG_GT,NG_GT,North,NaturalGas,2191.5,2020,0.0,0.0,0.0,0.0,2.0,125164.37766366196,9783.6
N-NG_GT,2035011512,N-NG_GT,NG_GT,North,NaturalGas,8766.0,2030,0.0,0.0,0.0,0.0,0.0,0.0,0.0
N-Nuclear,2035011512,N-Nuclear,Nuclear,North,Uranium,8766.0,2030,0.0,0.0,0.0,0.0,0.0,0.0,0.0
N-Biomass_IGCC,2025011500,N-Biomass_IGCC,Biomass_IGCC,North,BioSolid,1095.7440000000001,2020,0.0,0.0,0.0,0.0,0.0,0.0,0.0
N-Biomass_IGCC,2025011512,N-Biomass_IGCC,Biomass_IGCC,North,BioSolid,1095.7440000000001,2020,0.0,0.0,0.0,0.0,0.0,0.0,0.0
N-Biomass_IGCC,2025011600,N-Biomass_IGCC,Biomass_IGCC,North,BioSolid,1095.7440000000001,2020,0.0,0.0,0.0,0.0,0.0,0.0,0.0
N-Biomass_IGCC,2025011612,N-Biomass_IGCC,Biomass_IGCC,North,BioSolid,1095.7440000000001,2020,0.0,0.0,0.0,0.0,0.0,0.0,0.0
N-Biomass_IGCC,2025061500,N-Biomass_IGCC,Biomass_IGCC,North,BioSolid,2191.5,2020,0.0,0.0,0.0,0.0,0.0,0.0,0.0
N-Biomass_IGCC,2025061512,N-Biomass_IGCC,Biomass_IGCC,North,BioSolid,2191.5,2020,0.0,0.0,0.0,0.0,0.0,0.0,0.0
N-Biomass_IGCC,2035011512,N-Biomass_IGCC,Biomass_IGCC,North,BioSolid,8766.0,2030,0.0,0.0,0.0,0.0,0.0,0.0,0.0
N-Biomass_IGCC_CCS,2035011512,N-Biomass_IGCC_CCS,Biomass_IGCC_CCS,North,BioSolid,8766.0,2030,0.0,0.0,0.0,-0.0,0.0,0.0,0.0
N-Residential_PV,2025011500,N-Residential_PV,Residential_PV,North,Solar,1095.7440000000001,2020,0.0,0.0,0.0,0.0,0.0,0.0,0.0
N-Residential_PV,2025011512,N-Residential_PV,Residential_PV,North,Solar,1095.7440000000001,2020,0.0,0.0,0.0,0.0,0.0,0.0,0.0
N-Residential_PV,2025011600,N-Residential_PV,Residential_PV,North,Solar,1095.7440000000001,2020,0.0,0.0,0.0,0.0,0.0,0.0,0.0
N-Residential_PV,2025011612,N-Residential_PV,Residential_PV,North,Solar,1095.7440000000001,2020,0.0,0.0,0.0,0.0,0.0,0.0,0.0
N-Residential_PV,2025061500,N-Residential_PV,Residential_PV,North,Solar,2191.5,2020,0.0,0.0,0.0,0.0,0.0,0.0,0.0
N-Residential_PV,2025061512,N-Residential_PV,Residential_PV,North,Solar,2191.5,2020,0.0,0.0,0.0,0.0,0.0,0.0,0.0
N-Residential_PV,2035011512,N-Residential_PV,Residential_PV,North,Solar,8766.0,2030,0.0,0.0,0.0,0.0,0.0,0.0,0.0
N-Commercial_PV,2025011500,N-Commercial_PV,Commercial_PV,North,Solar,1095.7440000000001,2020,0.0,0.0,0.0,0.0,0.0,0.0,0.0
N-Commercial_PV,2025011512,N-Commercial_PV,Commercial_PV,North,Solar,1095.7440000000001,2020,0.0,0.0,0.0,0.0,0.0,0.0,0.0
N-Commercial_PV,2025011600,N-Commercial_PV,Commercial_PV,North,Solar,1095.7440000000001,2020,0.0,0.0,0.0,0.0,0.0,0.0,0.0
N-Commercial_PV,2025011612,N-Commercial_PV,Commercial_PV,North,Solar,1095.7440000000001,2020,0.0,0.0,0.0,0.0,0.0,0.0,0.0
N-Commercial_PV,2025061500,N-Commercial_PV,Commercial_PV,North,Solar,2191.5,2020,0.0,0.0,0.0,0.0,0.0,0.0,0.0
N-Commercial_PV,2025061512,N-Commercial_PV,Commercial_PV,North,Solar,2191.5,2020,0.0,0.0,0.0,0.0,0.0,0.0,0.0
N-Commercial_PV,2035011512,N-Commercial_PV,Commercial_PV,North,Solar,8766.0,2030,0.0,0.0,0.0,0.0,0.0,0.0,0.0
N-Central_PV-1,2025011500,N-Central_PV-1,Central_PV,North,Solar,1095.7440000000001,2020,0.0,0.0,0.0,0.0,0.246484665005071,55503.693089175016,10315.383230462221
N-Central_PV-1,2025011512,N-Central_PV-1,Central_PV,North,Solar,1095.7440000000001,2020,0.0,0.0,0.0,0.0,0.246484665005071,55503.693089175016,10315.383230462221
N-Central_PV-1,2025011600,N-Central_PV-1,Central_PV,North,Solar,1095.7440000000001,2020,0.0,0.0,0.0,0.0,0.246484665005071,55503.693089175016,10315.383230462221
N-Central_PV-1,2025011612,N-Central_PV-1,Central_PV,North,Solar,1095.7440000000001,2020,0.0,0.0,0.0,0.0,0.246484665005071,55503.693089175016,10315.383230462221
N-Central_PV-1,2025061500,N-Central_PV-1,Central_PV,North,Solar,2191.5,2020,0.0,0.0,0.0,0.0,0.246484665005071,55503.693089175016,10315.383230462221
N-Central_PV-1,2025061512,N-Central_PV-1,Central_PV,North,Solar,2191.5,2020,0.176335129344628,0.38643843595875227,0.0,0.0,0.246484665005071,55503.693089175016,10315.383230462221
N-Central_PV-1,2035011512,N-Central_PV-1,Central_PV,North,Solar,8766.0,2030,0.0990375383990376,0.8681630616059637,0.0,0.0,0.246484665005071,55503.693089175016,10315.383230462221
N-Central_PV-2,2025011500,N-Central_PV-2,Central_PV,North,Solar,1095.7440000000001,2020,0.0,0.0,0.0,0.0,2.0,459874.97157293366,83700.0
N-Central_PV-2,2025011512,N-Central_PV-2,Central_PV,North,Solar,1095.7440000000001,2020,0.0,0.0,0.0,0.0,2.0,459874.97157293366,83700.0
N-Central_PV-2,2025011600,N-Central_PV-2,Central_PV,North,Solar,1095.7440000000001,2020,0.0,0.0,0.0,0.0,2.0,459874.97157293366,83700.0
N-Central_PV-2,2025011612,N-Central_PV-2,Central_PV,North,Solar,1095.7440000000001,2020,0.0,0.0,0.0,0.0,2.0,459874.97157293366,83700.0
N-Central_PV-2,2025061500,N-Central_PV-2,Central_PV,North,Solar,2191.5,2020,0.0,0.0,0.0,0.0,2.0,459874.97157293366,83700.0
N-Central_PV-2,2025061512,N-Central_PV-2,Central_PV,North,Solar,2191.5,2020,1.5876,3.4792254,0.0,0.0,2.0,459874.97157293366,83700.0
N-Central_PV-2,2035011512,N-Central_PV-2,Central_PV,North,Solar,8766.0,2030,0.7056,6.1852896,0.0,0.0,2.0,459874.97157293366,83700.0
N-Wind-1,2025011500,N-Wind-1,Wind,North,Wind,1095.7440000000001,2020,0.0,0.0,0.0,0.0,0.0,0.0,0.0
N-Wind-1,2025011512,N-Wind-1,Wind,North,Wind,1095.7440000000001,2020,0.0,0.0,0.0,0.0,0.0,0.0,0.0
N-Wind-1,2025011600,N-Wind-1,Wind,North,Wind,1095.7440000000001,2020,0.0,0.0,0.0,0.0,0.0,0.0,0.0
N-Wind-1,2025011612,N-Wind-1,Wind,North,Wind,1095.7440000000001,2020,0.0,0.0,0.0,0.0,0.0,0.0,0.0
N-Wind-1,2025061500,N-Wind-1,Wind,North,Wind,2191.5,2020,0.0,0.0,0.0,0.0,0.0,0.0,0.0
N-Wind-1,2025061512,N-Wind-1,Wind,North,Wind,2191.5,2020,0.0,0.0,0.0,0.0,0.0,0.0,0.0
N-Wind-1,2035011512,N-Wind-1,Wind,North,Wind,8766.0,2030,2.9145150181839,25.54863864940007,0.0,0.0,3.66513458021114,565024.2978911747,204514.50957578162
N-Wind-2,2025011500,N-Wind-2,Wind,North,Wind,1095.7440000000001,2020,0.0,0.0,0.0,0.0,0.0,0.0,0.0
N-Wind-2,2025011512,N-Wind-2,Wind,North,Wind,1095.7440000000001,2020,0.0,0.0,0.0,0.0,0.0,0.0,0.0
N-Wind-2,2025011600,N-Wind-2,Wind,North,Wind,1095.7440000000001,2020,0.0,0.0,0.0,0.0,0.0,0.0,0.0
N-Wind-2,2025011612,N-Wind-2,Wind,North,Wind,1095.7440000000001,2020,0.0,0.0,0.0,0.0,0.0,0.0,0.0
N-Wind-2,2025061500,N-Wind-2,Wind,North,Wind,2191.5,2020,0.0,0.0,0.0,0.0,0.0,0.0,0.0
N-Wind-2,2025061512,N-Wind-2,Wind,North,Wind,2191.5,2020,0.0,0.0,0.0,0.0,0.0,0.0,0.0
N-Wind-2,2035011512,N-Wind-2,Wind,North,Wind,8766.0,2030,0.86478,7.58066148,0.0,0.0,1.0,154859.5875847584,55800.0
C-Coal_IGCC,2025011500,C-Coal_IGCC,Coal_IGCC,Central,Coal,1095.7440000000001,2020,9.00005085119138,9.861751719887849,47984.917048561496,7488.856468055316,11.1166636007799,2535747.500862853,257221.80906028565
C-Coal_IGCC,2025011512,C-Coal_IGCC,Coal_IGCC,Central,Coal,1095.7440000000001,2020,9.00005085119138,9.861751719887849,47984.917048561496,7488.856468055316,11.1166636007799,2535747.500862853,257221.80906028565
C-Coal_IGCC,2025011600,C-Coal_IGCC,Coal_IGCC,Central,Coal,1095.7440000000001,2020,9.00005085119138,9.861751719887849,47984.917048561496,7488.856468055316,11.1166636007799,2535747.500862853,257221.80906028565
C-Coal_IGCC,2025011612,C-Coal_IGCC,Coal_IGCC,Central,Coal,1095.7440000000001,2020,9.00005085119138,9.861751719887849,47984.917048561496,7488.856468055316,11.1166636007799,2535747.500862853,257221.80906028565
C-Coal_IGCC,2025061500,C-Coal_IGCC,Coal_IGCC,Central,Coal,2191.5,2020,9.00005085119138,19.72361144038591,95970.35960217213,14977.794950046018,11.1166636007799,2535747.500862853,257221.80906028565
C-Coal_IGCC,2025061512,C-Coal_IGCC,Coal_IGCC,Central,Coal,2191.5,2020,9.00005085119138,19.72361144038591,95970.35960217213,14977.794950046018,11.1166636007799,2535747.500862853,257221.80906028565
C-Coal_IGCC,2035011512,C-Coal_IGCC,Coal_IGCC,Central,Coal,8766.0,2030,9.00005085119138,78.89444576154364,383881.4384086885,59911.17980018407,11.1166636007799,2535747.500862853,257221.80906028565
C-Coal_ST,2025011500,C-Coal_ST,Coal_ST,Central,Coal,1095.7440000000001,2020,1.692,1.853998848,6674.395852800001,1682.39271462912,2.0,411840.16728896805,42780.0
C-Coal_ST,2025011512,C-Coal_ST,Coal_ST,Central,Coal,1095.7440000000001,2020,1.692,1.853998848,6674.395852800001,1682.39271462912,2.0,411840.16728896805,42780.0
C-Coal_ST,2025011600,C-Coal_ST,Coal_ST,Central,Coal,1095.7440000000001,2020,1.692,1.853998848,6674.395852800001,1682.39271462912,2.0,411840.16728896805,42780.0
C-Coal_ST,2025011612,C-Coal_ST,Coal_ST,Central,Coal,1095.7440000000001,2020,1.692,1.853998848,6674.395852800001,1682.39271462912,2.0,411840.16728896805,42780.0
C-Coal_ST,2025061500,C-Coal_ST,Coal_ST,Central,Coal,2191.5,2020,1.692,3.708018,13348.864800000001,3364.8038539199997,2.0,411840.16728896805,42780.0
C-Coal_ST,2025061512,C-Coal_ST,Coal_ST,Central,Coal,2191.5,2020,1.692,3.708018,13348.864800000001,3364.8038539199997,2.0,411840.16728896805,42780.0
C-NG_CC,2025011500,C-NG_CC,NG_CC,Central,NaturalGas,1095.7440000000001,2020,0.0,0.0,0.0,0.0,2.0,226819.89511360374,11736.6
C-NG_CC,2025011512,C-NG_CC,NG_CC,Central,NaturalGas,1095.7440000000001,2020,0.0,0.0,0.0,0.0,2.0,226819.89511360374,11736.6
C-NG_CC,2025011600,C-NG_CC,NG_CC,Central,NaturalGas,1095.7440000000001,2020,0.0,0.0,0.0,0.0,2.0,226819.89511360374,11736.6
C-NG_CC,2025011612,C-NG_CC,NG_CC,Central,NaturalGas,1095.7440000000001,2020,0.0,0.0,0.0,0.0,2.0,226819.89511360374,11736.6
C-NG_CC,2025061500,C-NG_CC,NG_CC,Central,NaturalGas,2191.5,2020,0.0,0.0,0.0,0.0,2.0,226819.89511360374,11736.6
C-NG_CC,2025061512,C-NG_CC,NG_CC,Central,NaturalGas,2191.5,2020,0.0,0.0,0.0,0.0,2.0,226819.89511360374,11736.6
C-NG_CC,2035011512,C-NG_CC,NG_CC,Central,NaturalGas,8766.0,2030,0.0,0.0,0.0,0.0,0.0,0.0,0.0
C-NG_GT,2025011500,C-NG_GT,NG_GT,Central,NaturalGas,1095.7440000000001,2020,0.0,0.0,0.0,0.0,2.0,125164.37766366196,9783.6
C-NG_GT,2025011512,C-NG_GT,NG_GT,Central,NaturalGas,1095.7440000000001,2020,0.0,0.0,0.0,0.0,2.0,125164.37766366196,9783.6
C-NG_GT,2025011600,C-NG_GT,NG_GT,Central,NaturalGas,1095.7440000000001,2020,0.0,0.0,0.0,0.0,2.0,125164.37766366196,9783.6
C-NG_GT,2025011612,C-NG_GT,NG_GT,Central,NaturalGas,1095.7440000000001,2020,0.0,0.0,0.0,0.0,2.0,125164.37766366196,9783.6
C-NG_GT,2025061500,C-NG_GT,NG_GT,Central,NaturalGas,2191.5,2020,0.0,0.0,0.0,0.0,2.0,125164.37766366196,9783.6
C-NG_GT,2025061512,C-NG_GT,NG_GT,Central,NaturalGas,2191.5,2020,0.0,0.0,0.0,0.0,2.0,125164.37766366196,9783.6
C-NG_GT,2035011512,C-NG_GT,NG_GT,Central,NaturalGas,8766.0,2030,0.0,0.0,0.0,0.0,0.0,0.0,0.0
C-Nuclear,2035011512,C-Nuclear,Nuclear,Central,Uranium,8766.0,2030,0.0,0.0,0.0,0.0,0.0,0.0,0.0
C-Biomass_IGCC,2025011500,C-Biomass_IGCC,Biomass_IGCC,Central,BioSolid,1095.7440000000001,2020,0.0,0.0,0.0,0.0,0.0,0.0,0.0
C-Biomass_IGCC,2025011512,C-Biomass_IGCC,Biomass_IGCC,Central,BioSolid,1095.7440000000001,2020,0.0,0.0,0.0,0.0,0.0,0.0,0.0
C-Biomass_IGCC,2025011600,C-Biomass_IGCC,Biomass_IGCC,Central,BioSolid,1095.7440000000001,2020,0.0,0.0,0.0,0.0,0.0,0.0,0.0
C-Biomass_IGCC,2025011612,C-Biomass_IGCC,Biomass_IGCC,Central,BioSolid,1095.7440000000001,2020,0.0,0.0,0.0,0.0,0.0,0.0,0.0
C-Biomass_IGCC,2025061500,C-Biomass_IGCC,Biomass_IGCC,Central,BioSolid,2191.5,2020,0.0,0.0,0.0,0.0,0.0,0.0,0.0
C-Biomass_IGCC,2025061512,C-Biomass_IGCC,Biomass_IGCC,Central,BioSolid,2191.5,2020,0.0,0.0,0.0,0.0,0.0,0.0,0.0
C-Biomass_IGCC,2035011512,C-Biomass_IGCC,Biomass_IGCC,Central,BioSolid,8766.0,2030,0.0,0.0,0.0,0.0,0.0,0.0,0.0
C-Residential_PV,2025011500,C-Residential_PV,Residential_PV,Central,Solar,1095.7440000000001,2020,0.0,0.0,0.0,0.0,0.0,0.0,0.0
C-Residential_PV,2025011512,C-Residential_PV,Residential_PV,Central,Solar,1095.7440000000001,2020,0.0,0.0,0.0,0.0,0.0,0.0,0.0
C-Residential_PV,2025011600,C-Residential_PV,Residential_PV,Central,Solar,1095.7440000000001,2020,0.0,0.0,0.0,0.0,0.0,0.0,0.0
C-Residential_PV,2025011612,C-Residential_PV,Residential_PV,Central,Solar,1095.7440000000001,2020,0.0,0.0,0.0,0.0,0.0,0.0,0.0
C-Residential_PV,2025061500,C-Residential_PV,Residential_PV,Central,Solar,2191.5,2020,0.0,0.0,0.0,0.0,0.0,0.0,0.0
C-Residential_PV,2025061512,C-Residential_PV,Residential_PV,Central,Solar,2191.5,2020,0.0,0.0,0.0,0.0,0.0,0.0,0.0
C-Residential_PV,2035011512,C-Residential_PV,Residential_PV,Central,Solar,8766.0,2030,0.0,0.0,0.0,0.0,0.0,0.0,0.0
C-Commercial_PV,2025011500,C-Commercial_PV,Commercial_PV,Central,Solar,1095.7440000000001,2020,0.0,0.0,0.0,0.0,0.0,0.0,0.0
C-Commercial_PV,2025011512,C-Commercial_PV,Commercial_PV,Central,Solar,1095.7440000000001,2020,0.0,0.0,0.0,0.0,0.0,0.0,0.0
C-Commercial_PV,2025011600,C-Commercial_PV,Commercial_PV,Central,Solar,1095.7440000000001,2020,0.0,0.0,0.0,0.0,0.0,0.0,0.0
C-Commercial_PV,2025011612,C-Commercial_PV,Commercial_PV,Central,Solar,1095.7440000000001,2020,0.0,0.0,0.0,0.0,0.0,0.0,0.0
C-Commercial_PV,2025061500,C-Commercial_PV,Commercial_PV,Central,Solar,2191.5,2020,0.0,0.0,0.0,0.0,0.0,0.0,0.0
C-Commercial_PV,2025061512,C-Commercial_PV,Commercial_PV,Central,Solar,2191.5,2020,0.0,0.0,0.0,0.0,0.0,0.0,0.0
C-Commercial_PV,2035011512,C-Commercial_PV,Commercial_PV,Central,Solar,8766.0,2030,0.0,0.0,0.0,0.0,0.0,0.0,0.0
C-Central_PV-1,2025011500,C-Central_PV-1,Central_PV,Central,Solar,1095.7440000000001,2020,0.0,0.0,0.0,0.0,2.0,375677.5767678882,66960.0
C-Central_PV-1,2025011512,C-Central_PV-1,Central_PV,Central,Solar,1095.7440000000001,2020,0.0,0.0,0.0,0.0,2.0,375677.5767678882,66960.0
C-Central_PV-1,2025011600,C-Central_PV-1,Central_PV,Central,Solar,1095.7440000000001,2020,0.0,0.0,0.0,0.0,2.0,375677.5767678882,66960.0
C-Central_PV-1,2025011612,C-Central_PV-1,Central_PV,Central,Solar,1095.7440000000001,2020,0.0,0.0,0.0,0.0,2.0,375677.5767678882,66960.0
C-Central_PV-1,2025061500,C-Central_PV-1,Central_PV,Central,Solar,2191.5,2020,0.0,0.0,0.0,0.0,2.0,375677.5767678882,66960.0
C-Central_PV-1,2025061512,C-Central_PV-1,Central_PV,Central,Solar,2191.5,2020,1.5484,3.3933186,0.0,0.0,2.0,375677.5767678882,66960.0
C-Central_PV-1,2035011512,C-Central_PV-1,Central_PV,Central,Solar,8766.0,2030,0.7644,6.700730399999999,0.0,0.0,2.0,375677.5767678882,66960.0
C-Central_PV-2,2025011500,C-Central_PV-2,Central_PV,Central,Solar,1095.7440000000001,2020,0.0,0.0,0.0,0.0,3.0,541618.2635801653,100440.0
C-Central_PV-2,2025011512,C-Central_PV-2,Central_PV,Central,Solar,1095.7440000000001,2020,0.0,0.0,0.0,0.0,3.0,541618.2635801653,100440.0
C-Central_PV-2,2025011600,C-Central_PV-2,Central_PV,Central,Solar,1095.7440000000001,2020,0.0,0.0,0.0,0.0,3.0,541618.2635801653,100440.0
C-Central_PV-2,2025011612,C-Central_PV-2,Central_PV,Central,Solar,1095.7440000000001,2020,0.0,0.0,0.0,0.0,3.0,541618.2635801653,100440.0
C-Central_PV-2,2025061500,C-Central_PV-2,Central_PV,Central,Solar,2191.5,2020,0.0,0.0,0.0,0.0,3.0,541618.2635801653,100440.0
C-Central_PV-2,2025061512,C-Central_PV-2,Central_PV,Central,Solar,2191.5,2020,2.1168,4.6389672,0.0,0.0,3.0,541618.2635801653,100440.0
C-Central_PV-2,2035011512,C-Central_PV-2,Central_PV,Central,Solar,8766.0,2030,1.2054,10.5665364,0.0,0.0,3.0,541618.2635801653,100440.0
C-Wind-1,2025011500,C-Wind-1,Wind,Central,Wind,1095.7440000000001,2020,0.0,0.0,0.0,0.0,0.0,0.0,0.0
C-Wind-1,2025011512,C-Wind-1,Wind,Central,Wind,1095.7440000000001,2020,0.0,0.0,0.0,0.0,0.0,0.0,0.0
C-Wind-1,2025011600,C-Wind-1,Wind,Central,Wind,1095.7440000000001,2020,0.0,0.0,0.0,0.0,0.0,0.0,0.0
C-Wind-1,2025011612,C-Wind-1,Wind,Central,Wind,1095.7440000000001,2020,0.0,0.0,0.0,0.0,0.0,0.0,0.0
C-Wind-1,2025061500,C-Wind-1,Wind,Central,Wind,2191.5,2020,0.0,0.0,0.0,0.0,0.0,0.0,0.0
C-Wind-1,2025061512,C-Wind-1,Wind,Central,Wind,2191.5,2020,0.0,0.0,0.0,0.0,0.0,0.0,0.0
C-Wind-1,2035011512,C-Wind-1,Wind,Central,Wind,8766.0,2030,3.1808,27.8828928,0.0,0.0,4.0,498237.2053223575,178560.0
C-Wind-2,2025011500,C-Wind-2,Wind,Central,Wind,1095.7440000000001,2020,0.0,0.0,0.0,0.0,0.0,0.0,0.0
C-Wind-2,2025011512,C-Wind-2,Wind,Central,Wind,1095.7440000000001,2020,0.0,0.0,0.0,0.0,0.0,0.0,0.0
C-Wind-2,2025011600,C-Wind-2,Wind,Central,Wind,1095.7440000000001,2020,0.0,0.0,0.0,0.0,0.0,0.0,0.0
C-Wind-2,2025011612,C-Wind-2,Wind,Central,Wind,1095.7440000000001,2020,0.0,0.0,0.0,0.0,0.0,0.0,0.0
C-Wind-2,2025061500,C-Wind-2,Wind,Central,Wind,2191.5,2020,0.0,0.0,0.0,0.0,0.0,0.0,0.0
C-Wind-2,2025061512,C-Wind-2,Wind,Central,Wind,2191.5,2020,0.0,0.0,0.0,0.0,0.0,0.0,0.0
C-Wind-2,2035011512,C-Wind-2,Wind,Central,Wind,8766.0,2030,2.56452,22.48058232,0.0,0.0,3.0,374971.48499956884,133920.0
S-Geothermal,2025011500,S-Geothermal,Geothermal,South,Geothermal,1095.7440000000001,2020,2.90574225,3.183949635984,110151.92160650247,0.0,3.0,1367975.6355844461,0.0
S-Geothermal,2025011512,S-Geothermal,Geothermal,South,Geothermal,1095.7440000000001,2020,2.90574225,3.183949635984,110151.92160650247,0.0,3.0,1367975.6355844461,0.0
S-Geothermal,2025011600,S-Geothermal,Geothermal,South,Geothermal,1095.7440000000001,2020,2.90574225,3.183949635984,110151.92160650247,0.0,3.0,1367975.6355844461,0.0
S-Geothermal,2025011612,S-Geothermal,Geothermal,South,Geothermal,1095.7440000000001,2020,2.90574225,3.183949635984,110151.92160650247,0.0,3.0,1367975.6355844461,0.0
S-Geothermal,2025061500,S-Geothermal,Geothermal,South,Geothermal,2191.5,2020,2.90574225,6.367934140875,220305.04953771146,0.0,3.0,1367975.6355844461,0.0
S-Geothermal,2025061512,S-Geothermal,Geothermal,South,Geothermal,2191.5,2020,2.90574225,6.367934140875,220305.04953771146,0.0,3.0,1367975.6355844461,0.0
S-Geothermal,2035011512,S-Geothermal,Geothermal,South,Geothermal,8766.0,2030,0.0,0.0,0.0,0.0,0.0,0.0,0.0
S-NG_CC,2025011500,S-NG_CC,NG_CC,South,NaturalGas,1095.7440000000001,2020,0.0,0.0,0.0,0.0,0.0,0.0,0.0
S-NG_CC,2025011512,S-NG_CC,NG_CC,South,NaturalGas,1095.7440000000001,2020,0.0,0.0,0.0,0.0,0.0,0.0,0.0
S-NG_CC,2025011600,S-NG_CC,NG_CC,South,NaturalGas,1095.7440000000001,2020,0.0,0.0,0.0,0.0,0.0,0.0,0.0
S-NG_CC,2025011612,S-NG_CC,NG_CC,South,NaturalGas,1095.7440000000001,2020,0.0,0.0,0.0,0.0,0.0,0.0,0.0
S-NG_CC,2025061500,S-NG_CC,NG_CC,South,NaturalGas,2191.5,2020,0.0,0.0,0.0,0.0,0.0,0.0,0.0
S-NG_CC,2025061512,S-NG_CC,NG_CC,South,NaturalGas,2191.5,2020,0.0,0.0,0.0,0.0,0.0,0.0,0.0
S-NG_CC,2035011512,S-NG_CC,NG_CC,South,NaturalGas,8766.0,2030,0.0,0.0,0.0,0.0,0.0,0.0,0.0
S-NG_CC_CCS,2035011512,S-NG_CC_CCS,NG_CC_CCS,South,NaturalGas,8766.0,2030,0.0,0.0,0.0,0.0,0.0,0.0,0.0
S-NG_GT,2025011500,S-NG_GT,NG_GT,South,NaturalGas,1095.7440000000001,2020,0.0,0.0,0.0,0.0,2.0,125164.37766366196,9783.6
S-NG_GT,2025011512,S-NG_GT,NG_GT,South,NaturalGas,1095.7440000000001,2020,0.0,0.0,0.0,0.0,2.0,125164.37766366196,9783.6
S-NG_GT,2025011600,S-NG_GT,NG_GT,South,NaturalGas,1095.7440000000001,2020,0.0,0.0,0.0,0.0,2.0,125164.37766366196,9783.6
S-NG_GT,2025011612,S-NG_GT,NG_GT,South,NaturalGas,1095.7440000000001,2020,0.0,0.0,0.0,0.0,2.0,125164.37766366196,9783.6
S-NG_GT,2025061500,S-NG_GT,NG_GT,South,NaturalGas,2191.5,2020,0.0,0.0,0.0,0.0,2.0,125164.37766366196,9783.6
S-NG_GT,2025061512,S-NG_GT,NG_GT,South,NaturalGas,2191.5,2020,0.0,0.0,0.0,0.0,2.0,125164.37766366196,9783.6
S-NG_GT,2035011512,S-NG_GT,NG_GT,South,NaturalGas,8766.0,2030,0.0,0.0,0.0,0.0,0.0,0.0,0.0
S-Biomass_IGCC,2025011500,S-Biomass_IGCC,Biomass_IGCC,South,BioSolid,1095.7440000000001,2020,0.0,0.0,0.0,0.0,0.0,0.0,0.0
S-Biomass_IGCC,2025011512,S-Biomass_IGCC,Biomass_IGCC,South,BioSolid,1095.7440000000001,2020,0.0,0.0,0.0,0.0,0.0,0.0,0.0
S-Biomass_IGCC,2025011600,S-Biomass_IGCC,Biomass_IGCC,South,BioSolid,1095.7440000000001,2020,0.0,0.0,0.0,0.0,0.0,0.0,0.0
S-Biomass_IGCC,2025011612,S-Biomass_IGCC,Biomass_IGCC,South,BioSolid,1095.7440000000001,2020,0.0,0.0,0.0,0.0,0.0,0.0,0.0
S-Biomass_IGCC,2025061500,S-Biomass_IGCC,Biomass_IGCC,South,BioSolid,2191.5,2020,0.0,0.0,0.0,0.0,0.0,0.0,0.0
S-Biomass_IGCC,2025061512,S-Biomass_IGCC,Biomass_IGCC,South,BioSolid,2191.5,2020,0.0,0.0,0.0,0.0,0.0,0.0,0.0
S-Biomass_IGCC,2035011512,S-Biomass_IGCC,Biomass_IGCC,South,BioSolid,8766.0,2030,0.0,0.0,0.0,0.0,0.0,0.0,0.0
S-Biomass_IGCC_CCS,2035011512,S-Biomass_IGCC_CCS,Biomass_IGCC_CCS,South,BioSolid,8766.0,2030,0.0,0.0,0.0,-0.0,0.0,0.0,0.0
S-Residential_PV,2025011500,S-Residential_PV,Residential_PV,South,Solar,1095.7440000000001,2020,0.0,0.0,0.0,0.0,0.0,0.0,0.0
S-Residential_PV,2025011512,S-Residential_PV,Residential_PV,South,Solar,1095.7440000000001,2020,0.0,0.0,0.0,0.0,0.0,0.0,0.0
S-Residential_PV,2025011600,S-Residential_PV,Residential_PV,South,Solar,1095.7440000000001,2020,0.0,0.0,0.0,0.0,0.0,0.0,0.0
S-Residential_PV,2025011612,S-Residential_PV,Residential_PV,South,Solar,1095.7440000000001,2020,0.0,0.0,0.0,0.0,0.0,0.0,0.0
S-Residential_PV,2025061500,S-Residential_PV,Residential_PV,South,Solar,2191.5,2020,0.0,0.0,0.0,0.0,0.0,0.0,0.0
S-Residential_PV,2025061512,S-Residential_PV,Residential_PV,South,Solar,2191.5,2020,0.0,0.0,0.0,0.0,0.0,0.0,0.0
S-Residential_PV,2035011512,S-Residential_PV,Residential_PV,South,Solar,8766.0,2030,0.0,0.0,0.0,0.0,0.0,0.0,0.0
S-Commercial_PV,2025011500,S-Commercial_PV,Commercial_PV,South,Solar,1095.7440000000001,2020,0.0,0.0,0.0,0.0,0.0,0.0,0.0
S-Commercial_PV,2025011512,S-Commercial_PV,Commercial_PV,South,Solar,1095.7440000000001,2020,0.0,0.0,0.0,0.0,0.0,0.0,0.0
S-Commercial_PV,2025011600,S-Commercial_PV,Commercial_PV,South,Solar,1095.7440000000001,2020,0.0,0.0,0.0,0.0,0.0,0.0,0.0
S-Commercial_PV,2025011612,S-Commercial_PV,Commercial_PV,South,Solar,1095.7440000000001,2020,0.0,0.0,0.0,0.0,0.0,0.0,0.0
S-Commercial_PV,2025061500,S-Commercial_PV,Commercial_PV,South,Solar,2191.5,2020,0.0,0.0,0.0,0.0,0.0,0.0,0.0
S-Commercial_PV,2025061512,S-Commercial_PV,Commercial_PV,South,Solar,2191.5,2020,0.0,0.0,0.0,0.0,0.0,0.0,0.0
S-Commercial_PV,2035011512,S-Commercial_PV,Commercial_PV,South,Solar,8766.0,2030,0.0,0.0,0.0,0.0,0.0,0.0,0.0
S-Central_PV-1,2025011500,S-Central_PV-1,Central_PV,South,Solar,1095.7440000000001,2020,0.0,0.0,0.0,0.0,0.0,0.0,0.0
S-Central_PV-1,2025011512,S-Central_PV-1,Central_PV,South,Solar,1095.7440000000001,2020,0.0,0.0,0.0,0.0,0.0,0.0,0.0
S-Central_PV-1,2025011600,S-Central_PV-1,Central_PV,South,Solar,1095.7440000000001,2020,0.0,0.0,0.0,0.0,0.0,0.0,0.0
S-Central_PV-1,2025011612,S-Central_PV-1,Central_PV,South,Solar,1095.7440000000001,2020,0.0,0.0,0.0,0.0,0.0,0.0,0.0
S-Central_PV-1,2025061500,S-Central_PV-1,Central_PV,South,Solar,2191.5,2020,0.0,0.0,0.0,0.0,0.0,0.0,0.0
S-Central_PV-1,2025061512,S-Central_PV-1,Central_PV,South,Solar,2191.5,2020,0.0,0.0,0.0,0.0,0.0,0.0,0.0
S-Central_PV-1,2035011512,S-Central_PV-1,Central_PV,South,Solar,8766.0,2030,0.0,0.0,0.0,0.0,0.0,0.0,0.0
S-Central_PV-2,2025011500,S-Central_PV-2,Central_PV,South,Solar,1095.7440000000001,2020,0.0,0.0,0.0,0.0,0.0,0.0,0.0
S-Central_PV-2,2025011512,S-Central_PV-2,Central_PV,South,Solar,1095.7440000000001,2020,0.0,0.0,0.0,0.0,0.0,0.0,0.0
S-Central_PV-2,2025011600,S-Central_PV-2,Central_PV,South,Solar,1095.7440000000001,2020,0.0,0.0,0.0,0.0,0.0,0.0,0.0
S-Central_PV-2,2025011612,S-Central_PV-2,Central_PV,South,Solar,1095.7440000000001,2020,0.0,0.0,0.0,0.0,0.0,0.0,0.0
S-Central_PV-2,2025061500,S-Central_PV-2,Central_PV,South,Solar,2191.5,2020,0.0,0.0,0.0,0.0,0.0,0.0,0.0
S-Central_PV-2,2025061512,S-Central_PV-2,Central_PV,South,Solar,2191.5,2020,0.0,0.0,0.0,0.0,0.0,0.0,0.0
S-Central_PV-2,2035011512,S-Central_PV-2,Central_PV,South,Solar,8766.0,2030,0.0,0.0,0.0,0.0,0.0,0.0,0.0
