GENERATION_PROJECT,PERIOD,gen_tech,gen_load_zone,gen_energy_source,BuildGen,BuildStorageEnergy,GenCapitalOutlay
N-Geothermal,2020,Geothermal,North,Geothermal,0,0,0
N-Geothermal,2030,Geothermal,North,Geothermal,0,0,0
N-Coal_IGCC,2020,Coal_IGCC,North,Coal,0,0,0
N-Coal_IGCC,2030,Coal_IGCC,North,Coal,0,0,0
N-Coal_IGCC_CCS,2030,Coal_IGCC_CCS,North,Coal,0,0,-2.70393e-09
N-Coal_ST,2020,Coal_ST,North,Coal,0,0,0
N-Coal_ST,2030,Coal_ST,North,Coal,0,0,0
N-NG_CC,2020,NG_CC,North,NaturalGas,0,0,0
N-NG_CC,2030,NG_CC,North,NaturalGas,0,0,0
N-NG_CC_CCS,2030,NG_CC_CCS,North,NaturalGas,0,0,0
N-NG_GT,2020,NG_GT,North,NaturalGas,0,0,0
N-NG_GT,2030,NG_GT,North,NaturalGas,0,0,0
N-Nuclear,2030,Nuclear,North,Uranium,0,0,0
N-Biomass_IGCC,2020,Biomass_IGCC,North,BioSolid,0,0,0
N-Biomass_IGCC,2030,Biomass_IGCC,North,BioSolid,0,0,0
N-Biomass_IGCC_CCS,2030,Biomass_IGCC_CCS,North,BioSolid,0,0,0
N-Residential_PV,2020,Residential_PV,North,Solar,0,0,0
N-Residential_PV,2030,Residential_PV,North,Solar,0,0,0
N-Commercial_PV,2020,Commercial_PV,North,Solar,0,0,0
N-Commercial_PV,2030,Commercial_PV,North,Solar,0,0,0
N-Central_PV-1,2020,Central_PV,North,Solar,0.246485,0,588007
N-Central_PV-1,2030,Central_PV,North,Solar,0,0,0
N-Central_PV-2,2020,Central_PV,North,Solar,2,0,4.87192e+06
N-Central_PV-2,2030,Central_PV,North,Solar,0,0,0
N-Wind-1,2020,Wind,North,Wind,0,0,0
N-Wind-1,2030,Wind,North,Wind,3.66513,0,7.01141e+06
N-Wind-2,2020,Wind,North,Wind,0,0,0
N-Wind-2,2030,Wind,North,Wind,1,0,1.92166e+06
C-Coal_IGCC,2020,Coal_IGCC,Central,Coal,11.1167,0,3.38058e+07
C-Coal_IGCC,2030,Coal_IGCC,Central,Coal,0,0,0
C-Coal_ST,2020,Coal_ST,Central,Coal,0,0,0
C-NG_CC,2020,NG_CC,Central,NaturalGas,0,0,0
C-NG_CC,2030,NG_CC,Central,NaturalGas,0,0,0
C-NG_GT,2020,NG_GT,Central,NaturalGas,0,0,0
C-NG_GT,2030,NG_GT,Central,NaturalGas,0,0,0
C-Nuclear,2030,Nuclear,Central,Uranium,0,0,0
C-Biomass_IGCC,2020,Biomass_IGCC,Central,BioSolid,0,0,0
C-Biomass_IGCC,2030,Biomass_IGCC,Central,BioSolid,0,0,0
C-Residential_PV,2020,Residential_PV,Central,Solar,0,0,0
C-Residential_PV,2030,Residential_PV,Central,Solar,0,0,0
C-Commercial_PV,2020,Commercial_PV,Central,Solar,0,0,0
C-Commercial_PV,2030,Commercial_PV,Central,Solar,0,0,0
C-Central_PV-1,2020,Central_PV,Central,Solar,2,0,3.97993e+06
C-Central_PV-1,2030,Central_PV,Central,Solar,0,0,0
C-Central_PV-2,2020,Central_PV,Central,Solar,3,0,5.73791e+06
C-Central_PV-2,2030,Central_PV,Central,Solar,0,0,0
C-Wind-1,2020,Wind,Central,Wind,0,0,0
C-Wind-1,2030,Wind,Central,Wind,4,0,6.18265e+06
C-Wind-2,2020,Wind,Central,Wind,0,0,0
C-Wind-2,2030,Wind,Central,Wind,3,0,4.65304e+06
S-Geothermal,2020,Geothermal,South,Geothermal,0,0,0
S-Geothermal,2030,Geothermal,South,Geothermal,0,0,0
S-NG_CC,2020,NG_CC,South,NaturalGas,0,0,0
S-NG_CC,2030,NG_CC,South,NaturalGas,0,0,0
S-NG_CC_CCS,2030,NG_CC_CCS,South,NaturalGas,0,0,0
S-NG_GT,2020,NG_GT,South,NaturalGas,0,0,0
S-NG_GT,2030,NG_GT,South,NaturalGas,0,0,0
S-Biomass_IGCC,2020,Biomass_IGCC,South,BioSolid,0,0,0
S-Biomass_IGCC,2030,Biomass_IGCC,South,BioSolid,0,0,0
S-Biomass_IGCC_CCS,2030,Biomass_IGCC_CCS,South,BioSolid,0,0,0
S-Residential_PV,2020,Residential_PV,South,Solar,0,0,0
S-Residential_PV,2030,Residential_PV,South,Solar,0,0,0
S-Commercial_PV,2020,Commercial_PV,South,Solar,0,0,0
S-Commercial_PV,2030,Commercial_PV,South,Solar,0,0,0
S-Central_PV-1,2020,Central_PV,South,Solar,0,0,0
S-Central_PV-1,2030,Central_PV,South,Solar,0,0,0
S-Central_PV-2,2020,Central_PV,South,Solar,0,0,0
S-Central_PV-2,2030,Central_PV,South,Solar,0,0,0
