GenCapacity_index_1,GenCapacity_index_2,GenCapacity
N-Geothermal,2020,1.0
N-Geothermal,2030,0.0
N-Coal_IGCC,2020,0.0
N-Coal_IGCC,2030,0.0
N-Coal_IGCC_CCS,2020,0.0
N-Coal_IGCC_CCS,2030,-4.36429983171956e-16
N-Coal_ST,2020,2.0
N-Coal_ST,2030,2.0
N-NG_CC,2020,2.0
N-NG_CC,2030,0.0
N-NG_CC_CCS,2020,0.0
N-NG_CC_CCS,2030,0.0
N-NG_GT,2020,2.0
N-NG_GT,2030,0.0
N-Nuclear,2020,0.0
N-Nuclear,2030,0.0
N-Biomass_IGCC,2020,0.0
N-Biomass_IGCC,2030,0.0
N-Biomass_IGCC_CCS,2020,0.0
N-Biomass_IGCC_CCS,2030,0.0
N-Residential_PV,2020,0.0
N-Residential_PV,2030,0.0
N-Commercial_PV,2020,0.0
N-Commercial_PV,2030,0.0
N-Central_PV-1,2020,0.246484665005071
N-Central_PV-1,2030,0.246484665005071
N-Central_PV-2,2020,2.0
N-Central_PV-2,2030,2.0
N-Wind-1,2020,0.0
N-Wind-1,2030,3.66513458021114
N-Wind-2,2020,0.0
N-Wind-2,2030,1.0
C-Coal_IGCC,2020,11.1166636007799
C-Coal_IGCC,2030,11.1166636007799
C-Coal_ST,2020,2.0
C-Coal_ST,2030,0.0
C-NG_CC,2020,2.0
C-NG_CC,2030,0.0
C-NG_GT,2020,2.0
C-NG_GT,2030,0.0
C-Nuclear,2020,0.0
C-Nuclear,2030,0.0
C-Biomass_IGCC,2020,0.0
C-Biomass_IGCC,2030,0.0
C-Residential_PV,2020,0.0
C-Residential_PV,2030,0.0
C-Commercial_PV,2020,0.0
C-Commercial_PV,2030,0.0
C-Central_PV-1,2020,2.0
C-Central_PV-1,2030,2.0
C-Central_PV-2,2020,3.0
C-Central_PV-2,2030,3.0
C-Wind-1,2020,0.0
C-Wind-1,2030,4.0
C-Wind-2,2020,0.0
C-Wind-2,2030,3.0
S-Geothermal,2020,3.0
S-Geothermal,2030,0.0
S-NG_CC,2020,0.0
S-NG_CC,2030,0.0
S-NG_CC_CCS,2020,0.0
S-NG_CC_CCS,2030,0.0
S-NG_GT,2020,2.0
S-NG_GT,2030,0.0
S-Biomass_IGCC,2020,0.0
S-Biomass_IGCC,2030,0.0
S-Biomass_IGCC_CCS,2020,0.0
S-Biomass_IGCC_CCS,2030,0.0
S-Residential_PV,2020,0.0
S-Residential_PV,2030,0.0
S-Commercial_PV,2020,0.0
S-Commercial_PV,2030,0.0
S-Central_PV-1,2020,0.0
S-Central_PV-1,2030,0.0
S-Central_PV-2,2020,0.0
S-Central_PV-2,2030,0.0
