BALANCING_AREA_TIMEPOINTS_1,BALANCING_AREA_TIMEPOINTS_2,MaximumContingencyDown
system_wide_balancing_area,2007011200,64.66014409638937
system_wide_balancing_area,2007011202,59.23546387490745
system_wide_balancing_area,2007011204,65.34882824193015
system_wide_balancing_area,2007011206,91.31821807843359
system_wide_balancing_area,2007011208,100.4810262070175
system_wide_balancing_area,2007011210,106.12182502672468
system_wide_balancing_area,2007011212,106.4041234827797
system_wide_balancing_area,2007011214,105.02572113141953
system_wide_balancing_area,2007011216,101.9380171395505
system_wide_balancing_area,2007011218,107.06695612135576
system_wide_balancing_area,2007011220,96.21345943727755
system_wide_balancing_area,2007011222,80.19483166164346
system_wide_balancing_area,2007011900,60.88789220009391
system_wide_balancing_area,2007011902,55.585231091485575
system_wide_balancing_area,2007011904,62.56720609252368
system_wide_balancing_area,2007011906,88.51074442206237
system_wide_balancing_area,2007011908,96.4006243477023
system_wide_balancing_area,2007011910,101.07354274664945
system_wide_balancing_area,2007011912,102.73217543350744
system_wide_balancing_area,2007011914,102.34853907015064
system_wide_balancing_area,2007011916,99.7127194200253
system_wide_balancing_area,2007011918,105.16428520875057
system_wide_balancing_area,2007011920,94.85160205037482
system_wide_balancing_area,2007011922,78.80505464721881
system_wide_balancing_area,2007021200,54.52531930593107
system_wide_balancing_area,2007021202,50.48214361664507
system_wide_balancing_area,2007021204,58.43510121927898
system_wide_balancing_area,2007021206,84.27833570179445
system_wide_balancing_area,2007021208,91.85696348357885
system_wide_balancing_area,2007021210,96.68499092431449
system_wide_balancing_area,2007021212,98.64350109196349
system_wide_balancing_area,2007021214,99.00542218946993
system_wide_balancing_area,2007021216,98.34775985228683
system_wide_balancing_area,2007021218,106.97389069628267
system_wide_balancing_area,2007021220,95.60646605374535
system_wide_balancing_area,2007021222,74.42270718655537
system_wide_balancing_area,2007050200,62.26629455145407
system_wide_balancing_area,2007050202,57.669896613122546
system_wide_balancing_area,2007050204,63.10595149766896
system_wide_balancing_area,2007050206,89.20253074843892
system_wide_balancing_area,2007050208,99.41387599951288
system_wide_balancing_area,2007050210,104.59865423636195
system_wide_balancing_area,2007050212,106.6057652371047
system_wide_balancing_area,2007050214,106.79499826808663
system_wide_balancing_area,2007050216,104.63484634611262
system_wide_balancing_area,2007050218,106.19420924622598
system_wide_balancing_area,2007050220,99.93297425936494
system_wide_balancing_area,2007050222,79.24556432589806
system_wide_balancing_area,2007092200,70.15307229625823
system_wide_balancing_area,2007092202,64.14311395709449
system_wide_balancing_area,2007092204,65.81622348785275
system_wide_balancing_area,2007092206,79.44927420078022
system_wide_balancing_area,2007092208,98.89064149854647
system_wide_balancing_area,2007092210,105.88916146404199
system_wide_balancing_area,2007092212,106.04737268666625
system_wide_balancing_area,2007092214,105.33697327527506
system_wide_balancing_area,2007092216,104.02164860090886
system_wide_balancing_area,2007092218,106.48788236534547
system_wide_balancing_area,2007092220,97.45226365102809
system_wide_balancing_area,2007092222,84.88326096476948
system_wide_balancing_area,2007102700,68.98768636228755
system_wide_balancing_area,2007102702,62.97048960117369
system_wide_balancing_area,2007102704,65.16786769317694
system_wide_balancing_area,2007102706,78.60651507372957
system_wide_balancing_area,2007102708,98.74690711982247
system_wide_balancing_area,2007102710,104.96160939414699
system_wide_balancing_area,2007102712,104.9192129227248
system_wide_balancing_area,2007102714,101.62883311625217
system_wide_balancing_area,2007102716,99.86369222069942
system_wide_balancing_area,2007102718,104.7248095903499
system_wide_balancing_area,2007102720,96.11005340941857
system_wide_balancing_area,2007102722,83.1201881897739
system_wide_balancing_area,2007121500,65.51427788650453
system_wide_balancing_area,2007121502,58.80115855789976
system_wide_balancing_area,2007121504,61.32012939654443
system_wide_balancing_area,2007121506,74.46717177853473
system_wide_balancing_area,2007121508,92.1154785532263
system_wide_balancing_area,2007121510,97.32714235731872
system_wide_balancing_area,2007121512,96.11212152997574
system_wide_balancing_area,2007121514,92.91273902801902
system_wide_balancing_area,2007121516,94.40075176890969
system_wide_balancing_area,2007121518,101.01149912993408
system_wide_balancing_area,2007121520,92.80519675904567
system_wide_balancing_area,2007121522,79.32725508790664
system_wide_balancing_area,2008022000,60.252310613290575
system_wide_balancing_area,2008022002,55.14896916491822
system_wide_balancing_area,2008022004,62.34004120580653
system_wide_balancing_area,2008022006,87.49161038107597
system_wide_balancing_area,2008022008,97.48672798629514
system_wide_balancing_area,2008022010,103.5716464725068
system_wide_balancing_area,2008022012,105.65293345208286
system_wide_balancing_area,2008022014,106.1630528098221
system_wide_balancing_area,2008022016,105.23195074001174
system_wide_balancing_area,2008022018,110.04103386413028
system_wide_balancing_area,2008022020,98.03550902167356
system_wide_balancing_area,2008022022,75.8941810248106
system_wide_balancing_area,2008041000,57.874617438480726
system_wide_balancing_area,2008041002,54.101882062190306
system_wide_balancing_area,2008041004,62.90600520902459
system_wide_balancing_area,2008041006,88.37760716030728
system_wide_balancing_area,2008041008,97.82394373014802
system_wide_balancing_area,2008041010,102.70283266111511
system_wide_balancing_area,2008041012,101.72232955876581
system_wide_balancing_area,2008041014,103.89597499047994
system_wide_balancing_area,2008041016,103.15495950239557
system_wide_balancing_area,2008041018,109.49762250620176
system_wide_balancing_area,2008041020,100.29399535709591
system_wide_balancing_area,2008041022,77.95828503654707
system_wide_balancing_area,2008061700,67.1770466526645
system_wide_balancing_area,2008061702,61.6634618471208
system_wide_balancing_area,2008061704,67.9449105279983
system_wide_balancing_area,2008061706,89.46872561812427
system_wide_balancing_area,2008061708,103.73058892502341
system_wide_balancing_area,2008061710,109.91967915376286
system_wide_balancing_area,2008061712,111.73355619633463
system_wide_balancing_area,2008061714,111.14289167684709
system_wide_balancing_area,2008061716,108.79741656673653
system_wide_balancing_area,2008061718,107.3723041715366
system_wide_balancing_area,2008061720,104.1494237661146
system_wide_balancing_area,2008061722,82.93812390357203
system_wide_balancing_area,2008081800,67.10187116836607
system_wide_balancing_area,2008081802,62.379776818935696
system_wide_balancing_area,2008081804,68.47006498259722
system_wide_balancing_area,2008081806,93.17917273599599
system_wide_balancing_area,2008081808,107.63649230207102
system_wide_balancing_area,2008081810,114.39476834049847
system_wide_balancing_area,2008081812,116.91959067743522
system_wide_balancing_area,2008081814,117.31372500225689
system_wide_balancing_area,2008081816,114.69654421318211
system_wide_balancing_area,2008081818,111.5058818724594
system_wide_balancing_area,2008081820,107.49580675288401
system_wide_balancing_area,2008081822,84.41263733131092
system_wide_balancing_area,2008091000,66.92896755447973
system_wide_balancing_area,2008091002,62.08981423664181
system_wide_balancing_area,2008091004,68.53020537003596
system_wide_balancing_area,2008091006,92.60783905532804
system_wide_balancing_area,2008091008,105.0869694488648
system_wide_balancing_area,2008091010,112.4917546522586
system_wide_balancing_area,2008091012,113.70315388495305
system_wide_balancing_area,2008091014,113.70744962691298
system_wide_balancing_area,2008091016,112.22219684427431
system_wide_balancing_area,2008091018,113.63871775555441
system_wide_balancing_area,2008091020,104.23533860531278
system_wide_balancing_area,2008091022,81.4743498307329
system_wide_balancing_area,2008112200,62.60315540085097
system_wide_balancing_area,2008112202,56.14772917059716
system_wide_balancing_area,2008112204,58.38903253817987
system_wide_balancing_area,2008112206,71.22363557889913
system_wide_balancing_area,2008112208,88.5666198065433
system_wide_balancing_area,2008112210,95.91556036445827
system_wide_balancing_area,2008112212,94.40023738810024
system_wide_balancing_area,2008112214,90.28169478403711
system_wide_balancing_area,2008112216,92.8183304113636
system_wide_balancing_area,2008112218,97.22683559772061
system_wide_balancing_area,2008112220,87.4282481871673
system_wide_balancing_area,2008112222,74.6580812758467
system_wide_balancing_area,2507011200,67.07435635777118
system_wide_balancing_area,2507011202,61.42221507581035
system_wide_balancing_area,2507011204,67.79191756512648
system_wide_balancing_area,2507011206,94.85022411395693
system_wide_balancing_area,2507011208,104.39723591331926
system_wide_balancing_area,2507011210,110.27455781440511
system_wide_balancing_area,2507011212,110.56869326426695
system_wide_balancing_area,2507011214,109.13249343032611
system_wide_balancing_area,2507011216,105.91531960876014
system_wide_balancing_area,2507011218,111.25931899086571
system_wide_balancing_area,2507011220,99.95072675002298
system_wide_balancing_area,2507011222,83.26042545401549
system_wide_balancing_area,2507011900,63.14393100577097
system_wide_balancing_area,2507011902,57.61892519298121
system_wide_balancing_area,2507011904,64.89365983571844
system_wide_balancing_area,2507011906,91.92503090379228
system_wide_balancing_area,2507011908,100.14573963070062
system_wide_balancing_area,2507011910,105.01459713226009
system_wide_balancing_area,2507011912,106.74277757760228
system_wide_balancing_area,2507011914,106.34305504317463
system_wide_balancing_area,2507011916,103.59671342523369
system_wide_balancing_area,2507011918,109.27686760718137
system_wide_balancing_area,2507011920,98.53176562376632
system_wide_balancing_area,2507011922,81.81237400854172
system_wide_balancing_area,2507021200,56.51457048196141
system_wide_balancing_area,2507021202,52.30186129163223
system_wide_balancing_area,2507021204,60.58829259158663
system_wide_balancing_area,2507021206,87.51515399432493
system_wide_balancing_area,2507021208,95.41155953292406
system_wide_balancing_area,2507021210,100.44202991902301
system_wide_balancing_area,2507021212,102.48266194114154
system_wide_balancing_area,2507021214,102.85975867173366
system_wide_balancing_area,2507021216,102.17452004128626
system_wide_balancing_area,2507021218,111.16235126014199
system_wide_balancing_area,2507021220,99.31828166185846
system_wide_balancing_area,2507021222,77.24627131068621
system_wide_balancing_area,2507050200,64.58013083971184
system_wide_balancing_area,2507050202,59.79100236119184
system_wide_balancing_area,2507050204,65.45499525468557
system_wide_balancing_area,2507050206,92.64582436883836
system_wide_balancing_area,2507050208,103.28533926768762
system_wide_balancing_area,2507050210,108.68751928822738
system_wide_balancing_area,2507050212,110.7787900141683
system_wide_balancing_area,2507050214,110.97595773330646
system_wide_balancing_area,2507050216,108.7252289612866
system_wide_balancing_area,2507050218,110.34997716052354
system_wide_balancing_area,2507050220,103.82620372127977
system_wide_balancing_area,2507050222,82.27135460063386
system_wide_balancing_area,2507092200,72.79760730892939
system_wide_balancing_area,2507092202,66.53564674263957
system_wide_balancing_area,2507092204,68.27891105720548
system_wide_balancing_area,2507092206,82.48360618899571
system_wide_balancing_area,2507092208,102.74016513717446
system_wide_balancing_area,2507092210,110.03213848759589
system_wide_balancing_area,2507092212,110.19698362982618
system_wide_balancing_area,2507092214,109.45679661863534
system_wide_balancing_area,2507092216,108.08631935774052
system_wide_balancing_area,2507092218,110.6559642219183
system_wide_balancing_area,2507092220,101.24147498787829
system_wide_balancing_area,2507092222,88.14544424402891
system_wide_balancing_area,2507102700,71.58335583642274
system_wide_balancing_area,2507102702,65.31385333552109
system_wide_balancing_area,2507102704,67.60336919983042
system_wide_balancing_area,2507102706,81.6055095163312
system_wide_balancing_area,2507102708,102.59040386416785
system_wide_balancing_area,2507102710,109.06569343804979
system_wide_balancing_area,2507102712,109.021519249609
system_wide_balancing_area,2507102714,105.59317125891144
system_wide_balancing_area,2507102716,103.75401663285211
system_wide_balancing_area,2507102718,108.8189644343195
system_wide_balancing_area,2507102720,99.84298482699666
system_wide_balancing_area,2507102722,86.30844445643012
system_wide_balancing_area,2507121500,67.96430464196861
system_wide_balancing_area,2507121502,60.96969899909981
system_wide_balancing_area,2507121504,63.594292244021
system_wide_balancing_area,2507121506,77.29260033758754
system_wide_balancing_area,2507121508,95.68091434048984
system_wide_balancing_area,2507121510,101.11110726101646
system_wide_balancing_area,2507121512,99.84513966545717
system_wide_balancing_area,2507121514,96.51160456702279
system_wide_balancing_area,2507121516,98.06201083937157
system_wide_balancing_area,2507121518,104.9499519784443
system_wide_balancing_area,2507121520,96.39955296707542
system_wide_balancing_area,2507121522,82.35647071982466
system_wide_balancing_area,2508022000,62.481698988739055
system_wide_balancing_area,2508022002,57.16437046455053
system_wide_balancing_area,2508022004,64.65696974863435
system_wide_balancing_area,2508022006,90.86316377988335
system_wide_balancing_area,2508022008,101.27738443952614
system_wide_balancing_area,2508022010,107.61744829012638
system_wide_balancing_area,2508022012,109.78600525138002
system_wide_balancing_area,2508022014,110.3175143105108
system_wide_balancing_area,2508022016,109.34737040679207
system_wide_balancing_area,2508022018,114.35810212634513
system_wide_balancing_area,2508022020,101.84917629050688
system_wide_balancing_area,2508022022,78.77944519134971
system_wide_balancing_area,2508041000,60.0043072899694
system_wide_balancing_area,2508041002,56.07337818528205
system_wide_balancing_area,2508041004,65.24666506265947
system_wide_balancing_area,2508041006,91.78631109311053
system_wide_balancing_area,2508041008,101.62873990177262
system_wide_balancing_area,2508041010,106.7122044399436
system_wide_balancing_area,2508041012,105.6905880799722
system_wide_balancing_area,2508041014,107.95537615508952
system_wide_balancing_area,2508041016,107.18328931129952
system_wide_balancing_area,2508041018,113.79190510756581
system_wide_balancing_area,2508041020,104.20236271440595
system_wide_balancing_area,2508041022,80.93009868955896
system_wide_balancing_area,2508061700,69.69679459563459
system_wide_balancing_area,2508061702,63.95202089126087
system_wide_balancing_area,2508061704,70.49685560043147
system_wide_balancing_area,2508061706,92.92318099643029
system_wide_balancing_area,2508061708,107.7830553232871
system_wide_balancing_area,2508061710,114.23165891859404
system_wide_balancing_area,2508061712,116.12159323621914
system_wide_balancing_area,2508061714,115.50616169406767
system_wide_balancing_area,2508061716,113.06233898850627
system_wide_balancing_area,2508061718,111.57747052226087
system_wide_balancing_area,2508061720,108.21945223499449
system_wide_balancing_area,2508061722,86.11874607311582
system_wide_balancing_area,2508081800,69.61846694481531
system_wide_balancing_area,2508081802,64.69837150692454
system_wide_balancing_area,2508081804,71.04403018972612
system_wide_balancing_area,2508081806,96.78921004758168
system_wide_balancing_area,2508081808,111.85273626656861
system_wide_balancing_area,2508081810,118.89439207522149
system_wide_balancing_area,2508081812,121.52508217630884
system_wide_balancing_area,2508081814,121.9357428598899
system_wide_balancing_area,2508081816,119.20882164493885
system_wide_balancing_area,2508081818,115.88437235088075
system_wide_balancing_area,2508081820,111.70615166289254
system_wide_balancing_area,2508081822,87.65508699561389
system_wide_balancing_area,2508091000,69.43831334793099
system_wide_balancing_area,2508091002,64.3962505680502
system_wide_balancing_area,2508091004,71.10669231038155
system_wide_balancing_area,2508091006,96.19391990135519
system_wide_balancing_area,2508091008,109.1963099373549
system_wide_balancing_area,2508091010,116.91158354305354
system_wide_balancing_area,2508091012,118.17377768768414
system_wide_balancing_area,2508091014,118.17825355344524
system_wide_balancing_area,2508091016,116.63072296654441
system_wide_balancing_area,2508091018,118.1066397012676
system_wide_balancing_area,2508091020,108.30896955021655
system_wide_balancing_area,2508091022,84.5935948150205
system_wide_balancing_area,2508112200,64.93111652650182
system_wide_balancing_area,2508112202,58.20500925400661
system_wide_balancing_area,2508112204,60.540292214861296
system_wide_balancing_area,2508112206,73.91306014259214
system_wide_balancing_area,2508112208,91.98324918659898
system_wide_balancing_area,2508112210,99.6403365374033
system_wide_balancing_area,2508112212,98.06147489017476
system_wide_balancing_area,2508112214,93.77023859171875
system_wide_balancing_area,2508112216,96.41323732364916
system_wide_balancing_area,2508112218,101.00659456097952
system_wide_balancing_area,2508112220,90.7971447599071
system_wide_balancing_area,2508112222,77.49151481859276
system_wide_balancing_area,3007011200,69.08637268679324
system_wide_balancing_area,3007011202,63.37295866753388
system_wide_balancing_area,3007011204,69.81171270525049
system_wide_balancing_area,3007011206,97.16334817602439
system_wide_balancing_area,3007011208,106.8138555387116
system_wide_balancing_area,3007011210,112.7548912754748
system_wide_balancing_area,3007011212,113.05221533709467
system_wide_balancing_area,3007011214,111.60044620105337
system_wide_balancing_area,3007011216,108.34839620839068
system_wide_balancing_area,3007011218,113.75032787738162
system_wide_balancing_area,3007011220,102.31914344235564
system_wide_balancing_area,3007011222,85.44790886890027
system_wide_balancing_area,3007011900,65.11333907218055
system_wide_balancing_area,3007011902,59.52843874988508
system_wide_balancing_area,3007011904,66.88203605412437
system_wide_balancing_area,3007011906,94.20644404672792
system_wide_balancing_area,3007011908,102.51627038430873
system_wide_balancing_area,3007011910,107.43790933837528
system_wide_balancing_area,3007011912,109.18482433778281
system_wide_balancing_area,3007011914,108.7807685617353
system_wide_balancing_area,3007011916,106.00465488748976
system_wide_balancing_area,3007011918,111.74638548404626
system_wide_balancing_area,3007011920,100.88479989234332
system_wide_balancing_area,3007011922,83.98415964246402
system_wide_balancing_area,3007021200,58.41211214490209
system_wide_balancing_area,3007021202,54.153734559064475
system_wide_balancing_area,3007021204,62.52999594338087
system_wide_balancing_area,3007021206,89.74876132068358
system_wide_balancing_area,3007021208,97.73076882109376
system_wide_balancing_area,3007021210,102.81577264418223
system_wide_balancing_area,3007021212,104.87852639036544
system_wide_balancing_area,3007021214,105.2597110847499
system_wide_balancing_area,3007021216,104.56704404009704
system_wide_balancing_area,3007021218,113.65230895596846
system_wide_balancing_area,3007021220,101.67984225491658
system_wide_balancing_area,3007021222,79.36855754303184
system_wide_balancing_area,3007050200,66.56510820822187
system_wide_balancing_area,3007050202,61.724062589539464
system_wide_balancing_area,3007050204,67.44945669919377
system_wide_balancing_area,3007050206,94.93505136256562
system_wide_balancing_area,3007050208,105.68990523984093
system_wide_balancing_area,3007050210,111.1506482616797
system_wide_balancing_area,3007050212,113.26458966682316
system_wide_balancing_area,3007050214,113.46389480702987
system_wide_balancing_area,3007050216,111.18876673111818
system_wide_balancing_area,3007050218,112.83112821435171
system_wide_balancing_area,3007050220,106.23663300150088
system_wide_balancing_area,3007050222,84.44811587048623
system_wide_balancing_area,3007092200,74.87166724842226
system_wide_balancing_area,3007092202,68.54182312338689
system_wide_balancing_area,3007092204,70.30398551056985
system_wide_balancing_area,3007092206,84.66266839846833
system_wide_balancing_area,3007092208,105.13882108167371
system_wide_balancing_area,3007092210,112.50984397194196
system_wide_balancing_area,3007092212,112.67647613834431
system_wide_balancing_area,3007092214,111.92826503822398
system_wide_balancing_area,3007092216,110.54293094891825
system_wide_balancing_area,3007092218,113.14043236636651
system_wide_balancing_area,3007092220,103.62388419627723
system_wide_balancing_area,3007092222,90.38588430986901
system_wide_balancing_area,3007102700,73.64425253250435
system_wide_balancing_area,3007102702,67.30678471358131
system_wide_balancing_area,3007102704,69.62112035805828
system_wide_balancing_area,3007102706,83.77505261011599
system_wide_balancing_area,3007102708,104.9874363030467
system_wide_balancing_area,3007102710,111.532922055191
system_wide_balancing_area,3007102712,111.48826899099168
system_wide_balancing_area,3007102714,108.0227555694737
system_wide_balancing_area,3007102716,106.16366336000442
system_wide_balancing_area,3007102718,111.28351835515087
system_wide_balancing_area,3007102720,102.21023352967437
system_wide_balancing_area,3007102722,88.52897029865336
system_wide_balancing_area,3007121500,69.98596856554052
system_wide_balancing_area,3007121502,62.91553703427255
system_wide_balancing_area,3007121504,65.56858250718827
system_wide_balancing_area,3007121506,79.4153888054848
system_wide_balancing_area,3007121508,98.00304360279695
system_wide_balancing_area,3007121510,103.4921032019329
system_wide_balancing_area,3007121512,102.21241172792799
system_wide_balancing_area,3007121514,98.84273902956953
system_wide_balancing_area,3007121516,100.409952673053
system_wide_balancing_area,3007121518,107.37256339076652
system_wide_balancing_area,3007121520,98.72947272038103
system_wide_balancing_area,3007121522,84.53415470150443
system_wide_balancing_area,3008022000,64.44392804698408
system_wide_balancing_area,3008022002,59.06895636464726
system_wide_balancing_area,3008022004,66.64278009884916
system_wide_balancing_area,3008022006,93.13306562080378
system_wide_balancing_area,3008022008,103.66018292878124
system_wide_balancing_area,3008022010,110.06897702644967
system_wide_balancing_area,3008022012,112.26104249790774
system_wide_balancing_area,3008022014,112.79831344679451
system_wide_balancing_area,3008022016,111.81765257798432
system_wide_balancing_area,3008022018,116.88270375506855
system_wide_balancing_area,3008022020,104.23817336010995
system_wide_balancing_area,3008022022,80.9183519849546
system_wide_balancing_area,3008041000,61.93967987680443
system_wide_balancing_area,3008041002,57.966137048511236
system_wide_balancing_area,3008041004,67.23886807792985
system_wide_balancing_area,3008041006,94.06622042676503
system_wide_balancing_area,3008041008,104.01534730341376
system_wide_balancing_area,3008041010,109.15391976824037
system_wide_balancing_area,3008041012,108.12122844964327
system_wide_balancing_area,3008041014,110.41056824026822
system_wide_balancing_area,3008041016,109.63011149346426
system_wide_balancing_area,3008041018,116.31036880741233
system_wide_balancing_area,3008041020,106.61686979276027
system_wide_balancing_area,3008041022,83.09231990866068
system_wide_balancing_area,3008061700,71.73723979103035
system_wide_balancing_area,3008061702,65.93018915611509
system_wide_balancing_area,3008061704,72.54597395619676
system_wide_balancing_area,3008061706,95.21541470901548
system_wide_balancing_area,3008061708,110.23637934315543
system_wide_balancing_area,3008061710,116.75488982407023
system_wide_balancing_area,3008061712,118.6653122086382
system_wide_balancing_area,3008061714,118.04320900466404
system_wide_balancing_area,3008061716,115.57289373651932
system_wide_balancing_area,3008061718,114.07192836983982
system_wide_balancing_area,3008061720,110.67750706960986
system_wide_balancing_area,3008061722,88.33721546653018
system_wide_balancing_area,3008081800,71.65806301961544
system_wide_balancing_area,3008081802,66.6846306780256
system_wide_balancing_area,3008081804,73.09908025936652
system_wide_balancing_area,3008081806,99.12335392670778
system_wide_balancing_area,3008081808,114.35017816652645
system_wide_balancing_area,3008081810,121.46816991672546
system_wide_balancing_area,3008081812,124.1273783395314
system_wide_balancing_area,3008081814,124.54249084109233
system_wide_balancing_area,3008081816,121.78600809911953
system_wide_balancing_area,3008081818,118.4255197009245
system_wide_balancing_area,3008081820,114.20200449430716
system_wide_balancing_area,3008081822,89.89021128299662
system_wide_balancing_area,3008091000,71.47595644536119
system_wide_balancing_area,3008091002,66.379234559711
system_wide_balancing_area,3008091004,73.16242167649845
system_wide_balancing_area,3008091006,98.52161046395459
system_wide_balancing_area,3008091008,111.66495451882705
system_wide_balancing_area,3008091010,119.46386650319413
system_wide_balancing_area,3008091012,120.7397436197084
system_wide_balancing_area,3008091014,120.7442680066464
system_wide_balancing_area,3008091016,119.179961222835
system_wide_balancing_area,3008091018,120.67187781563848
system_wide_balancing_area,3008091020,110.76799480836972
system_wide_balancing_area,3008091022,86.79553061740874
system_wide_balancing_area,3008112200,66.91989879880127
system_wide_balancing_area,3008112202,60.120876327730855
system_wide_balancing_area,3008112204,62.4814752126292
system_wide_balancing_area,3008112206,75.99921228662065
system_wide_balancing_area,3008112208,94.26529345203676
system_wide_balancing_area,3008112210,102.00538840620993
system_wide_balancing_area,3008112212,100.40941091383257
system_wide_balancing_area,3008112214,96.07165493703086
system_wide_balancing_area,3008112216,98.7433054239163
system_wide_balancing_area,3008112218,103.38645751903258
system_wide_balancing_area,3008112220,93.06633091346835
system_wide_balancing_area,3008112222,79.61645964354682
system_wide_balancing_area,3507011200,69.61831200477558
system_wide_balancing_area,3507011202,63.65925143439654
system_wide_balancing_area,3507011204,70.37483780345504
system_wide_balancing_area,3507011206,98.90244877648198
system_wide_balancing_area,3507011208,108.96787685771122
system_wide_balancing_area,3507011210,115.16434567422239
system_wide_balancing_area,3507011212,115.47445309620362
system_wide_balancing_area,3507011214,113.96026557422206
system_wide_balancing_area,3507011216,110.56839465101358
system_wide_balancing_area,3507011218,116.20258077931703
system_wide_balancing_area,3507011220,104.27991594006838
system_wide_balancing_area,3507011222,86.6833076107238
system_wide_balancing_area,3507011900,65.47445898137818
system_wide_balancing_area,3507011902,59.64943751647088
system_wide_balancing_area,3507011904,67.31920056854851
system_wide_balancing_area,3507011906,95.81841342600939
system_wide_balancing_area,3507011908,104.48551829676656
system_wide_balancing_area,3507011910,109.618761666485
system_wide_balancing_area,3507011912,111.44078476120247
system_wide_balancing_area,3507011914,111.01935672620235
system_wide_balancing_area,3507011916,108.12388486308834
system_wide_balancing_area,3507011918,114.11247947365605
system_wide_balancing_area,3507011920,102.7839032120491
system_wide_balancing_area,3507011922,85.15662491789317
system_wide_balancing_area,3507021200,58.48511477826301
system_wide_balancing_area,3507021202,54.04364950373345
system_wide_balancing_area,3507021204,62.780045776471766
system_wide_balancing_area,3507021206,91.16907394553638
system_wide_balancing_area,3507021208,99.49426550487836
system_wide_balancing_area,3507021210,104.79789756799306
system_wide_balancing_area,3507021212,106.94933880327667
system_wide_balancing_area,3507021214,107.34691242120132
system_wide_balancing_area,3507021216,106.62446436120113
system_wide_balancing_area,3507021218,116.10034756327926
system_wide_balancing_area,3507021220,103.61312818657763
system_wide_balancing_area,3507021222,80.3425763671371
system_wide_balancing_area,3507050200,66.98864650335975
system_wide_balancing_area,3507050202,61.93946155571681
system_wide_balancing_area,3507050204,67.9110172969449
system_wide_balancing_area,3507050206,96.57834699855678
system_wide_balancing_area,3507050208,107.79560264714485
system_wide_balancing_area,3507050210,113.49112870507098
system_wide_balancing_area,3507050212,115.69595839761878
system_wide_balancing_area,3507050214,115.90383260356221
system_wide_balancing_area,3507050216,113.53088606686345
system_wide_balancing_area,3507050218,115.24386039780732
system_wide_balancing_area,3507050220,108.36583680771105
system_wide_balancing_area,3507050222,85.6405288071386
system_wide_balancing_area,3507092200,75.65234360024898
system_wide_balancing_area,3507092202,69.05034969345466
system_wide_balancing_area,3507092204,70.88827573288916
system_wide_balancing_area,3507092206,85.86430595779903
system_wide_balancing_area,3507092208,107.2208247880881
system_wide_balancing_area,3507092210,114.90876263412798
system_wide_balancing_area,3507092212,115.08255910139219
system_wide_balancing_area,3507092214,114.30217888563726
system_wide_balancing_area,3507092216,112.85728276563685
system_wide_balancing_area,3507092218,115.56646299063762
system_wide_balancing_area,3507092220,105.6407536379933
system_wide_balancing_area,3507092222,91.83358984978186
system_wide_balancing_area,3507102700,74.37215655053164
system_wide_balancing_area,3507102702,67.76221117137884
system_wide_balancing_area,3507102704,70.17605099449271
system_wide_balancing_area,3507102706,84.93852739034594
system_wide_balancing_area,3507102708,107.06293126554085
system_wide_balancing_area,3507102710,113.88983824761829
system_wide_balancing_area,3507102712,113.84326533808995
system_wide_balancing_area,3507102714,110.22875318884367
system_wide_balancing_area,3507102716,108.28972985799403
system_wide_balancing_area,3507102718,113.62971150903327
system_wide_balancing_area,3507102720,104.1663234778042
system_wide_balancing_area,3507102722,89.89683836817753
system_wide_balancing_area,3507121500,70.55658574307773
system_wide_balancing_area,3507121502,63.182163092886974
system_wide_balancing_area,3507121504,65.94927547364247
system_wide_balancing_area,3507121506,80.39142112591071
system_wide_balancing_area,3507121508,99.7782466605388
system_wide_balancing_area,3507121510,105.50330675865362
system_wide_balancing_area,3507121512,104.16859532704949
system_wide_balancing_area,3507121514,100.65404454459568
system_wide_balancing_area,3507121516,102.28864007657727
system_wide_balancing_area,3507121518,109.55060618912648
system_wide_balancing_area,3507121520,100.53590838384092
system_wide_balancing_area,3507121522,85.7302668523273
system_wide_balancing_area,3508022000,64.77626682653373
system_wide_balancing_area,3508022002,59.170199821561226
system_wide_balancing_area,3508022004,67.06965787402247
system_wide_balancing_area,3508022006,94.69888541115547
system_wide_balancing_area,3508022008,105.67861302379836
system_wide_balancing_area,3508022010,112.36295133402024
system_wide_balancing_area,3508022012,114.64926401407843
system_wide_balancing_area,3508022014,115.20963476899468
system_wide_balancing_area,3508022016,114.18681067528439
system_wide_balancing_area,3508022018,119.46963223426313
system_wide_balancing_area,3508022020,106.28145398329774
system_wide_balancing_area,3508022022,81.95900376412305
system_wide_balancing_area,3508041000,62.164349244671534
system_wide_balancing_area,3508041002,58.01996511410158
system_wide_balancing_area,3508041004,67.69137448000322
system_wide_balancing_area,3508041006,95.67216093285208
system_wide_balancing_area,3508041008,106.04904758599562
system_wide_balancing_area,3508041010,111.408551458805
system_wide_balancing_area,3508041012,110.33145988146073
system_wide_balancing_area,3508041014,112.71922916135644
system_wide_balancing_area,3508041016,111.90521690684653
system_wide_balancing_area,3508041018,118.8726899142892
system_wide_balancing_area,3508041020,108.76242176769527
system_wide_balancing_area,3508041022,84.2264407976999
system_wide_balancing_area,3508061700,72.38315235853344
system_wide_balancing_area,3508061702,66.32642929381778
system_wide_balancing_area,3508061704,73.22665781067052
system_wide_balancing_area,3508061706,96.87076448442026
system_wide_balancing_area,3508061708,112.53755106397305
system_wide_balancing_area,3508061710,119.33632298098833
system_wide_balancing_area,3508061712,121.32888341267994
system_wide_balancing_area,3508061714,120.6800330648822
system_wide_balancing_area,3508061716,118.1035073201726
system_wide_balancing_area,3508061718,116.5380083901224
system_wide_balancing_area,3508061720,112.99764494695692
system_wide_balancing_area,3508061722,89.69683909358741
system_wide_balancing_area,3508081800,72.30057140517737
system_wide_balancing_area,3508081802,67.11330780651069
system_wide_balancing_area,3508081804,73.80354475625795
system_wide_balancing_area,3508081806,100.9467243964952
system_wide_balancing_area,3508081808,116.82822145477378
system_wide_balancing_area,3508081810,124.25224916148505
system_wide_balancing_area,3508081812,127.02578946634412
system_wide_balancing_area,3508081814,127.45874960751097
system_wide_balancing_area,3508081816,124.58375270281442
system_wide_balancing_area,3508081818,121.07878109680153
system_wide_balancing_area,3508081820,116.67367709920741
system_wide_balancing_area,3508081822,91.31660550727159
system_wide_balancing_area,3508091000,72.11063521245839
system_wide_balancing_area,3508091002,66.79478127213724
system_wide_balancing_area,3508091004,73.86960951894282
system_wide_balancing_area,3508091006,100.319109150989
system_wide_balancing_area,3508091008,114.02754740809769
system_wide_balancing_area,3508091010,122.16177131367122
system_wide_balancing_area,3508091012,123.49250439060914
system_wide_balancing_area,3508091014,123.49722330222949
system_wide_balancing_area,3508091016,121.86565960949446
system_wide_balancing_area,3508091018,123.42172071630392
system_wide_balancing_area,3508091020,113.09202317936386
system_wide_balancing_area,3508091022,88.08886995895409
system_wide_balancing_area,3508112200,67.35869121076874
system_wide_balancing_area,3508112202,60.26734677329195
system_wide_balancing_area,3508112204,62.729438911208106
system_wide_balancing_area,3508112206,76.82836710490052
system_wide_balancing_area,3508112208,95.87979304414735
system_wide_balancing_area,3508112210,103.95267109865638
system_wide_balancing_area,3508112212,102.2880750245789
system_wide_balancing_area,3508112214,97.76381850857099
system_wide_balancing_area,3508112216,100.55033582038602
system_wide_balancing_area,3508112218,105.39311887076735
system_wide_balancing_area,3508112220,94.62928146475534
system_wide_balancing_area,3508112222,80.60113694536813
system_wide_balancing_area,4007011200,70.92334455883152
system_wide_balancing_area,4007011202,64.69846609525644
system_wide_balancing_area,4007011204,71.7136169676651
system_wide_balancing_area,4007011206,101.51376903290041
system_wide_balancing_area,4007011208,112.02818917505418
system_wide_balancing_area,4007011210,118.50106603719715
system_wide_balancing_area,4007011212,118.82500652910642
system_wide_balancing_area,4007011214,117.24327511623079
system_wide_balancing_area,4007011216,113.70010182377271
system_wide_balancing_area,4007011218,119.58561405772855
system_wide_balancing_area,4007011220,107.13111074974456
system_wide_balancing_area,4007011222,88.74956437550867
system_wide_balancing_area,4007011900,66.59464523837367
system_wide_balancing_area,4007011902,60.509785009396744
system_wide_balancing_area,4007011904,68.52167585691083
system_wide_balancing_area,4007011906,98.29216304193466
system_wide_balancing_area,4007011908,107.34588448247563
system_wide_balancing_area,4007011910,112.7081082295011
system_wide_balancing_area,4007011912,114.61140694386907
system_wide_balancing_area,4007011914,114.17118012153085
system_wide_balancing_area,4007011916,111.14654893516925
system_wide_balancing_area,4007011918,117.40227887416427
system_wide_balancing_area,4007011920,105.56836486020427
system_wide_balancing_area,4007011922,87.15478041533999
system_wide_balancing_area,4007021200,59.29352492072643
system_wide_balancing_area,4007021202,54.65393765565236
system_wide_balancing_area,4007021204,63.78004140390931
system_wide_balancing_area,4007021206,93.43542885371262
system_wide_balancing_area,4007021208,102.13198513650747
system_wide_balancing_area,4007021210,107.67219816480178
system_wide_balancing_area,4007021212,109.91960948962283
system_wide_balancing_area,4007021214,110.33491781258343
system_wide_balancing_area,4007021216,109.58024326000361
system_wide_balancing_area,4007021218,119.47882048896723
system_wide_balancing_area,4007021220,106.43457936237922
system_wide_balancing_area,4007021222,82.12598992189142
system_wide_balancing_area,4007050200,68.1763766512493
system_wide_balancing_area,4007050202,62.901960949649755
system_wide_balancing_area,4007050204,69.13989196051789
system_wide_balancing_area,4007050206,99.08599523639361
system_wide_balancing_area,4007050208,110.80362291992468
system_wide_balancing_area,4007050210,116.75321129513728
system_wide_balancing_area,4007050212,119.05639259475589
system_wide_balancing_area,4007050214,119.27353951790386
system_wide_balancing_area,4007050216,116.79474212743335
system_wide_balancing_area,4007050218,118.58412770178927
system_wide_balancing_area,4007050220,111.399293714571
system_wide_balancing_area,4007050222,87.66026997414346
system_wide_balancing_area,4007092200,77.22653830616488
system_wide_balancing_area,4007092202,70.3300469546021
system_wide_balancing_area,4007092204,72.2499580018885
system_wide_balancing_area,4007092206,87.89402923020985
system_wide_balancing_area,4007092208,110.2032057444445
system_wide_balancing_area,4007092210,118.23408211529392
system_wide_balancing_area,4007092212,118.41563118218815
system_wide_balancing_area,4007092214,117.6004402739769
system_wide_balancing_area,4007092216,116.09109116881726
system_wide_balancing_area,4007092218,118.9211207409916
system_wide_balancing_area,4007092220,108.55265180947825
system_wide_balancing_area,4007092222,94.12958705066106
system_wide_balancing_area,4007102700,75.88924550623176
system_wide_balancing_area,4007102702,68.98444798820977
system_wide_balancing_area,4007102704,71.5059628061848
system_wide_balancing_area,4007102706,86.9269541353159
system_wide_balancing_area,4007102708,110.03826901046871
system_wide_balancing_area,4007102710,117.16970621330637
system_wide_balancing_area,4007102712,117.12105580975954
system_wide_balancing_area,4007102714,113.34530985644352
system_wide_balancing_area,4007102716,111.31979183560425
system_wide_balancing_area,4007102718,116.89797591056924
system_wide_balancing_area,4007102720,107.01245122889867
system_wide_balancing_area,4007102722,92.10644222023873
system_wide_balancing_area,4007121500,71.90347220101852
system_wide_balancing_area,4007121502,64.20009610770374
system_wide_balancing_area,4007121504,67.09064203550948
system_wide_balancing_area,4007121506,82.17701351585515
system_wide_balancing_area,4007121508,102.42863393862217
system_wide_balancing_area,4007121510,108.40907378925472
system_wide_balancing_area,4007121512,107.01482441931557
system_wide_balancing_area,4007121514,103.34349884434394
system_wide_balancing_area,4007121516,105.0510093493162
system_wide_balancing_area,4007121518,112.63691251699359
system_wide_balancing_area,4007121520,103.22009294266422
system_wide_balancing_area,4007121522,87.75401099561171
system_wide_balancing_area,4008022000,65.86530858257058
system_wide_balancing_area,4008022002,60.009169791487196
system_wide_balancing_area,4008022004,68.26100172437741
system_wide_balancing_area,4008022006,97.12269585046596
system_wide_balancing_area,4008022008,108.5922000021101
system_wide_balancing_area,4008022010,115.57470892262324
system_wide_balancing_area,4008022012,117.96300794979487
system_wide_balancing_area,4008022014,118.54837535841537
system_wide_balancing_area,4008022016,117.47992579362804
system_wide_balancing_area,4008022018,122.99840001637034
system_wide_balancing_area,4008022020,109.22193209854184
system_wide_balancing_area,4008022022,83.81452185953384
system_wide_balancing_area,4008041000,63.13688028217946
system_wide_balancing_area,4008041002,58.80762616326618
system_wide_balancing_area,4008041004,68.91045145983637
system_wide_balancing_area,4008041006,98.13938661280682
system_wide_balancing_area,4008041008,108.97915866801924
system_wide_balancing_area,4008041010,114.5777357993096
system_wide_balancing_area,4008041012,113.45259802231904
system_wide_balancing_area,4008041014,115.94687935926197
system_wide_balancing_area,4008041016,115.09655617621323
system_wide_balancing_area,4008041018,122.3748296821346
system_wide_balancing_area,4008041020,111.81356927818163
system_wide_balancing_area,4008041022,86.18310324767825
system_wide_balancing_area,4008061700,73.81151711053893
system_wide_balancing_area,4008061702,67.48461968768075
system_wide_balancing_area,4008061704,74.69264910456768
system_wide_balancing_area,4008061706,99.39145669103507
system_wide_balancing_area,4008061708,115.75709708362497
system_wide_balancing_area,4008061710,122.85914419074064
system_wide_balancing_area,4008061712,124.94058746055121
system_wide_balancing_area,4008061714,124.26279361899063
system_wide_balancing_area,4008061716,121.57133589177552
system_wide_balancing_area,4008061718,119.93600420495575
system_wide_balancing_area,4008061720,116.23771453491341
system_wide_balancing_area,4008061722,91.8975215082535
system_wide_balancing_area,4008081800,73.72525243979486
system_wide_balancing_area,4008081802,68.30659876462786
system_wide_balancing_area,4008081804,75.29526944733699
system_wide_balancing_area,4008081806,103.6492343684747
system_wide_balancing_area,4008081808,120.2391629049992
system_wide_balancing_area,4008081810,127.9943568048914
system_wide_balancing_area,4008081812,130.89161738945307
system_wide_balancing_area,4008081814,131.34389073463984
system_wide_balancing_area,4008081816,128.3406478403069
system_wide_balancing_area,4008081818,124.67932874344058
system_wide_balancing_area,4008081820,120.07772473546386
system_wide_balancing_area,4008081822,93.58954140727654
system_wide_balancing_area,4008091000,73.52684369708349
system_wide_balancing_area,4008091002,67.97386360604357
system_wide_balancing_area,4008091004,75.36428118393225
system_wide_balancing_area,4008091006,102.99362287081975
system_wide_balancing_area,4008091008,117.31355821433593
system_wide_balancing_area,4008091010,125.81062828262714
system_wide_balancing_area,4008091012,127.20072183404591
system_wide_balancing_area,4008091014,127.20565124380272
system_wide_balancing_area,4008091016,125.5013078203877
system_wide_balancing_area,4008091018,127.12678068769385
system_wide_balancing_area,4008091020,116.33630273004947
system_wide_balancing_area,4008091022,90.21782513362248
system_wide_balancing_area,4008112200,68.56292807198166
system_wide_balancing_area,4008112202,61.15525755994417
system_wide_balancing_area,4008112204,63.72717710055676
system_wide_balancing_area,4008112206,78.45502110144848
system_wide_balancing_area,4008112208,98.35628064210619
system_wide_balancing_area,4008112210,106.78926838355898
system_wide_balancing_area,4008112212,105.0504190918463
system_wide_balancing_area,4008112214,100.32434748751028
system_wide_balancing_area,4008112216,103.23516394890315
system_wide_balancing_area,4008112218,108.29397071182343
system_wide_balancing_area,4008112220,97.04998705655308
system_wide_balancing_area,4008112222,82.39608420201343
system_wide_balancing_area,4507011200,71.87714769091346
system_wide_balancing_area,4507011202,65.36726962595355
system_wide_balancing_area,4507011204,72.70360190198157
system_wide_balancing_area,4507011206,103.86812300823453
system_wide_balancing_area,4507011208,114.86393496660465
system_wide_balancing_area,4507011210,121.63316577948231
system_wide_balancing_area,4507011212,121.97193755068591
system_wide_balancing_area,4507011214,120.31778820631085
system_wide_balancing_area,4507011216,116.61239440113164
system_wide_balancing_area,4507011218,122.767368705783
system_wide_balancing_area,4507011220,109.74264888690783
system_wide_balancing_area,4507011222,90.51952248502185
system_wide_balancing_area,4507011900,67.35026336362148
system_wide_balancing_area,4507011902,60.98681412284482
system_wide_balancing_area,4507011904,69.36552107949926
system_wide_balancing_area,4507011906,100.49901912978119
system_wide_balancing_area,4507011908,109.96725581213805
system_wide_balancing_area,4507011910,115.57498340946054
system_wide_balancing_area,4507011912,117.56542268056151
system_wide_balancing_area,4507011914,117.10504052995148
system_wide_balancing_area,4507011916,113.94192974314576
system_wide_balancing_area,4507011918,120.48407178631554
system_wide_balancing_area,4507011920,108.10835429835423
system_wide_balancing_area,4507011922,88.85172299601953
system_wide_balancing_area,4507021200,59.71486882803279
system_wide_balancing_area,4507021202,54.86286287416447
system_wide_balancing_area,4507021204,64.40679581309062
system_wide_balancing_area,4507021206,95.41992440620498
system_wide_balancing_area,4507021208,104.51464349467068
system_wide_balancing_area,4507021210,110.30850942781933
system_wide_balancing_area,4507021212,112.65881614818419
system_wide_balancing_area,4507021214,113.09313893177853
system_wide_balancing_area,4507021216,112.30391238787566
system_wide_balancing_area,4507021218,122.6556857042873
system_wide_balancing_area,4507021220,109.01422753270816
system_wide_balancing_area,4507021222,83.59269454781136
system_wide_balancing_area,4507050200,69.00441270799654
system_wide_balancing_area,4507050202,63.48851335634827
system_wide_balancing_area,4507050204,70.01204156593543
system_wide_balancing_area,4507050206,101.32919610756583
system_wide_balancing_area,4507050208,113.58330321612073
system_wide_balancing_area,4507050210,119.80528732166952
system_wide_balancing_area,4507050212,122.21391738725991
system_wide_balancing_area,4507050214,122.4410061569678
system_wide_balancing_area,4507050216,119.84871960002896
system_wide_balancing_area,4507050218,121.72003033620118
system_wide_balancing_area,4507050220,114.20624618001892
system_wide_balancing_area,4507050222,89.38035586976582
system_wide_balancing_area,4507092200,78.46892662363688
system_wide_balancing_area,4507092202,71.25668657149296
system_wide_balancing_area,4507092204,73.26449875393772
system_wide_balancing_area,4507092206,89.6248175508175
system_wide_balancing_area,4507092208,112.95539656326719
system_wide_balancing_area,4507092210,121.35395827574308
system_wide_balancing_area,4507092212,121.54381937828578
system_wide_balancing_area,4507092214,120.69130580020199
system_wide_balancing_area,4507092216,119.11285271239625
system_wide_balancing_area,4507092218,122.07245225203206
system_wide_balancing_area,4507092220,111.22927372903935
system_wide_balancing_area,4507092222,96.14586391592695
system_wide_balancing_area,4507102700,77.07040726046307
system_wide_balancing_area,4507102702,69.84948075264725
system_wide_balancing_area,4507102704,72.4864405101844
system_wide_balancing_area,4507102706,88.61346592616208
system_wide_balancing_area,4507102708,112.78290837206828
system_wide_balancing_area,4507102710,120.24085102750274
system_wide_balancing_area,4507102712,120.18997321571024
system_wide_balancing_area,4507102714,116.24135865171819
system_wide_balancing_area,4507102716,114.12310439001656
system_wide_balancing_area,4507102718,119.95667983480813
system_wide_balancing_area,4507102720,109.61855666302372
system_wide_balancing_area,4507102722,94.03009149870304
system_wide_balancing_area,4507121500,72.90214946019613
system_wide_balancing_area,4507121502,64.84608228564035
system_wide_balancing_area,4507121504,67.86896885945703
system_wide_balancing_area,4507121506,83.64605420408154
system_wide_balancing_area,4507121508,104.82487405438093
system_wide_balancing_area,4507121510,111.0791221381396
system_wide_balancing_area,4507121512,109.62103850750141
system_wide_balancing_area,4507121514,105.78162510052735
system_wide_balancing_area,4507121516,107.56731220221955
system_wide_balancing_area,4507121518,115.50052807513009
system_wide_balancing_area,4507121520,105.6525691876879
system_wide_balancing_area,4507121522,89.47838872663425
system_wide_balancing_area,4508022000,66.58753478580807
system_wide_balancing_area,4508022002,60.46327875663257
system_wide_balancing_area,4508022004,69.092912252289
system_wide_balancing_area,4508022006,99.2760090964158
system_wide_balancing_area,4508022008,111.27063259463478
system_wide_balancing_area,4508022010,118.57282844086974
system_wide_balancing_area,4508022012,121.07047326084916
system_wide_balancing_area,4508022014,121.68264110888332
system_wide_balancing_area,4508022016,120.56527368941882
system_wide_balancing_area,4508022018,126.33640552835989
system_wide_balancing_area,4508022020,111.92919632167786
system_wide_balancing_area,4508022022,85.35853416816109
system_wide_balancing_area,4508041000,63.7341882267604
system_wide_balancing_area,4508041002,59.20672370014138
system_wide_balancing_area,4508041004,69.77209637000269
system_wide_balancing_area,4508041006,100.33924799036988
system_wide_balancing_area,4508041008,111.6753077615458
system_wide_balancing_area,4508041010,117.53020993758626
system_wide_balancing_area,4508041012,116.35355889494377
system_wide_balancing_area,4508041014,118.96203831477779
system_wide_balancing_area,4508041016,118.07278396710709
system_wide_balancing_area,4508041018,125.68428567340139
system_wide_balancing_area,4508041020,114.63948892044807
system_wide_balancing_area,4508041022,87.83555859746987
system_wide_balancing_area,4508061700,74.89755222606982
system_wide_balancing_area,4508061702,68.28098436963313
system_wide_balancing_area,4508061704,75.81902593416335
system_wide_balancing_area,4508061706,101.64864279795455
system_wide_balancing_area,4508061708,118.763567054573
system_wide_balancing_area,4508061710,126.19077401924864
system_wide_balancing_area,4508061712,128.36751400941645
system_wide_balancing_area,4508061714,127.65868808011373
system_wide_balancing_area,4508061716,124.84400475357346
system_wide_balancing_area,4508061718,123.13380110232852
system_wide_balancing_area,4508061720,119.26618907716949
system_wide_balancing_area,4508061722,93.81160556870027
system_wide_balancing_area,4508081800,74.80733801688584
system_wide_balancing_area,4508081802,69.1405969057148
system_wide_balancing_area,4508081804,76.44923662403431
system_wide_balancing_area,4508081806,106.10135840839257
system_wide_balancing_area,4508081808,123.45083960888938
system_wide_balancing_area,4508081810,131.56109701452942
system_wide_balancing_area,4508081812,134.59100566869435
system_wide_balancing_area,4508081814,135.0639858797018
system_wide_balancing_area,4508081816,131.92324262568226
system_wide_balancing_area,4508081818,128.09429383303066
system_wide_balancing_area,4508081820,123.28201016027366
system_wide_balancing_area,4508081822,95.58109284312326
system_wide_balancing_area,4508091000,74.59984533576267
system_wide_balancing_area,4508091002,68.79262781314802
system_wide_balancing_area,4508091004,76.52140799138151
system_wide_balancing_area,4508091006,105.4157304185943
system_wide_balancing_area,4508091008,120.39128914313545
system_wide_balancing_area,4508091010,129.27738874775775
system_wide_balancing_area,4508091012,130.7311262900368
system_wide_balancing_area,4508091014,130.73628138770445
system_wide_balancing_area,4508091016,128.95390636911233
system_wide_balancing_area,4508091018,130.65379982502193
system_wide_balancing_area,4508091020,119.3692910305226
system_wide_balancing_area,4508091022,92.05500603844644
system_wide_balancing_area,4508112200,69.40866198443291
system_wide_balancing_area,4508112202,61.66183896436262
system_wide_balancing_area,4508112204,64.35151117246222
system_wide_balancing_area,4508112206,79.75365422900192
system_wide_balancing_area,4508112208,100.56607228774676
system_wide_balancing_area,4508112210,109.38515562268954
system_wide_balancing_area,4508112212,107.56669492042384
system_wide_balancing_area,4508112214,102.62424503155849
system_wide_balancing_area,4508112216,105.66833020430946
system_wide_balancing_area,4508112218,110.95874918574157
system_wide_balancing_area,4508112220,99.19997140581786
system_wide_balancing_area,4508112222,83.87515481429301
