STORAGE_GEN_TPS_1,STORAGE_GEN_TPS_2,ChargeStorage
Oahu_Battery_Bulk,2007011200,0.0
Oahu_Battery_Bulk,2007011202,0.0
Oahu_Battery_Bulk,2007011204,0.0
Oahu_Battery_Bulk,2007011206,0.0
Oahu_Battery_Bulk,2007011208,0.0
Oahu_Battery_Bulk,2007011210,0.7362358983538891
Oahu_Battery_Bulk,2007011212,0.0
Oahu_Battery_Bulk,2007011214,0.0
Oahu_Battery_Bulk,2007011216,0.0
Oahu_Battery_Bulk,2007011218,0.0
Oahu_Battery_Bulk,2007011220,0.0
Oahu_Battery_Bulk,2007011222,0.0
Oahu_Battery_Bulk,2007011900,0.0
Oahu_Battery_Bulk,2007011902,0.0
Oahu_Battery_Bulk,2007011904,0.0
Oahu_Battery_Bulk,2007011906,0.0
Oahu_Battery_Bulk,2007011908,0.0
Oahu_Battery_Bulk,2007011910,0.7362358983538891
Oahu_Battery_Bulk,2007011912,0.0
Oahu_Battery_Bulk,2007011914,0.0
Oahu_Battery_Bulk,2007011916,0.0
Oahu_Battery_Bulk,2007011918,0.0
Oahu_Battery_Bulk,2007011920,0.0
Oahu_Battery_Bulk,2007011922,0.0
Oahu_Battery_Bulk,2007021200,0.0
Oahu_Battery_Bulk,2007021202,0.0
Oahu_Battery_Bulk,2007021204,0.0
Oahu_Battery_Bulk,2007021206,0.0
Oahu_Battery_Bulk,2007021208,0.0
Oahu_Battery_Bulk,2007021210,0.0
Oahu_Battery_Bulk,2007021212,0.7362358983538891
Oahu_Battery_Bulk,2007021214,0.0
Oahu_Battery_Bulk,2007021216,0.0
Oahu_Battery_Bulk,2007021218,0.0
Oahu_Battery_Bulk,2007021220,0.0
Oahu_Battery_Bulk,2007021222,0.0
Oahu_Battery_Bulk,2007050200,0.0
Oahu_Battery_Bulk,2007050202,0.7362358983538891
Oahu_Battery_Bulk,2007050204,0.0
Oahu_Battery_Bulk,2007050206,0.0
Oahu_Battery_Bulk,2007050208,0.0
Oahu_Battery_Bulk,2007050210,0.0
Oahu_Battery_Bulk,2007050212,0.0
Oahu_Battery_Bulk,2007050214,0.7362358983538891
Oahu_Battery_Bulk,2007050216,0.0
Oahu_Battery_Bulk,2007050218,0.0
Oahu_Battery_Bulk,2007050220,0.0
Oahu_Battery_Bulk,2007050222,0.0
Oahu_Battery_Bulk,2007092200,0.0
Oahu_Battery_Bulk,2007092202,0.0
Oahu_Battery_Bulk,2007092204,0.0
Oahu_Battery_Bulk,2007092206,0.0
Oahu_Battery_Bulk,2007092208,0.0
Oahu_Battery_Bulk,2007092210,0.7362358983538891
Oahu_Battery_Bulk,2007092212,0.0
Oahu_Battery_Bulk,2007092214,0.0
Oahu_Battery_Bulk,2007092216,0.0
Oahu_Battery_Bulk,2007092218,0.0
Oahu_Battery_Bulk,2007092220,0.0
Oahu_Battery_Bulk,2007092222,0.0
Oahu_Battery_Bulk,2007102700,0.0
Oahu_Battery_Bulk,2007102702,0.0
Oahu_Battery_Bulk,2007102704,0.0
Oahu_Battery_Bulk,2007102706,0.0
Oahu_Battery_Bulk,2007102708,0.0
Oahu_Battery_Bulk,2007102710,0.0
Oahu_Battery_Bulk,2007102712,0.2362115907436877
Oahu_Battery_Bulk,2007102714,0.5000243076102016
Oahu_Battery_Bulk,2007102716,0.0
Oahu_Battery_Bulk,2007102718,0.0
Oahu_Battery_Bulk,2007102720,0.0
Oahu_Battery_Bulk,2007102722,0.0
Oahu_Battery_Bulk,2007121500,0.0
Oahu_Battery_Bulk,2007121502,0.0
Oahu_Battery_Bulk,2007121504,0.0
Oahu_Battery_Bulk,2007121506,0.0
Oahu_Battery_Bulk,2007121508,0.0
Oahu_Battery_Bulk,2007121510,0.0
Oahu_Battery_Bulk,2007121512,0.0
Oahu_Battery_Bulk,2007121514,0.7362358983538891
Oahu_Battery_Bulk,2007121516,0.0
Oahu_Battery_Bulk,2007121518,0.0
Oahu_Battery_Bulk,2007121520,0.0
Oahu_Battery_Bulk,2007121522,0.0
Oahu_Battery_Bulk,2008022000,0.0
Oahu_Battery_Bulk,2008022002,0.0
Oahu_Battery_Bulk,2008022004,0.7362358983538891
Oahu_Battery_Bulk,2008022006,0.0
Oahu_Battery_Bulk,2008022008,0.0
Oahu_Battery_Bulk,2008022010,0.0
Oahu_Battery_Bulk,2008022012,0.7362358983538891
Oahu_Battery_Bulk,2008022014,0.0
Oahu_Battery_Bulk,2008022016,0.0
Oahu_Battery_Bulk,2008022018,0.0
Oahu_Battery_Bulk,2008022020,0.0
Oahu_Battery_Bulk,2008022022,0.0
Oahu_Battery_Bulk,2008041000,0.0
Oahu_Battery_Bulk,2008041002,0.7362358983538891
Oahu_Battery_Bulk,2008041004,0.0
Oahu_Battery_Bulk,2008041006,0.0
Oahu_Battery_Bulk,2008041008,0.7362358983538891
Oahu_Battery_Bulk,2008041010,0.0
Oahu_Battery_Bulk,2008041012,0.0
Oahu_Battery_Bulk,2008041014,0.0
Oahu_Battery_Bulk,2008041016,0.0
Oahu_Battery_Bulk,2008041018,0.0
Oahu_Battery_Bulk,2008041020,0.0
Oahu_Battery_Bulk,2008041022,0.0
Oahu_Battery_Bulk,2008061700,0.0
Oahu_Battery_Bulk,2008061702,0.0
Oahu_Battery_Bulk,2008061704,0.0
Oahu_Battery_Bulk,2008061706,0.0
Oahu_Battery_Bulk,2008061708,0.0
Oahu_Battery_Bulk,2008061710,0.0
Oahu_Battery_Bulk,2008061712,0.0
Oahu_Battery_Bulk,2008061714,0.7362358983538891
Oahu_Battery_Bulk,2008061716,0.0
Oahu_Battery_Bulk,2008061718,0.0
Oahu_Battery_Bulk,2008061720,0.0
Oahu_Battery_Bulk,2008061722,0.0
Oahu_Battery_Bulk,2008081800,0.0
Oahu_Battery_Bulk,2008081802,0.0
Oahu_Battery_Bulk,2008081804,0.7362358983538891
Oahu_Battery_Bulk,2008081806,0.0
Oahu_Battery_Bulk,2008081808,0.0
Oahu_Battery_Bulk,2008081810,0.7362358983538891
Oahu_Battery_Bulk,2008081812,0.0
Oahu_Battery_Bulk,2008081814,0.0
Oahu_Battery_Bulk,2008081816,0.0
Oahu_Battery_Bulk,2008081818,0.0
Oahu_Battery_Bulk,2008081820,0.0
Oahu_Battery_Bulk,2008081822,0.0
Oahu_Battery_Bulk,2008091000,0.0
Oahu_Battery_Bulk,2008091002,0.7362358983538891
Oahu_Battery_Bulk,2008091004,0.0
Oahu_Battery_Bulk,2008091006,0.0
Oahu_Battery_Bulk,2008091008,0.7362358983538891
Oahu_Battery_Bulk,2008091010,0.0
Oahu_Battery_Bulk,2008091012,0.7362358983538891
Oahu_Battery_Bulk,2008091014,0.0
Oahu_Battery_Bulk,2008091016,0.0
Oahu_Battery_Bulk,2008091018,0.0
Oahu_Battery_Bulk,2008091020,0.0
Oahu_Battery_Bulk,2008091022,0.0
Oahu_Battery_Bulk,2008112200,0.0
Oahu_Battery_Bulk,2008112202,0.0
Oahu_Battery_Bulk,2008112204,0.0
Oahu_Battery_Bulk,2008112206,0.0
Oahu_Battery_Bulk,2008112208,0.0
Oahu_Battery_Bulk,2008112210,0.0
Oahu_Battery_Bulk,2008112212,0.7362358983538891
Oahu_Battery_Bulk,2008112214,0.0
Oahu_Battery_Bulk,2008112216,0.0
Oahu_Battery_Bulk,2008112218,0.0
Oahu_Battery_Bulk,2008112220,0.0
Oahu_Battery_Bulk,2008112222,0.0
Oahu_Battery_Bulk,2507011200,0.0
Oahu_Battery_Bulk,2507011202,0.0
Oahu_Battery_Bulk,2507011204,0.0
Oahu_Battery_Bulk,2507011206,0.0
Oahu_Battery_Bulk,2507011208,22.15887056169602
Oahu_Battery_Bulk,2507011210,35.88579071233345
Oahu_Battery_Bulk,2507011212,16.855912217068223
Oahu_Battery_Bulk,2507011214,0.0
Oahu_Battery_Bulk,2507011216,0.0
Oahu_Battery_Bulk,2507011218,0.0
Oahu_Battery_Bulk,2507011220,0.0
Oahu_Battery_Bulk,2507011222,0.0
Oahu_Battery_Bulk,2507011900,0.0
Oahu_Battery_Bulk,2507011902,0.0
Oahu_Battery_Bulk,2507011904,0.0
Oahu_Battery_Bulk,2507011906,0.0
Oahu_Battery_Bulk,2507011908,39.24412803177382
Oahu_Battery_Bulk,2507011910,35.656445459323876
Oahu_Battery_Bulk,2507011912,0.0
Oahu_Battery_Bulk,2507011914,0.0
Oahu_Battery_Bulk,2507011916,0.0
Oahu_Battery_Bulk,2507011918,0.0
Oahu_Battery_Bulk,2507011920,0.0
Oahu_Battery_Bulk,2507011922,0.0
Oahu_Battery_Bulk,2507021200,0.0
Oahu_Battery_Bulk,2507021202,0.0
Oahu_Battery_Bulk,2507021204,53.10048806246768
Oahu_Battery_Bulk,2507021206,0.0
Oahu_Battery_Bulk,2507021208,9.587637877534547
Oahu_Battery_Bulk,2507021210,26.462510856592388
Oahu_Battery_Bulk,2507021212,31.90115191577968
Oahu_Battery_Bulk,2507021214,6.949272841191079
Oahu_Battery_Bulk,2507021216,0.0
Oahu_Battery_Bulk,2507021218,0.0
Oahu_Battery_Bulk,2507021220,0.0
Oahu_Battery_Bulk,2507021222,0.0
Oahu_Battery_Bulk,2507050200,0.0
Oahu_Battery_Bulk,2507050202,17.848070140151936
Oahu_Battery_Bulk,2507050204,27.009247249967004
Oahu_Battery_Bulk,2507050206,0.0
Oahu_Battery_Bulk,2507050208,61.26600714662512
Oahu_Battery_Bulk,2507050210,0.0
Oahu_Battery_Bulk,2507050212,0.0
Oahu_Battery_Bulk,2507050214,0.0
Oahu_Battery_Bulk,2507050216,13.634566344472574
Oahu_Battery_Bulk,2507050218,0.0
Oahu_Battery_Bulk,2507050220,0.0
Oahu_Battery_Bulk,2507050222,24.206207758941176
Oahu_Battery_Bulk,2507092200,3.3152469264140443
Oahu_Battery_Bulk,2507092202,0.0
Oahu_Battery_Bulk,2507092204,34.2433717372801
Oahu_Battery_Bulk,2507092206,0.0
Oahu_Battery_Bulk,2507092208,32.29696678619631
Oahu_Battery_Bulk,2507092210,42.19945615855017
Oahu_Battery_Bulk,2507092212,0.0
Oahu_Battery_Bulk,2507092214,0.0
Oahu_Battery_Bulk,2507092216,0.40415054635121805
Oahu_Battery_Bulk,2507092218,0.0
Oahu_Battery_Bulk,2507092220,0.0
Oahu_Battery_Bulk,2507092222,0.0
Oahu_Battery_Bulk,2507102700,0.0
Oahu_Battery_Bulk,2507102702,7.264244924101296
Oahu_Battery_Bulk,2507102704,0.0
Oahu_Battery_Bulk,2507102706,0.0
Oahu_Battery_Bulk,2507102708,0.0
Oahu_Battery_Bulk,2507102710,29.73047045355014
Oahu_Battery_Bulk,2507102712,30.037456158550185
Oahu_Battery_Bulk,2507102714,15.132646878997365
Oahu_Battery_Bulk,2507102716,0.0
Oahu_Battery_Bulk,2507102718,0.0
Oahu_Battery_Bulk,2507102720,0.0
Oahu_Battery_Bulk,2507102722,0.0
Oahu_Battery_Bulk,2507121500,0.0
Oahu_Battery_Bulk,2507121502,3.155822889520323
Oahu_Battery_Bulk,2507121504,0.0
Oahu_Battery_Bulk,2507121506,0.0
Oahu_Battery_Bulk,2507121508,11.598191478686934
Oahu_Battery_Bulk,2507121510,42.90346969531038
Oahu_Battery_Bulk,2507121512,10.19945615855022
Oahu_Battery_Bulk,2507121514,10.199456158550163
Oahu_Battery_Bulk,2507121516,0.0
Oahu_Battery_Bulk,2507121518,0.0
Oahu_Battery_Bulk,2507121520,0.0
Oahu_Battery_Bulk,2507121522,0.0
Oahu_Battery_Bulk,2508022000,7.137332311892979
Oahu_Battery_Bulk,2508022002,67.76324117920471
Oahu_Battery_Bulk,2508022004,0.0
Oahu_Battery_Bulk,2508022006,0.0
Oahu_Battery_Bulk,2508022008,0.0
Oahu_Battery_Bulk,2508022010,74.90057349109769
Oahu_Battery_Bulk,2508022012,0.0
Oahu_Battery_Bulk,2508022014,0.0
Oahu_Battery_Bulk,2508022016,0.0
Oahu_Battery_Bulk,2508022018,0.0
Oahu_Battery_Bulk,2508022020,0.0
Oahu_Battery_Bulk,2508022022,0.0
Oahu_Battery_Bulk,2508041000,0.0
Oahu_Battery_Bulk,2508041002,0.0
Oahu_Battery_Bulk,2508041004,0.0
Oahu_Battery_Bulk,2508041006,0.0
Oahu_Battery_Bulk,2508041008,0.0
Oahu_Battery_Bulk,2508041010,0.0
Oahu_Battery_Bulk,2508041012,0.0
Oahu_Battery_Bulk,2508041014,74.90057349109769
Oahu_Battery_Bulk,2508041016,0.0
Oahu_Battery_Bulk,2508041018,0.0
Oahu_Battery_Bulk,2508041020,0.0
Oahu_Battery_Bulk,2508041022,0.0
Oahu_Battery_Bulk,2508061700,0.0
Oahu_Battery_Bulk,2508061702,0.0
Oahu_Battery_Bulk,2508061704,0.0
Oahu_Battery_Bulk,2508061706,0.0
Oahu_Battery_Bulk,2508061708,0.0
Oahu_Battery_Bulk,2508061710,0.0
Oahu_Battery_Bulk,2508061712,0.0
Oahu_Battery_Bulk,2508061714,74.90057349109769
Oahu_Battery_Bulk,2508061716,0.0
Oahu_Battery_Bulk,2508061718,0.0
Oahu_Battery_Bulk,2508061720,0.0
Oahu_Battery_Bulk,2508061722,0.0
Oahu_Battery_Bulk,2508081800,73.17469760146008
Oahu_Battery_Bulk,2508081802,0.0
Oahu_Battery_Bulk,2508081804,0.0
Oahu_Battery_Bulk,2508081806,0.0
Oahu_Battery_Bulk,2508081808,2.6059963312672494
Oahu_Battery_Bulk,2508081810,45.4208120089055
Oahu_Battery_Bulk,2508081812,14.99326719721175
Oahu_Battery_Bulk,2508081814,11.880497953713196
Oahu_Battery_Bulk,2508081816,0.0
Oahu_Battery_Bulk,2508081818,0.0
Oahu_Battery_Bulk,2508081820,0.0
Oahu_Battery_Bulk,2508081822,0.0
Oahu_Battery_Bulk,2508091000,40.62695756387938
Oahu_Battery_Bulk,2508091002,34.273615927218316
Oahu_Battery_Bulk,2508091004,0.0
Oahu_Battery_Bulk,2508091006,0.0
Oahu_Battery_Bulk,2508091008,74.90057349109769
Oahu_Battery_Bulk,2508091010,0.0
Oahu_Battery_Bulk,2508091012,0.0
Oahu_Battery_Bulk,2508091014,0.0
Oahu_Battery_Bulk,2508091016,0.0
Oahu_Battery_Bulk,2508091018,0.0
Oahu_Battery_Bulk,2508091020,8.92804394641267
Oahu_Battery_Bulk,2508091022,0.0
Oahu_Battery_Bulk,2508112200,0.0
Oahu_Battery_Bulk,2508112202,0.0
Oahu_Battery_Bulk,2508112204,0.0
Oahu_Battery_Bulk,2508112206,0.0
Oahu_Battery_Bulk,2508112208,0.0
Oahu_Battery_Bulk,2508112210,0.0
Oahu_Battery_Bulk,2508112212,0.0
Oahu_Battery_Bulk,2508112214,34.21400810149107
Oahu_Battery_Bulk,2508112216,0.0
Oahu_Battery_Bulk,2508112218,0.0
Oahu_Battery_Bulk,2508112220,0.0
Oahu_Battery_Bulk,2508112222,0.0
Oahu_Battery_Bulk,3007011200,0.0
Oahu_Battery_Bulk,3007011202,28.161587255114448
Oahu_Battery_Bulk,3007011204,0.0
Oahu_Battery_Bulk,3007011206,0.0
Oahu_Battery_Bulk,3007011208,104.97296005346293
Oahu_Battery_Bulk,3007011210,166.5072612828663
Oahu_Battery_Bulk,3007011212,67.43408167143355
Oahu_Battery_Bulk,3007011214,611.2283087743386
Oahu_Battery_Bulk,3007011216,398.67042655610976
Oahu_Battery_Bulk,3007011218,0.0
Oahu_Battery_Bulk,3007011220,0.0
Oahu_Battery_Bulk,3007011222,0.0
Oahu_Battery_Bulk,3007011900,0.0
Oahu_Battery_Bulk,3007011902,0.0
Oahu_Battery_Bulk,3007011904,0.0
Oahu_Battery_Bulk,3007011906,0.0
Oahu_Battery_Bulk,3007011908,220.99102322851502
Oahu_Battery_Bulk,3007011910,562.0836450563611
Oahu_Battery_Bulk,3007011912,230.2109684940736
Oahu_Battery_Bulk,3007011914,334.2784732549109
Oahu_Battery_Bulk,3007011916,0.0
Oahu_Battery_Bulk,3007011918,0.0
Oahu_Battery_Bulk,3007011920,0.0
Oahu_Battery_Bulk,3007011922,0.0
Oahu_Battery_Bulk,3007021200,16.63269654038654
Oahu_Battery_Bulk,3007021202,0.0
Oahu_Battery_Bulk,3007021204,38.53855405129729
Oahu_Battery_Bulk,3007021206,0.0
Oahu_Battery_Bulk,3007021208,0.0
Oahu_Battery_Bulk,3007021210,126.35642078953398
Oahu_Battery_Bulk,3007021212,611.2283087743386
Oahu_Battery_Bulk,3007021214,611.2283087743386
Oahu_Battery_Bulk,3007021216,0.0
Oahu_Battery_Bulk,3007021218,0.0
Oahu_Battery_Bulk,3007021220,0.0
Oahu_Battery_Bulk,3007021222,0.0
Oahu_Battery_Bulk,3007050200,0.0
Oahu_Battery_Bulk,3007050202,63.5977502856078
Oahu_Battery_Bulk,3007050204,0.0
Oahu_Battery_Bulk,3007050206,0.0
Oahu_Battery_Bulk,3007050208,0.0
Oahu_Battery_Bulk,3007050210,76.84067188677393
Oahu_Battery_Bulk,3007050212,542.3374816687431
Oahu_Battery_Bulk,3007050214,611.2283087743386
Oahu_Battery_Bulk,3007050216,118.40657600835557
Oahu_Battery_Bulk,3007050218,0.0
Oahu_Battery_Bulk,3007050220,0.0
Oahu_Battery_Bulk,3007050222,0.0
Oahu_Battery_Bulk,3007092200,0.0
Oahu_Battery_Bulk,3007092202,0.0
Oahu_Battery_Bulk,3007092204,28.62570927600062
Oahu_Battery_Bulk,3007092206,0.0
Oahu_Battery_Bulk,3007092208,0.0
Oahu_Battery_Bulk,3007092210,611.2283087743386
Oahu_Battery_Bulk,3007092212,299.21849709756884
Oahu_Battery_Bulk,3007092214,438.36623246630376
Oahu_Battery_Bulk,3007092216,0.0
Oahu_Battery_Bulk,3007092218,0.0
Oahu_Battery_Bulk,3007092220,0.0
Oahu_Battery_Bulk,3007092222,0.0
Oahu_Battery_Bulk,3007102700,0.0
Oahu_Battery_Bulk,3007102702,0.0
Oahu_Battery_Bulk,3007102704,0.0
Oahu_Battery_Bulk,3007102706,0.0
Oahu_Battery_Bulk,3007102708,201.0223604024819
Oahu_Battery_Bulk,3007102710,560.3527382456792
Oahu_Battery_Bulk,3007102712,27.005734237886244
Oahu_Battery_Bulk,3007102714,483.9226767574956
Oahu_Battery_Bulk,3007102716,76.50952869466816
Oahu_Battery_Bulk,3007102718,0.0
Oahu_Battery_Bulk,3007102720,0.0
Oahu_Battery_Bulk,3007102722,0.0
Oahu_Battery_Bulk,3007121500,0.0
Oahu_Battery_Bulk,3007121502,6.8979829670973345
Oahu_Battery_Bulk,3007121504,0.0
Oahu_Battery_Bulk,3007121506,0.0
Oahu_Battery_Bulk,3007121508,265.32325746427904
Oahu_Battery_Bulk,3007121510,509.3300056539903
Oahu_Battery_Bulk,3007121512,461.57495503605503
Oahu_Battery_Bulk,3007121514,87.59173423788627
Oahu_Battery_Bulk,3007121516,0.0
Oahu_Battery_Bulk,3007121518,0.0
Oahu_Battery_Bulk,3007121520,0.0
Oahu_Battery_Bulk,3007121522,0.0
Oahu_Battery_Bulk,3008022000,0.0
Oahu_Battery_Bulk,3008022002,30.51374250062265
Oahu_Battery_Bulk,3008022004,0.0
Oahu_Battery_Bulk,3008022006,0.0
Oahu_Battery_Bulk,3008022008,0.0
Oahu_Battery_Bulk,3008022010,611.2283087743386
Oahu_Battery_Bulk,3008022012,157.58188569980348
Oahu_Battery_Bulk,3008022014,580.0028438640691
Oahu_Battery_Bulk,3008022016,0.0
Oahu_Battery_Bulk,3008022018,0.0
Oahu_Battery_Bulk,3008022020,0.0
Oahu_Battery_Bulk,3008022022,0.0
Oahu_Battery_Bulk,3008041000,0.0
Oahu_Battery_Bulk,3008041002,0.0
Oahu_Battery_Bulk,3008041004,0.0
Oahu_Battery_Bulk,3008041006,0.0
Oahu_Battery_Bulk,3008041008,0.0
Oahu_Battery_Bulk,3008041010,201.22450325802208
Oahu_Battery_Bulk,3008041012,329.5197544994058
Oahu_Battery_Bulk,3008041014,10.11462834727584
Oahu_Battery_Bulk,3008041016,340.69074081787977
Oahu_Battery_Bulk,3008041018,0.0
Oahu_Battery_Bulk,3008041020,0.0
Oahu_Battery_Bulk,3008041022,0.0
Oahu_Battery_Bulk,3008061700,0.0
Oahu_Battery_Bulk,3008061702,0.0
Oahu_Battery_Bulk,3008061704,0.0
Oahu_Battery_Bulk,3008061706,0.0
Oahu_Battery_Bulk,3008061708,0.0
Oahu_Battery_Bulk,3008061710,0.0
Oahu_Battery_Bulk,3008061712,611.2283087743386
Oahu_Battery_Bulk,3008061714,582.2460622605196
Oahu_Battery_Bulk,3008061716,150.3573796843108
Oahu_Battery_Bulk,3008061718,0.0
Oahu_Battery_Bulk,3008061720,0.0
Oahu_Battery_Bulk,3008061722,0.0
Oahu_Battery_Bulk,3008081800,19.7012351946673
Oahu_Battery_Bulk,3008081802,42.75259240112196
Oahu_Battery_Bulk,3008081804,0.0
Oahu_Battery_Bulk,3008081806,0.0
Oahu_Battery_Bulk,3008081808,367.4397196532919
Oahu_Battery_Bulk,3008081810,337.7390555005618
Oahu_Battery_Bulk,3008081812,611.2283087743386
Oahu_Battery_Bulk,3008081814,15.267876797105714
Oahu_Battery_Bulk,3008081816,17.138077612913094
Oahu_Battery_Bulk,3008081818,0.0
Oahu_Battery_Bulk,3008081820,0.0
Oahu_Battery_Bulk,3008081822,0.0
Oahu_Battery_Bulk,3008091000,0.0
Oahu_Battery_Bulk,3008091002,0.0
Oahu_Battery_Bulk,3008091004,0.0
Oahu_Battery_Bulk,3008091006,0.0
Oahu_Battery_Bulk,3008091008,495.627521402801
Oahu_Battery_Bulk,3008091010,416.53028322366913
Oahu_Battery_Bulk,3008091012,46.24103398804658
Oahu_Battery_Bulk,3008091014,390.4141997236944
Oahu_Battery_Bulk,3008091016,0.0
Oahu_Battery_Bulk,3008091018,0.0
Oahu_Battery_Bulk,3008091020,0.0
Oahu_Battery_Bulk,3008091022,0.0
Oahu_Battery_Bulk,3008112200,0.0
Oahu_Battery_Bulk,3008112202,0.0
Oahu_Battery_Bulk,3008112204,0.0
Oahu_Battery_Bulk,3008112206,0.0
Oahu_Battery_Bulk,3008112208,0.0
Oahu_Battery_Bulk,3008112210,0.0
Oahu_Battery_Bulk,3008112212,0.0
Oahu_Battery_Bulk,3008112214,53.03677810120112
Oahu_Battery_Bulk,3008112216,0.0
Oahu_Battery_Bulk,3008112218,0.0
Oahu_Battery_Bulk,3008112220,0.0
Oahu_Battery_Bulk,3008112222,0.0
Oahu_Battery_Bulk,3507011200,0.0
Oahu_Battery_Bulk,3507011202,0.0
Oahu_Battery_Bulk,3507011204,0.0
Oahu_Battery_Bulk,3507011206,0.0
Oahu_Battery_Bulk,3507011208,95.29382434973617
Oahu_Battery_Bulk,3507011210,247.2620205661918
Oahu_Battery_Bulk,3507011212,679.9878590831427
Oahu_Battery_Bulk,3507011214,2.676512867618385
Oahu_Battery_Bulk,3507011216,477.41438545887456
Oahu_Battery_Bulk,3507011218,0.0
Oahu_Battery_Bulk,3507011220,0.0
Oahu_Battery_Bulk,3507011222,0.0
Oahu_Battery_Bulk,3507011900,236.10640872009017
Oahu_Battery_Bulk,3507011902,0.0
Oahu_Battery_Bulk,3507011904,0.0
Oahu_Battery_Bulk,3507011906,0.0
Oahu_Battery_Bulk,3507011908,543.5148027189306
Oahu_Battery_Bulk,3507011910,17.662952041993094
Oahu_Battery_Bulk,3507011912,679.9878590831427
Oahu_Battery_Bulk,3507011914,89.5784986988777
Oahu_Battery_Bulk,3507011916,0.0
Oahu_Battery_Bulk,3507011918,0.0
Oahu_Battery_Bulk,3507011920,0.0
Oahu_Battery_Bulk,3507011922,0.0
Oahu_Battery_Bulk,3507021200,0.0
Oahu_Battery_Bulk,3507021202,0.0
Oahu_Battery_Bulk,3507021204,27.052809907374606
Oahu_Battery_Bulk,3507021206,0.0
Oahu_Battery_Bulk,3507021208,554.6484541304476
Oahu_Battery_Bulk,3507021210,0.0
Oahu_Battery_Bulk,3507021212,119.63991824891922
Oahu_Battery_Bulk,3507021214,377.5307422745993
Oahu_Battery_Bulk,3507021216,510.5562149832789
Oahu_Battery_Bulk,3507021218,0.0
Oahu_Battery_Bulk,3507021220,0.0
Oahu_Battery_Bulk,3507021222,0.0
Oahu_Battery_Bulk,3507050200,0.0
Oahu_Battery_Bulk,3507050202,0.0
Oahu_Battery_Bulk,3507050204,0.0
Oahu_Battery_Bulk,3507050206,0.0
Oahu_Battery_Bulk,3507050208,0.0
Oahu_Battery_Bulk,3507050210,55.077541576621
Oahu_Battery_Bulk,3507050212,630.9595013254661
Oahu_Battery_Bulk,3507050214,679.9878590831427
Oahu_Battery_Bulk,3507050216,185.74096536214572
Oahu_Battery_Bulk,3507050218,0.0
Oahu_Battery_Bulk,3507050220,0.0
Oahu_Battery_Bulk,3507050222,0.0
Oahu_Battery_Bulk,3507092200,0.0
Oahu_Battery_Bulk,3507092202,0.0
Oahu_Battery_Bulk,3507092204,0.0
Oahu_Battery_Bulk,3507092206,0.0
Oahu_Battery_Bulk,3507092208,0.0
Oahu_Battery_Bulk,3507092210,0.0
Oahu_Battery_Bulk,3507092212,369.10110414360423
Oahu_Battery_Bulk,3507092214,652.874028293071
Oahu_Battery_Bulk,3507092216,540.4001972005696
Oahu_Battery_Bulk,3507092218,0.0
Oahu_Battery_Bulk,3507092220,0.0
Oahu_Battery_Bulk,3507092222,0.0
Oahu_Battery_Bulk,3507102700,0.0
Oahu_Battery_Bulk,3507102702,0.0
Oahu_Battery_Bulk,3507102704,0.0
Oahu_Battery_Bulk,3507102706,0.0
Oahu_Battery_Bulk,3507102708,0.0
Oahu_Battery_Bulk,3507102710,589.745046764909
Oahu_Battery_Bulk,3507102712,665.4705372136777
Oahu_Battery_Bulk,3507102714,184.93198879676152
Oahu_Battery_Bulk,3507102716,122.22775686189658
Oahu_Battery_Bulk,3507102718,0.0
Oahu_Battery_Bulk,3507102720,0.0
Oahu_Battery_Bulk,3507102722,0.0
Oahu_Battery_Bulk,3507121500,0.0
Oahu_Battery_Bulk,3507121502,0.0
Oahu_Battery_Bulk,3507121504,0.0
Oahu_Battery_Bulk,3507121506,0.0
Oahu_Battery_Bulk,3507121508,0.0
Oahu_Battery_Bulk,3507121510,558.687717361287
Oahu_Battery_Bulk,3507121512,679.9878590831427
Oahu_Battery_Bulk,3507121514,173.98371721539004
Oahu_Battery_Bulk,3507121516,0.0
Oahu_Battery_Bulk,3507121518,0.0
Oahu_Battery_Bulk,3507121520,0.0
Oahu_Battery_Bulk,3507121522,0.0
Oahu_Battery_Bulk,3508022000,0.0
Oahu_Battery_Bulk,3508022002,9.08960994212653
Oahu_Battery_Bulk,3508022004,0.0
Oahu_Battery_Bulk,3508022006,0.0
Oahu_Battery_Bulk,3508022008,0.0
Oahu_Battery_Bulk,3508022010,102.94781086195106
Oahu_Battery_Bulk,3508022012,679.9878590831427
Oahu_Battery_Bulk,3508022014,573.6285241002555
Oahu_Battery_Bulk,3508022016,205.81113559189558
Oahu_Battery_Bulk,3508022018,0.0
Oahu_Battery_Bulk,3508022020,0.0
Oahu_Battery_Bulk,3508022022,0.0
Oahu_Battery_Bulk,3508041000,0.0
Oahu_Battery_Bulk,3508041002,0.0
Oahu_Battery_Bulk,3508041004,0.0
Oahu_Battery_Bulk,3508041006,0.0
Oahu_Battery_Bulk,3508041008,0.0
Oahu_Battery_Bulk,3508041010,92.11912382458469
Oahu_Battery_Bulk,3508041012,574.2877879824475
Oahu_Battery_Bulk,3508041014,276.82561945380394
Oahu_Battery_Bulk,3508041016,0.0
Oahu_Battery_Bulk,3508041018,0.0
Oahu_Battery_Bulk,3508041020,0.0
Oahu_Battery_Bulk,3508041022,0.0
Oahu_Battery_Bulk,3508061700,0.0
Oahu_Battery_Bulk,3508061702,0.0
Oahu_Battery_Bulk,3508061704,0.0
Oahu_Battery_Bulk,3508061706,0.0
Oahu_Battery_Bulk,3508061708,0.0
Oahu_Battery_Bulk,3508061710,589.3245196603037
Oahu_Battery_Bulk,3508061712,679.9878590831427
Oahu_Battery_Bulk,3508061714,0.0
Oahu_Battery_Bulk,3508061716,182.4392475193491
Oahu_Battery_Bulk,3508061718,0.0
Oahu_Battery_Bulk,3508061720,0.0
Oahu_Battery_Bulk,3508061722,0.0
Oahu_Battery_Bulk,3508081800,0.0
Oahu_Battery_Bulk,3508081802,62.11822525008251
Oahu_Battery_Bulk,3508081804,0.0
Oahu_Battery_Bulk,3508081806,0.0
Oahu_Battery_Bulk,3508081808,0.0
Oahu_Battery_Bulk,3508081810,515.8680205268669
Oahu_Battery_Bulk,3508081812,569.9607794831018
Oahu_Battery_Bulk,3508081814,0.0
Oahu_Battery_Bulk,3508081816,476.5465296272762
Oahu_Battery_Bulk,3508081818,0.0
Oahu_Battery_Bulk,3508081820,0.0
Oahu_Battery_Bulk,3508081822,0.0
Oahu_Battery_Bulk,3508091000,0.0
Oahu_Battery_Bulk,3508091002,1.1789076050998153
Oahu_Battery_Bulk,3508091004,0.0
Oahu_Battery_Bulk,3508091006,0.0
Oahu_Battery_Bulk,3508091008,0.0
Oahu_Battery_Bulk,3508091010,0.0
Oahu_Battery_Bulk,3508091012,351.01594884102144
Oahu_Battery_Bulk,3508091014,678.8212486150858
Oahu_Battery_Bulk,3508091016,532.5381321811377
Oahu_Battery_Bulk,3508091018,0.0
Oahu_Battery_Bulk,3508091020,0.0
Oahu_Battery_Bulk,3508091022,0.0
Oahu_Battery_Bulk,3508112200,0.0
Oahu_Battery_Bulk,3508112202,0.0
Oahu_Battery_Bulk,3508112204,0.0
Oahu_Battery_Bulk,3508112206,0.0
Oahu_Battery_Bulk,3508112208,0.0
Oahu_Battery_Bulk,3508112210,0.0
Oahu_Battery_Bulk,3508112212,0.0
Oahu_Battery_Bulk,3508112214,175.1927565766729
Oahu_Battery_Bulk,3508112216,0.0
Oahu_Battery_Bulk,3508112218,0.0
Oahu_Battery_Bulk,3508112220,0.0
Oahu_Battery_Bulk,3508112222,0.0
Oahu_Battery_Bulk,4007011200,0.0
Oahu_Battery_Bulk,4007011202,0.0
Oahu_Battery_Bulk,4007011204,0.0
Oahu_Battery_Bulk,4007011206,0.0
Oahu_Battery_Bulk,4007011208,463.25852415283515
Oahu_Battery_Bulk,4007011210,541.337182122629
Oahu_Battery_Bulk,4007011212,36.67900444204727
Oahu_Battery_Bulk,4007011214,326.36755908304934
Oahu_Battery_Bulk,4007011216,506.75244365861005
Oahu_Battery_Bulk,4007011218,0.0
Oahu_Battery_Bulk,4007011220,0.0
Oahu_Battery_Bulk,4007011222,0.0
Oahu_Battery_Bulk,4007011900,0.0
Oahu_Battery_Bulk,4007011902,225.75592766215678
Oahu_Battery_Bulk,4007011904,0.0
Oahu_Battery_Bulk,4007011906,0.0
Oahu_Battery_Bulk,4007011908,644.7079233482766
Oahu_Battery_Bulk,4007011910,125.73961449224987
Oahu_Battery_Bulk,4007011912,3.968405751196201
Oahu_Battery_Bulk,4007011914,643.9291473455921
Oahu_Battery_Bulk,4007011916,0.0
Oahu_Battery_Bulk,4007011918,0.0
Oahu_Battery_Bulk,4007011920,0.0
Oahu_Battery_Bulk,4007011922,0.0
Oahu_Battery_Bulk,4007021200,0.0
Oahu_Battery_Bulk,4007021202,0.0
Oahu_Battery_Bulk,4007021204,0.0
Oahu_Battery_Bulk,4007021206,0.0
Oahu_Battery_Bulk,4007021208,0.0
Oahu_Battery_Bulk,4007021210,254.99233342895067
Oahu_Battery_Bulk,4007021212,735.9958189902552
Oahu_Battery_Bulk,4007021214,735.9958189902552
Oahu_Battery_Bulk,4007021216,589.1180639852752
Oahu_Battery_Bulk,4007021218,0.0
Oahu_Battery_Bulk,4007021220,0.0
Oahu_Battery_Bulk,4007021222,0.0
Oahu_Battery_Bulk,4007050200,0.0
Oahu_Battery_Bulk,4007050202,0.0
Oahu_Battery_Bulk,4007050204,0.0
Oahu_Battery_Bulk,4007050206,0.0
Oahu_Battery_Bulk,4007050208,0.0
Oahu_Battery_Bulk,4007050210,186.66622068811623
Oahu_Battery_Bulk,4007050212,428.82155286257046
Oahu_Battery_Bulk,4007050214,735.9958189902552
Oahu_Battery_Bulk,4007050216,513.4260496635384
Oahu_Battery_Bulk,4007050218,0.0
Oahu_Battery_Bulk,4007050220,0.0
Oahu_Battery_Bulk,4007050222,0.0
Oahu_Battery_Bulk,4007092200,0.0
Oahu_Battery_Bulk,4007092202,0.0
Oahu_Battery_Bulk,4007092204,0.0
Oahu_Battery_Bulk,4007092206,0.0
Oahu_Battery_Bulk,4007092208,0.0
Oahu_Battery_Bulk,4007092210,108.11457842397051
Oahu_Battery_Bulk,4007092212,735.9958189902552
Oahu_Battery_Bulk,4007092214,735.9958189902552
Oahu_Battery_Bulk,4007092216,735.9958189902552
Oahu_Battery_Bulk,4007092218,0.0
Oahu_Battery_Bulk,4007092220,0.0
Oahu_Battery_Bulk,4007092222,0.0
Oahu_Battery_Bulk,4007102700,0.0
Oahu_Battery_Bulk,4007102702,0.0
Oahu_Battery_Bulk,4007102704,0.0
Oahu_Battery_Bulk,4007102706,0.0
Oahu_Battery_Bulk,4007102708,7.748667443525662
Oahu_Battery_Bulk,4007102710,735.9958189902552
Oahu_Battery_Bulk,4007102712,735.9958189902552
Oahu_Battery_Bulk,4007102714,735.9958189902552
Oahu_Battery_Bulk,4007102716,100.36591098044482
Oahu_Battery_Bulk,4007102718,0.0
Oahu_Battery_Bulk,4007102720,0.0
Oahu_Battery_Bulk,4007102722,0.0
Oahu_Battery_Bulk,4007121500,0.0
Oahu_Battery_Bulk,4007121502,0.0
Oahu_Battery_Bulk,4007121504,0.0
Oahu_Battery_Bulk,4007121506,0.0
Oahu_Battery_Bulk,4007121508,0.0
Oahu_Battery_Bulk,4007121510,735.9958189902552
Oahu_Battery_Bulk,4007121512,547.5319311145098
Oahu_Battery_Bulk,4007121514,172.73055525688085
Oahu_Battery_Bulk,4007121516,203.0758214195237
Oahu_Battery_Bulk,4007121518,0.0
Oahu_Battery_Bulk,4007121520,0.0
Oahu_Battery_Bulk,4007121522,0.0
Oahu_Battery_Bulk,4008022000,0.0
Oahu_Battery_Bulk,4008022002,0.0
Oahu_Battery_Bulk,4008022004,0.0
Oahu_Battery_Bulk,4008022006,0.0
Oahu_Battery_Bulk,4008022008,0.0
Oahu_Battery_Bulk,4008022010,735.9958189902552
Oahu_Battery_Bulk,4008022012,735.9958189902552
Oahu_Battery_Bulk,4008022014,735.9958189902552
Oahu_Battery_Bulk,4008022016,108.11457842397051
Oahu_Battery_Bulk,4008022018,0.0
Oahu_Battery_Bulk,4008022020,0.0
Oahu_Battery_Bulk,4008022022,0.0
Oahu_Battery_Bulk,4008041000,0.0
Oahu_Battery_Bulk,4008041002,0.0
Oahu_Battery_Bulk,4008041004,0.0
Oahu_Battery_Bulk,4008041006,0.0
Oahu_Battery_Bulk,4008041008,0.0
Oahu_Battery_Bulk,4008041010,592.5059372312526
Oahu_Battery_Bulk,4008041012,0.0
Oahu_Battery_Bulk,4008041014,437.1318578933938
Oahu_Battery_Bulk,4008041016,0.0
Oahu_Battery_Bulk,4008041018,0.0
Oahu_Battery_Bulk,4008041020,0.0
Oahu_Battery_Bulk,4008041022,0.0
Oahu_Battery_Bulk,4008061700,0.0
Oahu_Battery_Bulk,4008061702,0.0
Oahu_Battery_Bulk,4008061704,0.0
Oahu_Battery_Bulk,4008061706,0.0
Oahu_Battery_Bulk,4008061708,0.0
Oahu_Battery_Bulk,4008061710,297.8493923569189
Oahu_Battery_Bulk,4008061712,735.9958189902552
Oahu_Battery_Bulk,4008061714,735.9958189902552
Oahu_Battery_Bulk,4008061716,370.1932980914848
Oahu_Battery_Bulk,4008061718,0.0
Oahu_Battery_Bulk,4008061720,0.0
Oahu_Battery_Bulk,4008061722,0.0
Oahu_Battery_Bulk,4008081800,0.0
Oahu_Battery_Bulk,4008081802,0.0
Oahu_Battery_Bulk,4008081804,0.0
Oahu_Battery_Bulk,4008081806,0.0
Oahu_Battery_Bulk,4008081808,0.0
Oahu_Battery_Bulk,4008081810,394.9545255916303
Oahu_Battery_Bulk,4008081812,449.1558718225955
Oahu_Battery_Bulk,4008081814,735.9958189902552
Oahu_Battery_Bulk,4008081816,735.9958189902552
Oahu_Battery_Bulk,4008081818,0.0
Oahu_Battery_Bulk,4008081820,0.0
Oahu_Battery_Bulk,4008081822,0.0
Oahu_Battery_Bulk,4008091000,0.0
Oahu_Battery_Bulk,4008091002,0.0
Oahu_Battery_Bulk,4008091004,0.0
Oahu_Battery_Bulk,4008091006,0.0
Oahu_Battery_Bulk,4008091008,0.0
Oahu_Battery_Bulk,4008091010,735.9958189902552
Oahu_Battery_Bulk,4008091012,735.9958189902552
Oahu_Battery_Bulk,4008091014,735.9958189902552
Oahu_Battery_Bulk,4008091016,108.11457842397051
Oahu_Battery_Bulk,4008091018,0.0
Oahu_Battery_Bulk,4008091020,0.0
Oahu_Battery_Bulk,4008091022,0.0
Oahu_Battery_Bulk,4008112200,0.0
Oahu_Battery_Bulk,4008112202,0.0
Oahu_Battery_Bulk,4008112204,0.0
Oahu_Battery_Bulk,4008112206,0.0
Oahu_Battery_Bulk,4008112208,0.0
Oahu_Battery_Bulk,4008112210,0.0
Oahu_Battery_Bulk,4008112212,0.0
Oahu_Battery_Bulk,4008112214,63.15957314198341
Oahu_Battery_Bulk,4008112216,148.04232508590874
Oahu_Battery_Bulk,4008112218,0.0
Oahu_Battery_Bulk,4008112220,0.0
Oahu_Battery_Bulk,4008112222,0.0
Oahu_Battery_Bulk,4507011200,0.0
Oahu_Battery_Bulk,4507011202,0.0
Oahu_Battery_Bulk,4507011204,0.0
Oahu_Battery_Bulk,4507011206,0.0
Oahu_Battery_Bulk,4507011208,615.9942577361078
Oahu_Battery_Bulk,4507011210,948.6242968538081
Oahu_Battery_Bulk,4507011212,1032.2872722635855
Oahu_Battery_Bulk,4507011214,858.3611299849711
Oahu_Battery_Bulk,4507011216,750.892487286411
Oahu_Battery_Bulk,4507011218,0.0
Oahu_Battery_Bulk,4507011220,0.0
Oahu_Battery_Bulk,4507011222,0.0
Oahu_Battery_Bulk,4507011900,0.0
Oahu_Battery_Bulk,4507011902,0.0
Oahu_Battery_Bulk,4507011904,0.0
Oahu_Battery_Bulk,4507011906,0.0
Oahu_Battery_Bulk,4507011908,788.7126767424395
Oahu_Battery_Bulk,4507011910,890.4980912211169
Oahu_Battery_Bulk,4507011912,73.61342272683555
Oahu_Battery_Bulk,4507011914,1032.2872722635855
Oahu_Battery_Bulk,4507011916,0.0
Oahu_Battery_Bulk,4507011918,0.0
Oahu_Battery_Bulk,4507011920,0.0
Oahu_Battery_Bulk,4507011922,0.0
Oahu_Battery_Bulk,4507021200,0.0
Oahu_Battery_Bulk,4507021202,0.0
Oahu_Battery_Bulk,4507021204,0.0
Oahu_Battery_Bulk,4507021206,0.0
Oahu_Battery_Bulk,4507021208,0.0
Oahu_Battery_Bulk,4507021210,1001.3830828912967
Oahu_Battery_Bulk,4507021212,1032.2872722635855
Oahu_Battery_Bulk,4507021214,1032.2872722635855
Oahu_Battery_Bulk,4507021216,697.6243594682282
Oahu_Battery_Bulk,4507021218,0.0
Oahu_Battery_Bulk,4507021220,0.0
Oahu_Battery_Bulk,4507021222,0.0
Oahu_Battery_Bulk,4507050200,0.0
Oahu_Battery_Bulk,4507050202,0.0
Oahu_Battery_Bulk,4507050204,0.0
Oahu_Battery_Bulk,4507050206,0.0
Oahu_Battery_Bulk,4507050208,0.0
Oahu_Battery_Bulk,4507050210,0.0
Oahu_Battery_Bulk,4507050212,758.4483959195484
Oahu_Battery_Bulk,4507050214,1032.2872722635855
Oahu_Battery_Bulk,4507050216,1020.9288314594222
Oahu_Battery_Bulk,4507050218,0.0
Oahu_Battery_Bulk,4507050220,0.0
Oahu_Battery_Bulk,4507050222,0.0
Oahu_Battery_Bulk,4507092200,0.0
Oahu_Battery_Bulk,4507092202,0.0
Oahu_Battery_Bulk,4507092204,0.0
Oahu_Battery_Bulk,4507092206,0.0
Oahu_Battery_Bulk,4507092208,1032.2872722635855
Oahu_Battery_Bulk,4507092210,805.6156425289263
Oahu_Battery_Bulk,4507092212,692.9436724693242
Oahu_Battery_Bulk,4507092214,1005.0689751127439
Oahu_Battery_Bulk,4507092216,770.3567399721453
Oahu_Battery_Bulk,4507092218,0.0
Oahu_Battery_Bulk,4507092220,0.0
Oahu_Battery_Bulk,4507092222,0.0
Oahu_Battery_Bulk,4507102700,0.0
Oahu_Battery_Bulk,4507102702,0.0
Oahu_Battery_Bulk,4507102704,0.0
Oahu_Battery_Bulk,4507102706,0.0
Oahu_Battery_Bulk,4507102708,1032.2872722635855
Oahu_Battery_Bulk,4507102710,505.0031838325459
Oahu_Battery_Bulk,4507102712,811.8483010142489
Oahu_Battery_Bulk,4507102714,1032.2872722635855
Oahu_Battery_Bulk,4507102716,476.0615029763155
Oahu_Battery_Bulk,4507102718,0.0
Oahu_Battery_Bulk,4507102720,0.0
Oahu_Battery_Bulk,4507102722,0.0
Oahu_Battery_Bulk,4507121500,0.0
Oahu_Battery_Bulk,4507121502,0.0
Oahu_Battery_Bulk,4507121504,0.0
Oahu_Battery_Bulk,4507121506,0.0
Oahu_Battery_Bulk,4507121508,0.0
Oahu_Battery_Bulk,4507121510,719.6164460845407
Oahu_Battery_Bulk,4507121512,714.6912410399609
Oahu_Battery_Bulk,4507121514,1032.2872722635855
Oahu_Battery_Bulk,4507121516,323.9274755518482
Oahu_Battery_Bulk,4507121518,0.0
Oahu_Battery_Bulk,4507121520,0.0
Oahu_Battery_Bulk,4507121522,0.0
Oahu_Battery_Bulk,4508022000,0.0
Oahu_Battery_Bulk,4508022002,0.0
Oahu_Battery_Bulk,4508022004,0.0
Oahu_Battery_Bulk,4508022006,0.0
Oahu_Battery_Bulk,4508022008,977.0293745607515
Oahu_Battery_Bulk,4508022010,923.5201792853042
Oahu_Battery_Bulk,4508022012,1032.2872722635855
Oahu_Battery_Bulk,4508022014,1032.2872722635855
Oahu_Battery_Bulk,4508022016,393.0439347645587
Oahu_Battery_Bulk,4508022018,0.0
Oahu_Battery_Bulk,4508022020,0.0
Oahu_Battery_Bulk,4508022022,0.0
Oahu_Battery_Bulk,4508041000,0.0
Oahu_Battery_Bulk,4508041002,0.0
Oahu_Battery_Bulk,4508041004,0.0
Oahu_Battery_Bulk,4508041006,0.0
Oahu_Battery_Bulk,4508041008,391.2753686636488
Oahu_Battery_Bulk,4508041010,914.3922240962554
Oahu_Battery_Bulk,4508041012,245.27968974419178
Oahu_Battery_Bulk,4508041014,201.40690146629152
Oahu_Battery_Bulk,4508041016,823.0670046281409
Oahu_Battery_Bulk,4508041018,0.0
Oahu_Battery_Bulk,4508041020,0.0
Oahu_Battery_Bulk,4508041022,0.0
Oahu_Battery_Bulk,4508061700,0.0
Oahu_Battery_Bulk,4508061702,0.0
Oahu_Battery_Bulk,4508061704,0.0
Oahu_Battery_Bulk,4508061706,0.0
Oahu_Battery_Bulk,4508061708,236.6521993438294
Oahu_Battery_Bulk,4508061710,1032.2872722635855
Oahu_Battery_Bulk,4508061712,1032.2872722635855
Oahu_Battery_Bulk,4508061714,1032.2872722635855
Oahu_Battery_Bulk,4508061716,707.2224757540959
Oahu_Battery_Bulk,4508061718,0.0
Oahu_Battery_Bulk,4508061720,0.0
Oahu_Battery_Bulk,4508061722,0.0
Oahu_Battery_Bulk,4508081800,0.0
Oahu_Battery_Bulk,4508081802,0.0
Oahu_Battery_Bulk,4508081804,0.0
Oahu_Battery_Bulk,4508081806,0.0
Oahu_Battery_Bulk,4508081808,971.7365378361785
Oahu_Battery_Bulk,4508081810,933.2468761590052
Oahu_Battery_Bulk,4508081812,1032.2872722635855
Oahu_Battery_Bulk,4508081814,1032.2872722635855
Oahu_Battery_Bulk,4508081816,357.80783245113867
Oahu_Battery_Bulk,4508081818,0.0
Oahu_Battery_Bulk,4508081820,0.0
Oahu_Battery_Bulk,4508081822,0.0
Oahu_Battery_Bulk,4508091000,0.0
Oahu_Battery_Bulk,4508091002,0.0
Oahu_Battery_Bulk,4508091004,0.0
Oahu_Battery_Bulk,4508091006,0.0
Oahu_Battery_Bulk,4508091008,385.07822542000554
Oahu_Battery_Bulk,4508091010,1032.2872722635855
Oahu_Battery_Bulk,4508091012,1032.2872722635855
Oahu_Battery_Bulk,4508091014,1032.2872722635855
Oahu_Battery_Bulk,4508091016,876.2279909270231
Oahu_Battery_Bulk,4508091018,0.0
Oahu_Battery_Bulk,4508091020,0.0
Oahu_Battery_Bulk,4508091022,0.0
Oahu_Battery_Bulk,4508112200,0.0
Oahu_Battery_Bulk,4508112202,0.0
Oahu_Battery_Bulk,4508112204,0.0
Oahu_Battery_Bulk,4508112206,0.0
Oahu_Battery_Bulk,4508112208,0.0
Oahu_Battery_Bulk,4508112210,0.0
Oahu_Battery_Bulk,4508112212,281.6483047017142
Oahu_Battery_Bulk,4508112214,0.0
Oahu_Battery_Bulk,4508112216,0.0
Oahu_Battery_Bulk,4508112218,0.0
Oahu_Battery_Bulk,4508112220,0.0
Oahu_Battery_Bulk,4508112222,0.0
Oahu_Battery_Conting,2007011200,0.0
Oahu_Battery_Conting,2007011202,0.0
Oahu_Battery_Conting,2007011204,0.0
Oahu_Battery_Conting,2007011206,0.0
Oahu_Battery_Conting,2007011208,0.0
Oahu_Battery_Conting,2007011210,0.0
Oahu_Battery_Conting,2007011212,0.0
Oahu_Battery_Conting,2007011214,0.0
Oahu_Battery_Conting,2007011216,0.0
Oahu_Battery_Conting,2007011218,0.0
Oahu_Battery_Conting,2007011220,0.0
Oahu_Battery_Conting,2007011222,0.0
Oahu_Battery_Conting,2007011900,0.0
Oahu_Battery_Conting,2007011902,0.0
Oahu_Battery_Conting,2007011904,0.0
Oahu_Battery_Conting,2007011906,0.0
Oahu_Battery_Conting,2007011908,0.0
Oahu_Battery_Conting,2007011910,0.0
Oahu_Battery_Conting,2007011912,0.0
Oahu_Battery_Conting,2007011914,0.0
Oahu_Battery_Conting,2007011916,0.0
Oahu_Battery_Conting,2007011918,0.0
Oahu_Battery_Conting,2007011920,0.0
Oahu_Battery_Conting,2007011922,0.0
Oahu_Battery_Conting,2007021200,0.0
Oahu_Battery_Conting,2007021202,0.0
Oahu_Battery_Conting,2007021204,0.0
Oahu_Battery_Conting,2007021206,0.0
Oahu_Battery_Conting,2007021208,0.0
Oahu_Battery_Conting,2007021210,0.0
Oahu_Battery_Conting,2007021212,0.0
Oahu_Battery_Conting,2007021214,0.0
Oahu_Battery_Conting,2007021216,0.0
Oahu_Battery_Conting,2007021218,0.0
Oahu_Battery_Conting,2007021220,0.0
Oahu_Battery_Conting,2007021222,0.0
Oahu_Battery_Conting,2007050200,0.0
Oahu_Battery_Conting,2007050202,0.0
Oahu_Battery_Conting,2007050204,0.0
Oahu_Battery_Conting,2007050206,0.0
Oahu_Battery_Conting,2007050208,0.0
Oahu_Battery_Conting,2007050210,0.0
Oahu_Battery_Conting,2007050212,0.0
Oahu_Battery_Conting,2007050214,0.0
Oahu_Battery_Conting,2007050216,0.0
Oahu_Battery_Conting,2007050218,0.0
Oahu_Battery_Conting,2007050220,0.0
Oahu_Battery_Conting,2007050222,0.0
Oahu_Battery_Conting,2007092200,0.0
Oahu_Battery_Conting,2007092202,0.0
Oahu_Battery_Conting,2007092204,0.0
Oahu_Battery_Conting,2007092206,0.0
Oahu_Battery_Conting,2007092208,0.0
Oahu_Battery_Conting,2007092210,0.0
Oahu_Battery_Conting,2007092212,0.0
Oahu_Battery_Conting,2007092214,0.0
Oahu_Battery_Conting,2007092216,0.0
Oahu_Battery_Conting,2007092218,0.0
Oahu_Battery_Conting,2007092220,0.0
Oahu_Battery_Conting,2007092222,0.0
Oahu_Battery_Conting,2007102700,0.0
Oahu_Battery_Conting,2007102702,0.0
Oahu_Battery_Conting,2007102704,0.0
Oahu_Battery_Conting,2007102706,0.0
Oahu_Battery_Conting,2007102708,0.0
Oahu_Battery_Conting,2007102710,0.0
Oahu_Battery_Conting,2007102712,0.0
Oahu_Battery_Conting,2007102714,0.0
Oahu_Battery_Conting,2007102716,0.0
Oahu_Battery_Conting,2007102718,0.0
Oahu_Battery_Conting,2007102720,0.0
Oahu_Battery_Conting,2007102722,0.0
Oahu_Battery_Conting,2007121500,0.0
Oahu_Battery_Conting,2007121502,0.0
Oahu_Battery_Conting,2007121504,0.0
Oahu_Battery_Conting,2007121506,0.0
Oahu_Battery_Conting,2007121508,0.0
Oahu_Battery_Conting,2007121510,0.0
Oahu_Battery_Conting,2007121512,0.0
Oahu_Battery_Conting,2007121514,0.0
Oahu_Battery_Conting,2007121516,0.0
Oahu_Battery_Conting,2007121518,0.0
Oahu_Battery_Conting,2007121520,0.0
Oahu_Battery_Conting,2007121522,0.0
Oahu_Battery_Conting,2008022000,0.0
Oahu_Battery_Conting,2008022002,0.0
Oahu_Battery_Conting,2008022004,0.0
Oahu_Battery_Conting,2008022006,0.0
Oahu_Battery_Conting,2008022008,0.0
Oahu_Battery_Conting,2008022010,0.0
Oahu_Battery_Conting,2008022012,0.0
Oahu_Battery_Conting,2008022014,0.0
Oahu_Battery_Conting,2008022016,0.0
Oahu_Battery_Conting,2008022018,0.0
Oahu_Battery_Conting,2008022020,0.0
Oahu_Battery_Conting,2008022022,0.0
Oahu_Battery_Conting,2008041000,0.0
Oahu_Battery_Conting,2008041002,0.0
Oahu_Battery_Conting,2008041004,0.0
Oahu_Battery_Conting,2008041006,0.0
Oahu_Battery_Conting,2008041008,0.0
Oahu_Battery_Conting,2008041010,0.0
Oahu_Battery_Conting,2008041012,0.0
Oahu_Battery_Conting,2008041014,0.0
Oahu_Battery_Conting,2008041016,0.0
Oahu_Battery_Conting,2008041018,0.0
Oahu_Battery_Conting,2008041020,0.0
Oahu_Battery_Conting,2008041022,0.0
Oahu_Battery_Conting,2008061700,0.0
Oahu_Battery_Conting,2008061702,0.0
Oahu_Battery_Conting,2008061704,0.0
Oahu_Battery_Conting,2008061706,0.0
Oahu_Battery_Conting,2008061708,0.0
Oahu_Battery_Conting,2008061710,0.0
Oahu_Battery_Conting,2008061712,0.0
Oahu_Battery_Conting,2008061714,0.0
Oahu_Battery_Conting,2008061716,0.0
Oahu_Battery_Conting,2008061718,0.0
Oahu_Battery_Conting,2008061720,0.0
Oahu_Battery_Conting,2008061722,0.0
Oahu_Battery_Conting,2008081800,0.0
Oahu_Battery_Conting,2008081802,0.0
Oahu_Battery_Conting,2008081804,0.0
Oahu_Battery_Conting,2008081806,0.0
Oahu_Battery_Conting,2008081808,0.0
Oahu_Battery_Conting,2008081810,0.0
Oahu_Battery_Conting,2008081812,0.0
Oahu_Battery_Conting,2008081814,0.0
Oahu_Battery_Conting,2008081816,0.0
Oahu_Battery_Conting,2008081818,0.0
Oahu_Battery_Conting,2008081820,0.0
Oahu_Battery_Conting,2008081822,0.0
Oahu_Battery_Conting,2008091000,0.0
Oahu_Battery_Conting,2008091002,0.0
Oahu_Battery_Conting,2008091004,0.0
Oahu_Battery_Conting,2008091006,0.0
Oahu_Battery_Conting,2008091008,0.0
Oahu_Battery_Conting,2008091010,0.0
Oahu_Battery_Conting,2008091012,0.0
Oahu_Battery_Conting,2008091014,0.0
Oahu_Battery_Conting,2008091016,0.0
Oahu_Battery_Conting,2008091018,0.0
Oahu_Battery_Conting,2008091020,0.0
Oahu_Battery_Conting,2008091022,0.0
Oahu_Battery_Conting,2008112200,0.0
Oahu_Battery_Conting,2008112202,0.0
Oahu_Battery_Conting,2008112204,0.0
Oahu_Battery_Conting,2008112206,0.0
Oahu_Battery_Conting,2008112208,0.0
Oahu_Battery_Conting,2008112210,0.0
Oahu_Battery_Conting,2008112212,0.0
Oahu_Battery_Conting,2008112214,0.0
Oahu_Battery_Conting,2008112216,0.0
Oahu_Battery_Conting,2008112218,0.0
Oahu_Battery_Conting,2008112220,0.0
Oahu_Battery_Conting,2008112222,0.0
Oahu_Battery_Conting,2507011200,0.0
Oahu_Battery_Conting,2507011202,0.0
Oahu_Battery_Conting,2507011204,0.0
Oahu_Battery_Conting,2507011206,0.0
Oahu_Battery_Conting,2507011208,0.0
Oahu_Battery_Conting,2507011210,0.0
Oahu_Battery_Conting,2507011212,0.0
Oahu_Battery_Conting,2507011214,0.0
Oahu_Battery_Conting,2507011216,0.0
Oahu_Battery_Conting,2507011218,0.0
Oahu_Battery_Conting,2507011220,0.0
Oahu_Battery_Conting,2507011222,0.0
Oahu_Battery_Conting,2507011900,0.0
Oahu_Battery_Conting,2507011902,0.0
Oahu_Battery_Conting,2507011904,0.0
Oahu_Battery_Conting,2507011906,0.0
Oahu_Battery_Conting,2507011908,0.0
Oahu_Battery_Conting,2507011910,0.0
Oahu_Battery_Conting,2507011912,0.0
Oahu_Battery_Conting,2507011914,0.0
Oahu_Battery_Conting,2507011916,0.0
Oahu_Battery_Conting,2507011918,0.0
Oahu_Battery_Conting,2507011920,0.0
Oahu_Battery_Conting,2507011922,0.0
Oahu_Battery_Conting,2507021200,0.0
Oahu_Battery_Conting,2507021202,0.0
Oahu_Battery_Conting,2507021204,0.0
Oahu_Battery_Conting,2507021206,0.0
Oahu_Battery_Conting,2507021208,0.0
Oahu_Battery_Conting,2507021210,0.0
Oahu_Battery_Conting,2507021212,0.0
Oahu_Battery_Conting,2507021214,0.0
Oahu_Battery_Conting,2507021216,0.0
Oahu_Battery_Conting,2507021218,0.0
Oahu_Battery_Conting,2507021220,0.0
Oahu_Battery_Conting,2507021222,0.0
Oahu_Battery_Conting,2507050200,0.0
Oahu_Battery_Conting,2507050202,0.0
Oahu_Battery_Conting,2507050204,0.0
Oahu_Battery_Conting,2507050206,0.0
Oahu_Battery_Conting,2507050208,0.0
Oahu_Battery_Conting,2507050210,0.0
Oahu_Battery_Conting,2507050212,0.0
Oahu_Battery_Conting,2507050214,0.0
Oahu_Battery_Conting,2507050216,0.0
Oahu_Battery_Conting,2507050218,0.0
Oahu_Battery_Conting,2507050220,0.0
Oahu_Battery_Conting,2507050222,0.0
Oahu_Battery_Conting,2507092200,0.0
Oahu_Battery_Conting,2507092202,0.0
Oahu_Battery_Conting,2507092204,0.0
Oahu_Battery_Conting,2507092206,0.0
Oahu_Battery_Conting,2507092208,0.0
Oahu_Battery_Conting,2507092210,0.0
Oahu_Battery_Conting,2507092212,0.0
Oahu_Battery_Conting,2507092214,0.0
Oahu_Battery_Conting,2507092216,0.0
Oahu_Battery_Conting,2507092218,0.0
Oahu_Battery_Conting,2507092220,0.0
Oahu_Battery_Conting,2507092222,0.0
Oahu_Battery_Conting,2507102700,0.0
Oahu_Battery_Conting,2507102702,0.0
Oahu_Battery_Conting,2507102704,0.0
Oahu_Battery_Conting,2507102706,0.0
Oahu_Battery_Conting,2507102708,0.0
Oahu_Battery_Conting,2507102710,0.0
Oahu_Battery_Conting,2507102712,0.0
Oahu_Battery_Conting,2507102714,0.0
Oahu_Battery_Conting,2507102716,0.0
Oahu_Battery_Conting,2507102718,0.0
Oahu_Battery_Conting,2507102720,0.0
Oahu_Battery_Conting,2507102722,0.0
Oahu_Battery_Conting,2507121500,0.0
Oahu_Battery_Conting,2507121502,0.0
Oahu_Battery_Conting,2507121504,0.0
Oahu_Battery_Conting,2507121506,0.0
Oahu_Battery_Conting,2507121508,0.0
Oahu_Battery_Conting,2507121510,0.0
Oahu_Battery_Conting,2507121512,0.0
Oahu_Battery_Conting,2507121514,0.0
Oahu_Battery_Conting,2507121516,0.0
Oahu_Battery_Conting,2507121518,0.0
Oahu_Battery_Conting,2507121520,0.0
Oahu_Battery_Conting,2507121522,0.0
Oahu_Battery_Conting,2508022000,0.0
Oahu_Battery_Conting,2508022002,0.0
Oahu_Battery_Conting,2508022004,0.0
Oahu_Battery_Conting,2508022006,0.0
Oahu_Battery_Conting,2508022008,0.0
Oahu_Battery_Conting,2508022010,0.0
Oahu_Battery_Conting,2508022012,0.0
Oahu_Battery_Conting,2508022014,0.0
Oahu_Battery_Conting,2508022016,0.0
Oahu_Battery_Conting,2508022018,0.0
Oahu_Battery_Conting,2508022020,0.0
Oahu_Battery_Conting,2508022022,0.0
Oahu_Battery_Conting,2508041000,0.0
Oahu_Battery_Conting,2508041002,0.0
Oahu_Battery_Conting,2508041004,0.0
Oahu_Battery_Conting,2508041006,0.0
Oahu_Battery_Conting,2508041008,0.0
Oahu_Battery_Conting,2508041010,0.0
Oahu_Battery_Conting,2508041012,0.0
Oahu_Battery_Conting,2508041014,0.0
Oahu_Battery_Conting,2508041016,0.0
Oahu_Battery_Conting,2508041018,0.0
Oahu_Battery_Conting,2508041020,0.0
Oahu_Battery_Conting,2508041022,0.0
Oahu_Battery_Conting,2508061700,0.0
Oahu_Battery_Conting,2508061702,0.0
Oahu_Battery_Conting,2508061704,0.0
Oahu_Battery_Conting,2508061706,0.0
Oahu_Battery_Conting,2508061708,0.0
Oahu_Battery_Conting,2508061710,0.0
Oahu_Battery_Conting,2508061712,0.0
Oahu_Battery_Conting,2508061714,0.0
Oahu_Battery_Conting,2508061716,0.0
Oahu_Battery_Conting,2508061718,0.0
Oahu_Battery_Conting,2508061720,0.0
Oahu_Battery_Conting,2508061722,0.0
Oahu_Battery_Conting,2508081800,0.0
Oahu_Battery_Conting,2508081802,0.0
Oahu_Battery_Conting,2508081804,0.0
Oahu_Battery_Conting,2508081806,0.0
Oahu_Battery_Conting,2508081808,0.0
Oahu_Battery_Conting,2508081810,0.0
Oahu_Battery_Conting,2508081812,0.0
Oahu_Battery_Conting,2508081814,0.0
Oahu_Battery_Conting,2508081816,0.0
Oahu_Battery_Conting,2508081818,0.0
Oahu_Battery_Conting,2508081820,0.0
Oahu_Battery_Conting,2508081822,0.0
Oahu_Battery_Conting,2508091000,0.0
Oahu_Battery_Conting,2508091002,0.0
Oahu_Battery_Conting,2508091004,0.0
Oahu_Battery_Conting,2508091006,0.0
Oahu_Battery_Conting,2508091008,0.0
Oahu_Battery_Conting,2508091010,0.0
Oahu_Battery_Conting,2508091012,0.0
Oahu_Battery_Conting,2508091014,0.0
Oahu_Battery_Conting,2508091016,0.0
Oahu_Battery_Conting,2508091018,0.0
Oahu_Battery_Conting,2508091020,0.0
Oahu_Battery_Conting,2508091022,0.0
Oahu_Battery_Conting,2508112200,0.0
Oahu_Battery_Conting,2508112202,0.0
Oahu_Battery_Conting,2508112204,0.0
Oahu_Battery_Conting,2508112206,0.0
Oahu_Battery_Conting,2508112208,0.0
Oahu_Battery_Conting,2508112210,0.0
Oahu_Battery_Conting,2508112212,0.0
Oahu_Battery_Conting,2508112214,0.0
Oahu_Battery_Conting,2508112216,0.0
Oahu_Battery_Conting,2508112218,0.0
Oahu_Battery_Conting,2508112220,0.0
Oahu_Battery_Conting,2508112222,0.0
Oahu_Battery_Conting,3007011200,0.0
Oahu_Battery_Conting,3007011202,0.0
Oahu_Battery_Conting,3007011204,0.0
Oahu_Battery_Conting,3007011206,0.0
Oahu_Battery_Conting,3007011208,0.0
Oahu_Battery_Conting,3007011210,0.0
Oahu_Battery_Conting,3007011212,0.0
Oahu_Battery_Conting,3007011214,0.0
Oahu_Battery_Conting,3007011216,0.0
Oahu_Battery_Conting,3007011218,0.0
Oahu_Battery_Conting,3007011220,0.0
Oahu_Battery_Conting,3007011222,0.0
Oahu_Battery_Conting,3007011900,0.0
Oahu_Battery_Conting,3007011902,0.0
Oahu_Battery_Conting,3007011904,0.0
Oahu_Battery_Conting,3007011906,0.0
Oahu_Battery_Conting,3007011908,0.0
Oahu_Battery_Conting,3007011910,0.0
Oahu_Battery_Conting,3007011912,0.0
Oahu_Battery_Conting,3007011914,0.0
Oahu_Battery_Conting,3007011916,0.0
Oahu_Battery_Conting,3007011918,0.0
Oahu_Battery_Conting,3007011920,0.0
Oahu_Battery_Conting,3007011922,0.0
Oahu_Battery_Conting,3007021200,0.0
Oahu_Battery_Conting,3007021202,0.0
Oahu_Battery_Conting,3007021204,0.0
Oahu_Battery_Conting,3007021206,0.0
Oahu_Battery_Conting,3007021208,0.0
Oahu_Battery_Conting,3007021210,0.0
Oahu_Battery_Conting,3007021212,0.0
Oahu_Battery_Conting,3007021214,0.0
Oahu_Battery_Conting,3007021216,0.0
Oahu_Battery_Conting,3007021218,0.0
Oahu_Battery_Conting,3007021220,0.0
Oahu_Battery_Conting,3007021222,0.0
Oahu_Battery_Conting,3007050200,0.0
Oahu_Battery_Conting,3007050202,0.0
Oahu_Battery_Conting,3007050204,0.0
Oahu_Battery_Conting,3007050206,0.0
Oahu_Battery_Conting,3007050208,0.0
Oahu_Battery_Conting,3007050210,0.0
Oahu_Battery_Conting,3007050212,0.0
Oahu_Battery_Conting,3007050214,0.0
Oahu_Battery_Conting,3007050216,0.0
Oahu_Battery_Conting,3007050218,0.0
Oahu_Battery_Conting,3007050220,0.0
Oahu_Battery_Conting,3007050222,0.0
Oahu_Battery_Conting,3007092200,0.0
Oahu_Battery_Conting,3007092202,0.0
Oahu_Battery_Conting,3007092204,0.0
Oahu_Battery_Conting,3007092206,0.0
Oahu_Battery_Conting,3007092208,0.0
Oahu_Battery_Conting,3007092210,0.0
Oahu_Battery_Conting,3007092212,0.0
Oahu_Battery_Conting,3007092214,0.0
Oahu_Battery_Conting,3007092216,0.0
Oahu_Battery_Conting,3007092218,0.0
Oahu_Battery_Conting,3007092220,0.0
Oahu_Battery_Conting,3007092222,0.0
Oahu_Battery_Conting,3007102700,0.0
Oahu_Battery_Conting,3007102702,0.0
Oahu_Battery_Conting,3007102704,0.0
Oahu_Battery_Conting,3007102706,0.0
Oahu_Battery_Conting,3007102708,0.0
Oahu_Battery_Conting,3007102710,0.0
Oahu_Battery_Conting,3007102712,0.0
Oahu_Battery_Conting,3007102714,0.0
Oahu_Battery_Conting,3007102716,0.0
Oahu_Battery_Conting,3007102718,0.0
Oahu_Battery_Conting,3007102720,0.0
Oahu_Battery_Conting,3007102722,0.0
Oahu_Battery_Conting,3007121500,0.0
Oahu_Battery_Conting,3007121502,0.0
Oahu_Battery_Conting,3007121504,0.0
Oahu_Battery_Conting,3007121506,0.0
Oahu_Battery_Conting,3007121508,0.0
Oahu_Battery_Conting,3007121510,0.0
Oahu_Battery_Conting,3007121512,0.0
Oahu_Battery_Conting,3007121514,0.0
Oahu_Battery_Conting,3007121516,0.0
Oahu_Battery_Conting,3007121518,0.0
Oahu_Battery_Conting,3007121520,0.0
Oahu_Battery_Conting,3007121522,0.0
Oahu_Battery_Conting,3008022000,0.0
Oahu_Battery_Conting,3008022002,0.0
Oahu_Battery_Conting,3008022004,0.0
Oahu_Battery_Conting,3008022006,0.0
Oahu_Battery_Conting,3008022008,0.0
Oahu_Battery_Conting,3008022010,0.0
Oahu_Battery_Conting,3008022012,0.0
Oahu_Battery_Conting,3008022014,0.0
Oahu_Battery_Conting,3008022016,0.0
Oahu_Battery_Conting,3008022018,0.0
Oahu_Battery_Conting,3008022020,0.0
Oahu_Battery_Conting,3008022022,0.0
Oahu_Battery_Conting,3008041000,0.0
Oahu_Battery_Conting,3008041002,0.0
Oahu_Battery_Conting,3008041004,0.0
Oahu_Battery_Conting,3008041006,0.0
Oahu_Battery_Conting,3008041008,0.0
Oahu_Battery_Conting,3008041010,0.0
Oahu_Battery_Conting,3008041012,0.0
Oahu_Battery_Conting,3008041014,0.0
Oahu_Battery_Conting,3008041016,0.0
Oahu_Battery_Conting,3008041018,0.0
Oahu_Battery_Conting,3008041020,0.0
Oahu_Battery_Conting,3008041022,0.0
Oahu_Battery_Conting,3008061700,0.0
Oahu_Battery_Conting,3008061702,0.0
Oahu_Battery_Conting,3008061704,0.0
Oahu_Battery_Conting,3008061706,0.0
Oahu_Battery_Conting,3008061708,0.0
Oahu_Battery_Conting,3008061710,0.0
Oahu_Battery_Conting,3008061712,0.0
Oahu_Battery_Conting,3008061714,0.0
Oahu_Battery_Conting,3008061716,0.0
Oahu_Battery_Conting,3008061718,0.0
Oahu_Battery_Conting,3008061720,0.0
Oahu_Battery_Conting,3008061722,0.0
Oahu_Battery_Conting,3008081800,0.0
Oahu_Battery_Conting,3008081802,0.0
Oahu_Battery_Conting,3008081804,0.0
Oahu_Battery_Conting,3008081806,0.0
Oahu_Battery_Conting,3008081808,0.0
Oahu_Battery_Conting,3008081810,0.0
Oahu_Battery_Conting,3008081812,0.0
Oahu_Battery_Conting,3008081814,0.0
Oahu_Battery_Conting,3008081816,0.0
Oahu_Battery_Conting,3008081818,0.0
Oahu_Battery_Conting,3008081820,0.0
Oahu_Battery_Conting,3008081822,0.0
Oahu_Battery_Conting,3008091000,0.0
Oahu_Battery_Conting,3008091002,0.0
Oahu_Battery_Conting,3008091004,0.0
Oahu_Battery_Conting,3008091006,0.0
Oahu_Battery_Conting,3008091008,0.0
Oahu_Battery_Conting,3008091010,0.0
Oahu_Battery_Conting,3008091012,0.0
Oahu_Battery_Conting,3008091014,0.0
Oahu_Battery_Conting,3008091016,0.0
Oahu_Battery_Conting,3008091018,0.0
Oahu_Battery_Conting,3008091020,0.0
Oahu_Battery_Conting,3008091022,0.0
Oahu_Battery_Conting,3008112200,0.0
Oahu_Battery_Conting,3008112202,0.0
Oahu_Battery_Conting,3008112204,0.0
Oahu_Battery_Conting,3008112206,0.0
Oahu_Battery_Conting,3008112208,0.0
Oahu_Battery_Conting,3008112210,0.0
Oahu_Battery_Conting,3008112212,0.0
Oahu_Battery_Conting,3008112214,0.0
Oahu_Battery_Conting,3008112216,0.0
Oahu_Battery_Conting,3008112218,0.0
Oahu_Battery_Conting,3008112220,0.0
Oahu_Battery_Conting,3008112222,0.0
Oahu_Battery_Conting,3507011200,0.0
Oahu_Battery_Conting,3507011202,0.0
Oahu_Battery_Conting,3507011204,0.0
Oahu_Battery_Conting,3507011206,0.0
Oahu_Battery_Conting,3507011208,0.0
Oahu_Battery_Conting,3507011210,0.0
Oahu_Battery_Conting,3507011212,0.0
Oahu_Battery_Conting,3507011214,0.0
Oahu_Battery_Conting,3507011216,0.0
Oahu_Battery_Conting,3507011218,0.0
Oahu_Battery_Conting,3507011220,0.0
Oahu_Battery_Conting,3507011222,0.0
Oahu_Battery_Conting,3507011900,0.0
Oahu_Battery_Conting,3507011902,0.0
Oahu_Battery_Conting,3507011904,0.0
Oahu_Battery_Conting,3507011906,0.0
Oahu_Battery_Conting,3507011908,0.0
Oahu_Battery_Conting,3507011910,0.0
Oahu_Battery_Conting,3507011912,0.0
Oahu_Battery_Conting,3507011914,0.0
Oahu_Battery_Conting,3507011916,0.0
Oahu_Battery_Conting,3507011918,0.0
Oahu_Battery_Conting,3507011920,0.0
Oahu_Battery_Conting,3507011922,0.0
Oahu_Battery_Conting,3507021200,0.0
Oahu_Battery_Conting,3507021202,0.0
Oahu_Battery_Conting,3507021204,0.0
Oahu_Battery_Conting,3507021206,0.0
Oahu_Battery_Conting,3507021208,0.0
Oahu_Battery_Conting,3507021210,0.0
Oahu_Battery_Conting,3507021212,0.0
Oahu_Battery_Conting,3507021214,0.0
Oahu_Battery_Conting,3507021216,0.0
Oahu_Battery_Conting,3507021218,0.0
Oahu_Battery_Conting,3507021220,0.0
Oahu_Battery_Conting,3507021222,0.0
Oahu_Battery_Conting,3507050200,0.0
Oahu_Battery_Conting,3507050202,0.0
Oahu_Battery_Conting,3507050204,0.0
Oahu_Battery_Conting,3507050206,0.0
Oahu_Battery_Conting,3507050208,0.0
Oahu_Battery_Conting,3507050210,0.0
Oahu_Battery_Conting,3507050212,0.0
Oahu_Battery_Conting,3507050214,0.0
Oahu_Battery_Conting,3507050216,0.0
Oahu_Battery_Conting,3507050218,0.0
Oahu_Battery_Conting,3507050220,0.0
Oahu_Battery_Conting,3507050222,0.0
Oahu_Battery_Conting,3507092200,0.0
Oahu_Battery_Conting,3507092202,0.0
Oahu_Battery_Conting,3507092204,0.0
Oahu_Battery_Conting,3507092206,0.0
Oahu_Battery_Conting,3507092208,0.0
Oahu_Battery_Conting,3507092210,0.0
Oahu_Battery_Conting,3507092212,0.0
Oahu_Battery_Conting,3507092214,0.0
Oahu_Battery_Conting,3507092216,0.0
Oahu_Battery_Conting,3507092218,0.0
Oahu_Battery_Conting,3507092220,0.0
Oahu_Battery_Conting,3507092222,0.0
Oahu_Battery_Conting,3507102700,0.0
Oahu_Battery_Conting,3507102702,0.0
Oahu_Battery_Conting,3507102704,0.0
Oahu_Battery_Conting,3507102706,0.0
Oahu_Battery_Conting,3507102708,0.0
Oahu_Battery_Conting,3507102710,0.0
Oahu_Battery_Conting,3507102712,0.0
Oahu_Battery_Conting,3507102714,0.0
Oahu_Battery_Conting,3507102716,0.0
Oahu_Battery_Conting,3507102718,0.0
Oahu_Battery_Conting,3507102720,0.0
Oahu_Battery_Conting,3507102722,0.0
Oahu_Battery_Conting,3507121500,0.0
Oahu_Battery_Conting,3507121502,0.0
Oahu_Battery_Conting,3507121504,0.0
Oahu_Battery_Conting,3507121506,0.0
Oahu_Battery_Conting,3507121508,0.0
Oahu_Battery_Conting,3507121510,0.0
Oahu_Battery_Conting,3507121512,0.0
Oahu_Battery_Conting,3507121514,0.0
Oahu_Battery_Conting,3507121516,0.0
Oahu_Battery_Conting,3507121518,0.0
Oahu_Battery_Conting,3507121520,0.0
Oahu_Battery_Conting,3507121522,0.0
Oahu_Battery_Conting,3508022000,0.0
Oahu_Battery_Conting,3508022002,0.0
Oahu_Battery_Conting,3508022004,0.0
Oahu_Battery_Conting,3508022006,0.0
Oahu_Battery_Conting,3508022008,0.0
Oahu_Battery_Conting,3508022010,0.0
Oahu_Battery_Conting,3508022012,0.0
Oahu_Battery_Conting,3508022014,0.0
Oahu_Battery_Conting,3508022016,0.0
Oahu_Battery_Conting,3508022018,0.0
Oahu_Battery_Conting,3508022020,0.0
Oahu_Battery_Conting,3508022022,0.0
Oahu_Battery_Conting,3508041000,0.0
Oahu_Battery_Conting,3508041002,0.0
Oahu_Battery_Conting,3508041004,0.0
Oahu_Battery_Conting,3508041006,0.0
Oahu_Battery_Conting,3508041008,0.0
Oahu_Battery_Conting,3508041010,0.0
Oahu_Battery_Conting,3508041012,0.0
Oahu_Battery_Conting,3508041014,0.0
Oahu_Battery_Conting,3508041016,0.0
Oahu_Battery_Conting,3508041018,0.0
Oahu_Battery_Conting,3508041020,0.0
Oahu_Battery_Conting,3508041022,0.0
Oahu_Battery_Conting,3508061700,0.0
Oahu_Battery_Conting,3508061702,0.0
Oahu_Battery_Conting,3508061704,0.0
Oahu_Battery_Conting,3508061706,0.0
Oahu_Battery_Conting,3508061708,0.0
Oahu_Battery_Conting,3508061710,0.0
Oahu_Battery_Conting,3508061712,0.0
Oahu_Battery_Conting,3508061714,0.0
Oahu_Battery_Conting,3508061716,0.0
Oahu_Battery_Conting,3508061718,0.0
Oahu_Battery_Conting,3508061720,0.0
Oahu_Battery_Conting,3508061722,0.0
Oahu_Battery_Conting,3508081800,0.0
Oahu_Battery_Conting,3508081802,0.0
Oahu_Battery_Conting,3508081804,0.0
Oahu_Battery_Conting,3508081806,0.0
Oahu_Battery_Conting,3508081808,0.0
Oahu_Battery_Conting,3508081810,0.0
Oahu_Battery_Conting,3508081812,0.0
Oahu_Battery_Conting,3508081814,0.0
Oahu_Battery_Conting,3508081816,0.0
Oahu_Battery_Conting,3508081818,0.0
Oahu_Battery_Conting,3508081820,0.0
Oahu_Battery_Conting,3508081822,0.0
Oahu_Battery_Conting,3508091000,0.0
Oahu_Battery_Conting,3508091002,0.0
Oahu_Battery_Conting,3508091004,0.0
Oahu_Battery_Conting,3508091006,0.0
Oahu_Battery_Conting,3508091008,0.0
Oahu_Battery_Conting,3508091010,0.0
Oahu_Battery_Conting,3508091012,0.0
Oahu_Battery_Conting,3508091014,0.0
Oahu_Battery_Conting,3508091016,0.0
Oahu_Battery_Conting,3508091018,0.0
Oahu_Battery_Conting,3508091020,0.0
Oahu_Battery_Conting,3508091022,0.0
Oahu_Battery_Conting,3508112200,0.0
Oahu_Battery_Conting,3508112202,0.0
Oahu_Battery_Conting,3508112204,0.0
Oahu_Battery_Conting,3508112206,0.0
Oahu_Battery_Conting,3508112208,0.0
Oahu_Battery_Conting,3508112210,0.0
Oahu_Battery_Conting,3508112212,0.0
Oahu_Battery_Conting,3508112214,0.0
Oahu_Battery_Conting,3508112216,0.0
Oahu_Battery_Conting,3508112218,0.0
Oahu_Battery_Conting,3508112220,0.0
Oahu_Battery_Conting,3508112222,0.0
Oahu_Battery_Conting,4007011200,0.0
Oahu_Battery_Conting,4007011202,0.0
Oahu_Battery_Conting,4007011204,0.0
Oahu_Battery_Conting,4007011206,0.0
Oahu_Battery_Conting,4007011208,0.0
Oahu_Battery_Conting,4007011210,0.0
Oahu_Battery_Conting,4007011212,0.0
Oahu_Battery_Conting,4007011214,0.0
Oahu_Battery_Conting,4007011216,0.0
Oahu_Battery_Conting,4007011218,0.0
Oahu_Battery_Conting,4007011220,0.0
Oahu_Battery_Conting,4007011222,0.0
Oahu_Battery_Conting,4007011900,0.0
Oahu_Battery_Conting,4007011902,0.0
Oahu_Battery_Conting,4007011904,0.0
Oahu_Battery_Conting,4007011906,0.0
Oahu_Battery_Conting,4007011908,0.0
Oahu_Battery_Conting,4007011910,0.0
Oahu_Battery_Conting,4007011912,0.0
Oahu_Battery_Conting,4007011914,0.0
Oahu_Battery_Conting,4007011916,0.0
Oahu_Battery_Conting,4007011918,0.0
Oahu_Battery_Conting,4007011920,0.0
Oahu_Battery_Conting,4007011922,0.0
Oahu_Battery_Conting,4007021200,0.0
Oahu_Battery_Conting,4007021202,0.0
Oahu_Battery_Conting,4007021204,0.0
Oahu_Battery_Conting,4007021206,0.0
Oahu_Battery_Conting,4007021208,0.0
Oahu_Battery_Conting,4007021210,0.0
Oahu_Battery_Conting,4007021212,0.0
Oahu_Battery_Conting,4007021214,0.0
Oahu_Battery_Conting,4007021216,0.0
Oahu_Battery_Conting,4007021218,0.0
Oahu_Battery_Conting,4007021220,0.0
Oahu_Battery_Conting,4007021222,0.0
Oahu_Battery_Conting,4007050200,0.0
Oahu_Battery_Conting,4007050202,0.0
Oahu_Battery_Conting,4007050204,0.0
Oahu_Battery_Conting,4007050206,0.0
Oahu_Battery_Conting,4007050208,0.0
Oahu_Battery_Conting,4007050210,0.0
Oahu_Battery_Conting,4007050212,0.0
Oahu_Battery_Conting,4007050214,0.0
Oahu_Battery_Conting,4007050216,0.0
Oahu_Battery_Conting,4007050218,0.0
Oahu_Battery_Conting,4007050220,0.0
Oahu_Battery_Conting,4007050222,0.0
Oahu_Battery_Conting,4007092200,0.0
Oahu_Battery_Conting,4007092202,0.0
Oahu_Battery_Conting,4007092204,0.0
Oahu_Battery_Conting,4007092206,0.0
Oahu_Battery_Conting,4007092208,0.0
Oahu_Battery_Conting,4007092210,0.0
Oahu_Battery_Conting,4007092212,0.0
Oahu_Battery_Conting,4007092214,0.0
Oahu_Battery_Conting,4007092216,0.0
Oahu_Battery_Conting,4007092218,0.0
Oahu_Battery_Conting,4007092220,0.0
Oahu_Battery_Conting,4007092222,0.0
Oahu_Battery_Conting,4007102700,0.0
Oahu_Battery_Conting,4007102702,0.0
Oahu_Battery_Conting,4007102704,0.0
Oahu_Battery_Conting,4007102706,0.0
Oahu_Battery_Conting,4007102708,0.0
Oahu_Battery_Conting,4007102710,0.0
Oahu_Battery_Conting,4007102712,0.0
Oahu_Battery_Conting,4007102714,0.0
Oahu_Battery_Conting,4007102716,0.0
Oahu_Battery_Conting,4007102718,0.0
Oahu_Battery_Conting,4007102720,0.0
Oahu_Battery_Conting,4007102722,0.0
Oahu_Battery_Conting,4007121500,0.0
Oahu_Battery_Conting,4007121502,0.0
Oahu_Battery_Conting,4007121504,0.0
Oahu_Battery_Conting,4007121506,0.0
Oahu_Battery_Conting,4007121508,0.0
Oahu_Battery_Conting,4007121510,0.0
Oahu_Battery_Conting,4007121512,0.0
Oahu_Battery_Conting,4007121514,0.0
Oahu_Battery_Conting,4007121516,0.0
Oahu_Battery_Conting,4007121518,0.0
Oahu_Battery_Conting,4007121520,0.0
Oahu_Battery_Conting,4007121522,0.0
Oahu_Battery_Conting,4008022000,0.0
Oahu_Battery_Conting,4008022002,0.0
Oahu_Battery_Conting,4008022004,0.0
Oahu_Battery_Conting,4008022006,0.0
Oahu_Battery_Conting,4008022008,0.0
Oahu_Battery_Conting,4008022010,0.0
Oahu_Battery_Conting,4008022012,0.0
Oahu_Battery_Conting,4008022014,0.0
Oahu_Battery_Conting,4008022016,0.0
Oahu_Battery_Conting,4008022018,0.0
Oahu_Battery_Conting,4008022020,0.0
Oahu_Battery_Conting,4008022022,0.0
Oahu_Battery_Conting,4008041000,0.0
Oahu_Battery_Conting,4008041002,0.0
Oahu_Battery_Conting,4008041004,0.0
Oahu_Battery_Conting,4008041006,0.0
Oahu_Battery_Conting,4008041008,0.0
Oahu_Battery_Conting,4008041010,0.0
Oahu_Battery_Conting,4008041012,0.0
Oahu_Battery_Conting,4008041014,0.0
Oahu_Battery_Conting,4008041016,0.0
Oahu_Battery_Conting,4008041018,0.0
Oahu_Battery_Conting,4008041020,0.0
Oahu_Battery_Conting,4008041022,0.0
Oahu_Battery_Conting,4008061700,0.0
Oahu_Battery_Conting,4008061702,0.0
Oahu_Battery_Conting,4008061704,0.0
Oahu_Battery_Conting,4008061706,0.0
Oahu_Battery_Conting,4008061708,0.0
Oahu_Battery_Conting,4008061710,0.0
Oahu_Battery_Conting,4008061712,0.0
Oahu_Battery_Conting,4008061714,0.0
Oahu_Battery_Conting,4008061716,0.0
Oahu_Battery_Conting,4008061718,0.0
Oahu_Battery_Conting,4008061720,0.0
Oahu_Battery_Conting,4008061722,0.0
Oahu_Battery_Conting,4008081800,0.0
Oahu_Battery_Conting,4008081802,0.0
Oahu_Battery_Conting,4008081804,0.0
Oahu_Battery_Conting,4008081806,0.0
Oahu_Battery_Conting,4008081808,0.0
Oahu_Battery_Conting,4008081810,0.0
Oahu_Battery_Conting,4008081812,0.0
Oahu_Battery_Conting,4008081814,0.0
Oahu_Battery_Conting,4008081816,0.0
Oahu_Battery_Conting,4008081818,0.0
Oahu_Battery_Conting,4008081820,0.0
Oahu_Battery_Conting,4008081822,0.0
Oahu_Battery_Conting,4008091000,0.0
Oahu_Battery_Conting,4008091002,0.0
Oahu_Battery_Conting,4008091004,0.0
Oahu_Battery_Conting,4008091006,0.0
Oahu_Battery_Conting,4008091008,0.0
Oahu_Battery_Conting,4008091010,0.0
Oahu_Battery_Conting,4008091012,0.0
Oahu_Battery_Conting,4008091014,0.0
Oahu_Battery_Conting,4008091016,0.0
Oahu_Battery_Conting,4008091018,0.0
Oahu_Battery_Conting,4008091020,0.0
Oahu_Battery_Conting,4008091022,0.0
Oahu_Battery_Conting,4008112200,0.0
Oahu_Battery_Conting,4008112202,0.0
Oahu_Battery_Conting,4008112204,0.0
Oahu_Battery_Conting,4008112206,0.0
Oahu_Battery_Conting,4008112208,0.0
Oahu_Battery_Conting,4008112210,0.0
Oahu_Battery_Conting,4008112212,0.0
Oahu_Battery_Conting,4008112214,0.0
Oahu_Battery_Conting,4008112216,0.0
Oahu_Battery_Conting,4008112218,0.0
Oahu_Battery_Conting,4008112220,0.0
Oahu_Battery_Conting,4008112222,0.0
Oahu_Battery_Conting,4507011200,0.0
Oahu_Battery_Conting,4507011202,0.0
Oahu_Battery_Conting,4507011204,0.0
Oahu_Battery_Conting,4507011206,0.0
Oahu_Battery_Conting,4507011208,0.0
Oahu_Battery_Conting,4507011210,0.0
Oahu_Battery_Conting,4507011212,0.0
Oahu_Battery_Conting,4507011214,0.0
Oahu_Battery_Conting,4507011216,0.0
Oahu_Battery_Conting,4507011218,0.0
Oahu_Battery_Conting,4507011220,0.0
Oahu_Battery_Conting,4507011222,0.0
Oahu_Battery_Conting,4507011900,0.0
Oahu_Battery_Conting,4507011902,0.0
Oahu_Battery_Conting,4507011904,0.0
Oahu_Battery_Conting,4507011906,0.0
Oahu_Battery_Conting,4507011908,0.0
Oahu_Battery_Conting,4507011910,0.0
Oahu_Battery_Conting,4507011912,0.0
Oahu_Battery_Conting,4507011914,0.0
Oahu_Battery_Conting,4507011916,0.0
Oahu_Battery_Conting,4507011918,0.0
Oahu_Battery_Conting,4507011920,0.0
Oahu_Battery_Conting,4507011922,0.0
Oahu_Battery_Conting,4507021200,0.0
Oahu_Battery_Conting,4507021202,0.0
Oahu_Battery_Conting,4507021204,0.0
Oahu_Battery_Conting,4507021206,0.0
Oahu_Battery_Conting,4507021208,0.0
Oahu_Battery_Conting,4507021210,0.0
Oahu_Battery_Conting,4507021212,0.0
Oahu_Battery_Conting,4507021214,0.0
Oahu_Battery_Conting,4507021216,0.0
Oahu_Battery_Conting,4507021218,0.0
Oahu_Battery_Conting,4507021220,0.0
Oahu_Battery_Conting,4507021222,0.0
Oahu_Battery_Conting,4507050200,0.0
Oahu_Battery_Conting,4507050202,0.0
Oahu_Battery_Conting,4507050204,0.0
Oahu_Battery_Conting,4507050206,0.0
Oahu_Battery_Conting,4507050208,0.0
Oahu_Battery_Conting,4507050210,0.0
Oahu_Battery_Conting,4507050212,0.0
Oahu_Battery_Conting,4507050214,0.0
Oahu_Battery_Conting,4507050216,0.0
Oahu_Battery_Conting,4507050218,0.0
Oahu_Battery_Conting,4507050220,0.0
Oahu_Battery_Conting,4507050222,0.0
Oahu_Battery_Conting,4507092200,0.0
Oahu_Battery_Conting,4507092202,0.0
Oahu_Battery_Conting,4507092204,0.0
Oahu_Battery_Conting,4507092206,0.0
Oahu_Battery_Conting,4507092208,0.0
Oahu_Battery_Conting,4507092210,0.0
Oahu_Battery_Conting,4507092212,0.0
Oahu_Battery_Conting,4507092214,0.0
Oahu_Battery_Conting,4507092216,0.0
Oahu_Battery_Conting,4507092218,0.0
Oahu_Battery_Conting,4507092220,0.0
Oahu_Battery_Conting,4507092222,0.0
Oahu_Battery_Conting,4507102700,0.0
Oahu_Battery_Conting,4507102702,0.0
Oahu_Battery_Conting,4507102704,0.0
Oahu_Battery_Conting,4507102706,0.0
Oahu_Battery_Conting,4507102708,0.0
Oahu_Battery_Conting,4507102710,0.0
Oahu_Battery_Conting,4507102712,0.0
Oahu_Battery_Conting,4507102714,0.0
Oahu_Battery_Conting,4507102716,0.0
Oahu_Battery_Conting,4507102718,0.0
Oahu_Battery_Conting,4507102720,0.0
Oahu_Battery_Conting,4507102722,0.0
Oahu_Battery_Conting,4507121500,0.0
Oahu_Battery_Conting,4507121502,0.0
Oahu_Battery_Conting,4507121504,0.0
Oahu_Battery_Conting,4507121506,0.0
Oahu_Battery_Conting,4507121508,0.0
Oahu_Battery_Conting,4507121510,0.0
Oahu_Battery_Conting,4507121512,0.0
Oahu_Battery_Conting,4507121514,0.0
Oahu_Battery_Conting,4507121516,0.0
Oahu_Battery_Conting,4507121518,0.0
Oahu_Battery_Conting,4507121520,0.0
Oahu_Battery_Conting,4507121522,0.0
Oahu_Battery_Conting,4508022000,0.0
Oahu_Battery_Conting,4508022002,0.0
Oahu_Battery_Conting,4508022004,0.0
Oahu_Battery_Conting,4508022006,0.0
Oahu_Battery_Conting,4508022008,0.0
Oahu_Battery_Conting,4508022010,0.0
Oahu_Battery_Conting,4508022012,0.0
Oahu_Battery_Conting,4508022014,0.0
Oahu_Battery_Conting,4508022016,0.0
Oahu_Battery_Conting,4508022018,0.0
Oahu_Battery_Conting,4508022020,0.0
Oahu_Battery_Conting,4508022022,0.0
Oahu_Battery_Conting,4508041000,0.0
Oahu_Battery_Conting,4508041002,0.0
Oahu_Battery_Conting,4508041004,0.0
Oahu_Battery_Conting,4508041006,0.0
Oahu_Battery_Conting,4508041008,0.0
Oahu_Battery_Conting,4508041010,0.0
Oahu_Battery_Conting,4508041012,0.0
Oahu_Battery_Conting,4508041014,0.0
Oahu_Battery_Conting,4508041016,0.0
Oahu_Battery_Conting,4508041018,0.0
Oahu_Battery_Conting,4508041020,0.0
Oahu_Battery_Conting,4508041022,0.0
Oahu_Battery_Conting,4508061700,0.0
Oahu_Battery_Conting,4508061702,0.0
Oahu_Battery_Conting,4508061704,0.0
Oahu_Battery_Conting,4508061706,0.0
Oahu_Battery_Conting,4508061708,0.0
Oahu_Battery_Conting,4508061710,0.0
Oahu_Battery_Conting,4508061712,0.0
Oahu_Battery_Conting,4508061714,0.0
Oahu_Battery_Conting,4508061716,0.0
Oahu_Battery_Conting,4508061718,0.0
Oahu_Battery_Conting,4508061720,0.0
Oahu_Battery_Conting,4508061722,0.0
Oahu_Battery_Conting,4508081800,0.0
Oahu_Battery_Conting,4508081802,0.0
Oahu_Battery_Conting,4508081804,0.0
Oahu_Battery_Conting,4508081806,0.0
Oahu_Battery_Conting,4508081808,0.0
Oahu_Battery_Conting,4508081810,0.0
Oahu_Battery_Conting,4508081812,0.0
Oahu_Battery_Conting,4508081814,0.0
Oahu_Battery_Conting,4508081816,0.0
Oahu_Battery_Conting,4508081818,0.0
Oahu_Battery_Conting,4508081820,0.0
Oahu_Battery_Conting,4508081822,0.0
Oahu_Battery_Conting,4508091000,0.0
Oahu_Battery_Conting,4508091002,0.0
Oahu_Battery_Conting,4508091004,0.0
Oahu_Battery_Conting,4508091006,0.0
Oahu_Battery_Conting,4508091008,0.0
Oahu_Battery_Conting,4508091010,0.0
Oahu_Battery_Conting,4508091012,0.0
Oahu_Battery_Conting,4508091014,0.0
Oahu_Battery_Conting,4508091016,0.0
Oahu_Battery_Conting,4508091018,0.0
Oahu_Battery_Conting,4508091020,0.0
Oahu_Battery_Conting,4508091022,0.0
Oahu_Battery_Conting,4508112200,0.0
Oahu_Battery_Conting,4508112202,0.0
Oahu_Battery_Conting,4508112204,0.0
Oahu_Battery_Conting,4508112206,0.0
Oahu_Battery_Conting,4508112208,0.0
Oahu_Battery_Conting,4508112210,0.0
Oahu_Battery_Conting,4508112212,0.0
Oahu_Battery_Conting,4508112214,0.0
Oahu_Battery_Conting,4508112216,0.0
Oahu_Battery_Conting,4508112218,0.0
Oahu_Battery_Conting,4508112220,0.0
Oahu_Battery_Conting,4508112222,0.0
Oahu_Battery_Reg,2007011200,0.0
Oahu_Battery_Reg,2007011202,0.0
Oahu_Battery_Reg,2007011204,0.0
Oahu_Battery_Reg,2007011206,0.0
Oahu_Battery_Reg,2007011208,0.0
Oahu_Battery_Reg,2007011210,0.0
Oahu_Battery_Reg,2007011212,0.0
Oahu_Battery_Reg,2007011214,0.0
Oahu_Battery_Reg,2007011216,0.0
Oahu_Battery_Reg,2007011218,0.0
Oahu_Battery_Reg,2007011220,0.0
Oahu_Battery_Reg,2007011222,0.0
Oahu_Battery_Reg,2007011900,0.0
Oahu_Battery_Reg,2007011902,0.0
Oahu_Battery_Reg,2007011904,0.0
Oahu_Battery_Reg,2007011906,0.0
Oahu_Battery_Reg,2007011908,0.0
Oahu_Battery_Reg,2007011910,0.0
Oahu_Battery_Reg,2007011912,0.0
Oahu_Battery_Reg,2007011914,0.0
Oahu_Battery_Reg,2007011916,0.0
Oahu_Battery_Reg,2007011918,0.0
Oahu_Battery_Reg,2007011920,0.0
Oahu_Battery_Reg,2007011922,0.0
Oahu_Battery_Reg,2007021200,0.0
Oahu_Battery_Reg,2007021202,0.0
Oahu_Battery_Reg,2007021204,0.0
Oahu_Battery_Reg,2007021206,0.0
Oahu_Battery_Reg,2007021208,0.0
Oahu_Battery_Reg,2007021210,0.0
Oahu_Battery_Reg,2007021212,0.0
Oahu_Battery_Reg,2007021214,0.0
Oahu_Battery_Reg,2007021216,0.0
Oahu_Battery_Reg,2007021218,0.0
Oahu_Battery_Reg,2007021220,0.0
Oahu_Battery_Reg,2007021222,0.0
Oahu_Battery_Reg,2007050200,0.0
Oahu_Battery_Reg,2007050202,0.0
Oahu_Battery_Reg,2007050204,0.0
Oahu_Battery_Reg,2007050206,0.0
Oahu_Battery_Reg,2007050208,0.0
Oahu_Battery_Reg,2007050210,0.0
Oahu_Battery_Reg,2007050212,0.0
Oahu_Battery_Reg,2007050214,0.0
Oahu_Battery_Reg,2007050216,0.0
Oahu_Battery_Reg,2007050218,0.0
Oahu_Battery_Reg,2007050220,0.0
Oahu_Battery_Reg,2007050222,0.0
Oahu_Battery_Reg,2007092200,0.0
Oahu_Battery_Reg,2007092202,0.0
Oahu_Battery_Reg,2007092204,0.0
Oahu_Battery_Reg,2007092206,0.0
Oahu_Battery_Reg,2007092208,0.0
Oahu_Battery_Reg,2007092210,0.0
Oahu_Battery_Reg,2007092212,0.0
Oahu_Battery_Reg,2007092214,0.0
Oahu_Battery_Reg,2007092216,0.0
Oahu_Battery_Reg,2007092218,0.0
Oahu_Battery_Reg,2007092220,0.0
Oahu_Battery_Reg,2007092222,0.0
Oahu_Battery_Reg,2007102700,0.0
Oahu_Battery_Reg,2007102702,0.0
Oahu_Battery_Reg,2007102704,0.0
Oahu_Battery_Reg,2007102706,0.0
Oahu_Battery_Reg,2007102708,0.0
Oahu_Battery_Reg,2007102710,0.0
Oahu_Battery_Reg,2007102712,0.0
Oahu_Battery_Reg,2007102714,0.0
Oahu_Battery_Reg,2007102716,0.0
Oahu_Battery_Reg,2007102718,0.0
Oahu_Battery_Reg,2007102720,0.0
Oahu_Battery_Reg,2007102722,0.0
Oahu_Battery_Reg,2007121500,0.0
Oahu_Battery_Reg,2007121502,0.0
Oahu_Battery_Reg,2007121504,0.0
Oahu_Battery_Reg,2007121506,0.0
Oahu_Battery_Reg,2007121508,0.0
Oahu_Battery_Reg,2007121510,0.0
Oahu_Battery_Reg,2007121512,0.0
Oahu_Battery_Reg,2007121514,0.0
Oahu_Battery_Reg,2007121516,0.0
Oahu_Battery_Reg,2007121518,0.0
Oahu_Battery_Reg,2007121520,0.0
Oahu_Battery_Reg,2007121522,0.0
Oahu_Battery_Reg,2008022000,0.0
Oahu_Battery_Reg,2008022002,0.0
Oahu_Battery_Reg,2008022004,0.0
Oahu_Battery_Reg,2008022006,0.0
Oahu_Battery_Reg,2008022008,0.0
Oahu_Battery_Reg,2008022010,0.0
Oahu_Battery_Reg,2008022012,0.0
Oahu_Battery_Reg,2008022014,0.0
Oahu_Battery_Reg,2008022016,0.0
Oahu_Battery_Reg,2008022018,0.0
Oahu_Battery_Reg,2008022020,0.0
Oahu_Battery_Reg,2008022022,0.0
Oahu_Battery_Reg,2008041000,0.0
Oahu_Battery_Reg,2008041002,0.0
Oahu_Battery_Reg,2008041004,0.0
Oahu_Battery_Reg,2008041006,0.0
Oahu_Battery_Reg,2008041008,0.0
Oahu_Battery_Reg,2008041010,0.0
Oahu_Battery_Reg,2008041012,0.0
Oahu_Battery_Reg,2008041014,0.0
Oahu_Battery_Reg,2008041016,0.0
Oahu_Battery_Reg,2008041018,0.0
Oahu_Battery_Reg,2008041020,0.0
Oahu_Battery_Reg,2008041022,0.0
Oahu_Battery_Reg,2008061700,0.0
Oahu_Battery_Reg,2008061702,0.0
Oahu_Battery_Reg,2008061704,0.0
Oahu_Battery_Reg,2008061706,0.0
Oahu_Battery_Reg,2008061708,0.0
Oahu_Battery_Reg,2008061710,0.0
Oahu_Battery_Reg,2008061712,0.0
Oahu_Battery_Reg,2008061714,0.0
Oahu_Battery_Reg,2008061716,0.0
Oahu_Battery_Reg,2008061718,0.0
Oahu_Battery_Reg,2008061720,0.0
Oahu_Battery_Reg,2008061722,0.0
Oahu_Battery_Reg,2008081800,0.0
Oahu_Battery_Reg,2008081802,0.0
Oahu_Battery_Reg,2008081804,0.0
Oahu_Battery_Reg,2008081806,0.0
Oahu_Battery_Reg,2008081808,0.0
Oahu_Battery_Reg,2008081810,0.0
Oahu_Battery_Reg,2008081812,0.0
Oahu_Battery_Reg,2008081814,0.0
Oahu_Battery_Reg,2008081816,0.0
Oahu_Battery_Reg,2008081818,0.0
Oahu_Battery_Reg,2008081820,0.0
Oahu_Battery_Reg,2008081822,0.0
Oahu_Battery_Reg,2008091000,0.0
Oahu_Battery_Reg,2008091002,0.0
Oahu_Battery_Reg,2008091004,0.0
Oahu_Battery_Reg,2008091006,0.0
Oahu_Battery_Reg,2008091008,0.0
Oahu_Battery_Reg,2008091010,0.0
Oahu_Battery_Reg,2008091012,0.0
Oahu_Battery_Reg,2008091014,0.0
Oahu_Battery_Reg,2008091016,0.0
Oahu_Battery_Reg,2008091018,0.0
Oahu_Battery_Reg,2008091020,0.0
Oahu_Battery_Reg,2008091022,0.0
Oahu_Battery_Reg,2008112200,0.0
Oahu_Battery_Reg,2008112202,0.0
Oahu_Battery_Reg,2008112204,0.0
Oahu_Battery_Reg,2008112206,0.0
Oahu_Battery_Reg,2008112208,0.0
Oahu_Battery_Reg,2008112210,0.0
Oahu_Battery_Reg,2008112212,0.0
Oahu_Battery_Reg,2008112214,0.0
Oahu_Battery_Reg,2008112216,0.0
Oahu_Battery_Reg,2008112218,0.0
Oahu_Battery_Reg,2008112220,0.0
Oahu_Battery_Reg,2008112222,0.0
Oahu_Battery_Reg,2507011200,0.0
Oahu_Battery_Reg,2507011202,0.0
Oahu_Battery_Reg,2507011204,0.0
Oahu_Battery_Reg,2507011206,0.0
Oahu_Battery_Reg,2507011208,0.0
Oahu_Battery_Reg,2507011210,0.0
Oahu_Battery_Reg,2507011212,0.0
Oahu_Battery_Reg,2507011214,0.0
Oahu_Battery_Reg,2507011216,0.0
Oahu_Battery_Reg,2507011218,0.0
Oahu_Battery_Reg,2507011220,0.0
Oahu_Battery_Reg,2507011222,0.0
Oahu_Battery_Reg,2507011900,0.0
Oahu_Battery_Reg,2507011902,0.0
Oahu_Battery_Reg,2507011904,0.0
Oahu_Battery_Reg,2507011906,0.0
Oahu_Battery_Reg,2507011908,0.0
Oahu_Battery_Reg,2507011910,0.0
Oahu_Battery_Reg,2507011912,0.0
Oahu_Battery_Reg,2507011914,0.0
Oahu_Battery_Reg,2507011916,0.0
Oahu_Battery_Reg,2507011918,0.0
Oahu_Battery_Reg,2507011920,0.0
Oahu_Battery_Reg,2507011922,0.0
Oahu_Battery_Reg,2507021200,0.0
Oahu_Battery_Reg,2507021202,0.0
Oahu_Battery_Reg,2507021204,0.0
Oahu_Battery_Reg,2507021206,0.0
Oahu_Battery_Reg,2507021208,0.0
Oahu_Battery_Reg,2507021210,0.0
Oahu_Battery_Reg,2507021212,0.0
Oahu_Battery_Reg,2507021214,0.0
Oahu_Battery_Reg,2507021216,0.0
Oahu_Battery_Reg,2507021218,0.0
Oahu_Battery_Reg,2507021220,0.0
Oahu_Battery_Reg,2507021222,0.0
Oahu_Battery_Reg,2507050200,0.0
Oahu_Battery_Reg,2507050202,0.0
Oahu_Battery_Reg,2507050204,0.0
Oahu_Battery_Reg,2507050206,0.0
Oahu_Battery_Reg,2507050208,0.0
Oahu_Battery_Reg,2507050210,0.0
Oahu_Battery_Reg,2507050212,0.0
Oahu_Battery_Reg,2507050214,0.0
Oahu_Battery_Reg,2507050216,0.0
Oahu_Battery_Reg,2507050218,0.0
Oahu_Battery_Reg,2507050220,0.0
Oahu_Battery_Reg,2507050222,0.0
Oahu_Battery_Reg,2507092200,0.0
Oahu_Battery_Reg,2507092202,0.0
Oahu_Battery_Reg,2507092204,0.0
Oahu_Battery_Reg,2507092206,0.0
Oahu_Battery_Reg,2507092208,0.0
Oahu_Battery_Reg,2507092210,0.0
Oahu_Battery_Reg,2507092212,0.0
Oahu_Battery_Reg,2507092214,0.0
Oahu_Battery_Reg,2507092216,0.0
Oahu_Battery_Reg,2507092218,0.0
Oahu_Battery_Reg,2507092220,0.0
Oahu_Battery_Reg,2507092222,0.0
Oahu_Battery_Reg,2507102700,0.0
Oahu_Battery_Reg,2507102702,0.0
Oahu_Battery_Reg,2507102704,0.0
Oahu_Battery_Reg,2507102706,0.0
Oahu_Battery_Reg,2507102708,0.0
Oahu_Battery_Reg,2507102710,0.0
Oahu_Battery_Reg,2507102712,0.0
Oahu_Battery_Reg,2507102714,0.0
Oahu_Battery_Reg,2507102716,0.0
Oahu_Battery_Reg,2507102718,0.0
Oahu_Battery_Reg,2507102720,0.0
Oahu_Battery_Reg,2507102722,0.0
Oahu_Battery_Reg,2507121500,0.0
Oahu_Battery_Reg,2507121502,0.0
Oahu_Battery_Reg,2507121504,0.0
Oahu_Battery_Reg,2507121506,0.0
Oahu_Battery_Reg,2507121508,0.0
Oahu_Battery_Reg,2507121510,0.0
Oahu_Battery_Reg,2507121512,0.0
Oahu_Battery_Reg,2507121514,0.0
Oahu_Battery_Reg,2507121516,0.0
Oahu_Battery_Reg,2507121518,0.0
Oahu_Battery_Reg,2507121520,0.0
Oahu_Battery_Reg,2507121522,0.0
Oahu_Battery_Reg,2508022000,0.0
Oahu_Battery_Reg,2508022002,0.0
Oahu_Battery_Reg,2508022004,0.0
Oahu_Battery_Reg,2508022006,0.0
Oahu_Battery_Reg,2508022008,0.0
Oahu_Battery_Reg,2508022010,0.0
Oahu_Battery_Reg,2508022012,0.0
Oahu_Battery_Reg,2508022014,0.0
Oahu_Battery_Reg,2508022016,0.0
Oahu_Battery_Reg,2508022018,0.0
Oahu_Battery_Reg,2508022020,0.0
Oahu_Battery_Reg,2508022022,0.0
Oahu_Battery_Reg,2508041000,0.0
Oahu_Battery_Reg,2508041002,0.0
Oahu_Battery_Reg,2508041004,0.0
Oahu_Battery_Reg,2508041006,0.0
Oahu_Battery_Reg,2508041008,0.0
Oahu_Battery_Reg,2508041010,0.0
Oahu_Battery_Reg,2508041012,0.0
Oahu_Battery_Reg,2508041014,0.0
Oahu_Battery_Reg,2508041016,0.0
Oahu_Battery_Reg,2508041018,0.0
Oahu_Battery_Reg,2508041020,0.0
Oahu_Battery_Reg,2508041022,0.0
Oahu_Battery_Reg,2508061700,0.0
Oahu_Battery_Reg,2508061702,0.0
Oahu_Battery_Reg,2508061704,0.0
Oahu_Battery_Reg,2508061706,0.0
Oahu_Battery_Reg,2508061708,0.0
Oahu_Battery_Reg,2508061710,0.0
Oahu_Battery_Reg,2508061712,0.0
Oahu_Battery_Reg,2508061714,0.0
Oahu_Battery_Reg,2508061716,0.0
Oahu_Battery_Reg,2508061718,0.0
Oahu_Battery_Reg,2508061720,0.0
Oahu_Battery_Reg,2508061722,0.0
Oahu_Battery_Reg,2508081800,0.0
Oahu_Battery_Reg,2508081802,0.0
Oahu_Battery_Reg,2508081804,0.0
Oahu_Battery_Reg,2508081806,0.0
Oahu_Battery_Reg,2508081808,0.0
Oahu_Battery_Reg,2508081810,0.0
Oahu_Battery_Reg,2508081812,0.0
Oahu_Battery_Reg,2508081814,0.0
Oahu_Battery_Reg,2508081816,0.0
Oahu_Battery_Reg,2508081818,0.0
Oahu_Battery_Reg,2508081820,0.0
Oahu_Battery_Reg,2508081822,0.0
Oahu_Battery_Reg,2508091000,0.0
Oahu_Battery_Reg,2508091002,0.0
Oahu_Battery_Reg,2508091004,0.0
Oahu_Battery_Reg,2508091006,0.0
Oahu_Battery_Reg,2508091008,0.0
Oahu_Battery_Reg,2508091010,0.0
Oahu_Battery_Reg,2508091012,0.0
Oahu_Battery_Reg,2508091014,0.0
Oahu_Battery_Reg,2508091016,0.0
Oahu_Battery_Reg,2508091018,0.0
Oahu_Battery_Reg,2508091020,0.0
Oahu_Battery_Reg,2508091022,0.0
Oahu_Battery_Reg,2508112200,0.0
Oahu_Battery_Reg,2508112202,0.0
Oahu_Battery_Reg,2508112204,0.0
Oahu_Battery_Reg,2508112206,0.0
Oahu_Battery_Reg,2508112208,0.0
Oahu_Battery_Reg,2508112210,0.0
Oahu_Battery_Reg,2508112212,0.0
Oahu_Battery_Reg,2508112214,0.0
Oahu_Battery_Reg,2508112216,0.0
Oahu_Battery_Reg,2508112218,0.0
Oahu_Battery_Reg,2508112220,0.0
Oahu_Battery_Reg,2508112222,0.0
Oahu_Battery_Reg,3007011200,0.0
Oahu_Battery_Reg,3007011202,0.0
Oahu_Battery_Reg,3007011204,0.0
Oahu_Battery_Reg,3007011206,0.0
Oahu_Battery_Reg,3007011208,0.0
Oahu_Battery_Reg,3007011210,0.0
Oahu_Battery_Reg,3007011212,0.0
Oahu_Battery_Reg,3007011214,0.0
Oahu_Battery_Reg,3007011216,0.0
Oahu_Battery_Reg,3007011218,0.0
Oahu_Battery_Reg,3007011220,0.0
Oahu_Battery_Reg,3007011222,0.0
Oahu_Battery_Reg,3007011900,0.0
Oahu_Battery_Reg,3007011902,0.0
Oahu_Battery_Reg,3007011904,0.0
Oahu_Battery_Reg,3007011906,0.0
Oahu_Battery_Reg,3007011908,0.0
Oahu_Battery_Reg,3007011910,0.0
Oahu_Battery_Reg,3007011912,0.0
Oahu_Battery_Reg,3007011914,0.0
Oahu_Battery_Reg,3007011916,0.0
Oahu_Battery_Reg,3007011918,0.0
Oahu_Battery_Reg,3007011920,0.0
Oahu_Battery_Reg,3007011922,0.0
Oahu_Battery_Reg,3007021200,0.0
Oahu_Battery_Reg,3007021202,0.0
Oahu_Battery_Reg,3007021204,0.0
Oahu_Battery_Reg,3007021206,0.0
Oahu_Battery_Reg,3007021208,0.0
Oahu_Battery_Reg,3007021210,0.0
Oahu_Battery_Reg,3007021212,0.0
Oahu_Battery_Reg,3007021214,0.0
Oahu_Battery_Reg,3007021216,0.0
Oahu_Battery_Reg,3007021218,0.0
Oahu_Battery_Reg,3007021220,0.0
Oahu_Battery_Reg,3007021222,0.0
Oahu_Battery_Reg,3007050200,0.0
Oahu_Battery_Reg,3007050202,0.0
Oahu_Battery_Reg,3007050204,0.0
Oahu_Battery_Reg,3007050206,0.0
Oahu_Battery_Reg,3007050208,0.0
Oahu_Battery_Reg,3007050210,0.0
Oahu_Battery_Reg,3007050212,0.0
Oahu_Battery_Reg,3007050214,0.0
Oahu_Battery_Reg,3007050216,0.0
Oahu_Battery_Reg,3007050218,0.0
Oahu_Battery_Reg,3007050220,0.0
Oahu_Battery_Reg,3007050222,0.0
Oahu_Battery_Reg,3007092200,0.0
Oahu_Battery_Reg,3007092202,0.0
Oahu_Battery_Reg,3007092204,0.0
Oahu_Battery_Reg,3007092206,0.0
Oahu_Battery_Reg,3007092208,0.0
Oahu_Battery_Reg,3007092210,0.0
Oahu_Battery_Reg,3007092212,0.0
Oahu_Battery_Reg,3007092214,0.0
Oahu_Battery_Reg,3007092216,0.0
Oahu_Battery_Reg,3007092218,0.0
Oahu_Battery_Reg,3007092220,0.0
Oahu_Battery_Reg,3007092222,0.0
Oahu_Battery_Reg,3007102700,0.0
Oahu_Battery_Reg,3007102702,0.0
Oahu_Battery_Reg,3007102704,0.0
Oahu_Battery_Reg,3007102706,0.0
Oahu_Battery_Reg,3007102708,0.0
Oahu_Battery_Reg,3007102710,0.0
Oahu_Battery_Reg,3007102712,0.0
Oahu_Battery_Reg,3007102714,0.0
Oahu_Battery_Reg,3007102716,0.0
Oahu_Battery_Reg,3007102718,0.0
Oahu_Battery_Reg,3007102720,0.0
Oahu_Battery_Reg,3007102722,0.0
Oahu_Battery_Reg,3007121500,0.0
Oahu_Battery_Reg,3007121502,0.0
Oahu_Battery_Reg,3007121504,0.0
Oahu_Battery_Reg,3007121506,0.0
Oahu_Battery_Reg,3007121508,0.0
Oahu_Battery_Reg,3007121510,0.0
Oahu_Battery_Reg,3007121512,0.0
Oahu_Battery_Reg,3007121514,0.0
Oahu_Battery_Reg,3007121516,0.0
Oahu_Battery_Reg,3007121518,0.0
Oahu_Battery_Reg,3007121520,0.0
Oahu_Battery_Reg,3007121522,0.0
Oahu_Battery_Reg,3008022000,0.0
Oahu_Battery_Reg,3008022002,0.0
Oahu_Battery_Reg,3008022004,0.0
Oahu_Battery_Reg,3008022006,0.0
Oahu_Battery_Reg,3008022008,0.0
Oahu_Battery_Reg,3008022010,0.0
Oahu_Battery_Reg,3008022012,0.0
Oahu_Battery_Reg,3008022014,0.0
Oahu_Battery_Reg,3008022016,0.0
Oahu_Battery_Reg,3008022018,0.0
Oahu_Battery_Reg,3008022020,0.0
Oahu_Battery_Reg,3008022022,0.0
Oahu_Battery_Reg,3008041000,0.0
Oahu_Battery_Reg,3008041002,0.0
Oahu_Battery_Reg,3008041004,0.0
Oahu_Battery_Reg,3008041006,0.0
Oahu_Battery_Reg,3008041008,0.0
Oahu_Battery_Reg,3008041010,0.0
Oahu_Battery_Reg,3008041012,0.0
Oahu_Battery_Reg,3008041014,0.0
Oahu_Battery_Reg,3008041016,0.0
Oahu_Battery_Reg,3008041018,0.0
Oahu_Battery_Reg,3008041020,0.0
Oahu_Battery_Reg,3008041022,0.0
Oahu_Battery_Reg,3008061700,0.0
Oahu_Battery_Reg,3008061702,0.0
Oahu_Battery_Reg,3008061704,0.0
Oahu_Battery_Reg,3008061706,0.0
Oahu_Battery_Reg,3008061708,0.0
Oahu_Battery_Reg,3008061710,0.0
Oahu_Battery_Reg,3008061712,0.0
Oahu_Battery_Reg,3008061714,0.0
Oahu_Battery_Reg,3008061716,0.0
Oahu_Battery_Reg,3008061718,0.0
Oahu_Battery_Reg,3008061720,0.0
Oahu_Battery_Reg,3008061722,0.0
Oahu_Battery_Reg,3008081800,0.0
Oahu_Battery_Reg,3008081802,0.0
Oahu_Battery_Reg,3008081804,0.0
Oahu_Battery_Reg,3008081806,0.0
Oahu_Battery_Reg,3008081808,0.0
Oahu_Battery_Reg,3008081810,0.0
Oahu_Battery_Reg,3008081812,0.0
Oahu_Battery_Reg,3008081814,0.0
Oahu_Battery_Reg,3008081816,0.0
Oahu_Battery_Reg,3008081818,0.0
Oahu_Battery_Reg,3008081820,0.0
Oahu_Battery_Reg,3008081822,0.0
Oahu_Battery_Reg,3008091000,0.0
Oahu_Battery_Reg,3008091002,0.0
Oahu_Battery_Reg,3008091004,0.0
Oahu_Battery_Reg,3008091006,0.0
Oahu_Battery_Reg,3008091008,0.0
Oahu_Battery_Reg,3008091010,0.0
Oahu_Battery_Reg,3008091012,0.0
Oahu_Battery_Reg,3008091014,0.0
Oahu_Battery_Reg,3008091016,0.0
Oahu_Battery_Reg,3008091018,0.0
Oahu_Battery_Reg,3008091020,0.0
Oahu_Battery_Reg,3008091022,0.0
Oahu_Battery_Reg,3008112200,0.0
Oahu_Battery_Reg,3008112202,0.0
Oahu_Battery_Reg,3008112204,0.0
Oahu_Battery_Reg,3008112206,0.0
Oahu_Battery_Reg,3008112208,0.0
Oahu_Battery_Reg,3008112210,0.0
Oahu_Battery_Reg,3008112212,0.0
Oahu_Battery_Reg,3008112214,0.0
Oahu_Battery_Reg,3008112216,0.0
Oahu_Battery_Reg,3008112218,0.0
Oahu_Battery_Reg,3008112220,0.0
Oahu_Battery_Reg,3008112222,0.0
Oahu_Battery_Reg,3507011200,0.0
Oahu_Battery_Reg,3507011202,0.0
Oahu_Battery_Reg,3507011204,0.0
Oahu_Battery_Reg,3507011206,0.0
Oahu_Battery_Reg,3507011208,0.0
Oahu_Battery_Reg,3507011210,0.0
Oahu_Battery_Reg,3507011212,0.0
Oahu_Battery_Reg,3507011214,0.0
Oahu_Battery_Reg,3507011216,0.0
Oahu_Battery_Reg,3507011218,0.0
Oahu_Battery_Reg,3507011220,0.0
Oahu_Battery_Reg,3507011222,0.0
Oahu_Battery_Reg,3507011900,0.0
Oahu_Battery_Reg,3507011902,0.0
Oahu_Battery_Reg,3507011904,0.0
Oahu_Battery_Reg,3507011906,0.0
Oahu_Battery_Reg,3507011908,0.0
Oahu_Battery_Reg,3507011910,0.0
Oahu_Battery_Reg,3507011912,0.0
Oahu_Battery_Reg,3507011914,0.0
Oahu_Battery_Reg,3507011916,0.0
Oahu_Battery_Reg,3507011918,0.0
Oahu_Battery_Reg,3507011920,0.0
Oahu_Battery_Reg,3507011922,0.0
Oahu_Battery_Reg,3507021200,0.0
Oahu_Battery_Reg,3507021202,0.0
Oahu_Battery_Reg,3507021204,0.0
Oahu_Battery_Reg,3507021206,0.0
Oahu_Battery_Reg,3507021208,0.0
Oahu_Battery_Reg,3507021210,0.0
Oahu_Battery_Reg,3507021212,0.0
Oahu_Battery_Reg,3507021214,0.0
Oahu_Battery_Reg,3507021216,0.0
Oahu_Battery_Reg,3507021218,0.0
Oahu_Battery_Reg,3507021220,0.0
Oahu_Battery_Reg,3507021222,0.0
Oahu_Battery_Reg,3507050200,0.0
Oahu_Battery_Reg,3507050202,0.0
Oahu_Battery_Reg,3507050204,0.0
Oahu_Battery_Reg,3507050206,0.0
Oahu_Battery_Reg,3507050208,0.0
Oahu_Battery_Reg,3507050210,0.0
Oahu_Battery_Reg,3507050212,0.0
Oahu_Battery_Reg,3507050214,0.0
Oahu_Battery_Reg,3507050216,0.0
Oahu_Battery_Reg,3507050218,0.0
Oahu_Battery_Reg,3507050220,0.0
Oahu_Battery_Reg,3507050222,0.0
Oahu_Battery_Reg,3507092200,0.0
Oahu_Battery_Reg,3507092202,0.0
Oahu_Battery_Reg,3507092204,0.0
Oahu_Battery_Reg,3507092206,0.0
Oahu_Battery_Reg,3507092208,0.0
Oahu_Battery_Reg,3507092210,0.0
Oahu_Battery_Reg,3507092212,0.0
Oahu_Battery_Reg,3507092214,0.0
Oahu_Battery_Reg,3507092216,0.0
Oahu_Battery_Reg,3507092218,0.0
Oahu_Battery_Reg,3507092220,0.0
Oahu_Battery_Reg,3507092222,0.0
Oahu_Battery_Reg,3507102700,0.0
Oahu_Battery_Reg,3507102702,0.0
Oahu_Battery_Reg,3507102704,0.0
Oahu_Battery_Reg,3507102706,0.0
Oahu_Battery_Reg,3507102708,0.0
Oahu_Battery_Reg,3507102710,0.0
Oahu_Battery_Reg,3507102712,0.0
Oahu_Battery_Reg,3507102714,0.0
Oahu_Battery_Reg,3507102716,0.0
Oahu_Battery_Reg,3507102718,0.0
Oahu_Battery_Reg,3507102720,0.0
Oahu_Battery_Reg,3507102722,0.0
Oahu_Battery_Reg,3507121500,0.0
Oahu_Battery_Reg,3507121502,0.0
Oahu_Battery_Reg,3507121504,0.0
Oahu_Battery_Reg,3507121506,0.0
Oahu_Battery_Reg,3507121508,0.0
Oahu_Battery_Reg,3507121510,0.0
Oahu_Battery_Reg,3507121512,0.0
Oahu_Battery_Reg,3507121514,0.0
Oahu_Battery_Reg,3507121516,0.0
Oahu_Battery_Reg,3507121518,0.0
Oahu_Battery_Reg,3507121520,0.0
Oahu_Battery_Reg,3507121522,0.0
Oahu_Battery_Reg,3508022000,0.0
Oahu_Battery_Reg,3508022002,0.0
Oahu_Battery_Reg,3508022004,0.0
Oahu_Battery_Reg,3508022006,0.0
Oahu_Battery_Reg,3508022008,0.0
Oahu_Battery_Reg,3508022010,0.0
Oahu_Battery_Reg,3508022012,0.0
Oahu_Battery_Reg,3508022014,0.0
Oahu_Battery_Reg,3508022016,0.0
Oahu_Battery_Reg,3508022018,0.0
Oahu_Battery_Reg,3508022020,0.0
Oahu_Battery_Reg,3508022022,0.0
Oahu_Battery_Reg,3508041000,0.0
Oahu_Battery_Reg,3508041002,0.0
Oahu_Battery_Reg,3508041004,0.0
Oahu_Battery_Reg,3508041006,0.0
Oahu_Battery_Reg,3508041008,0.0
Oahu_Battery_Reg,3508041010,0.0
Oahu_Battery_Reg,3508041012,0.0
Oahu_Battery_Reg,3508041014,0.0
Oahu_Battery_Reg,3508041016,0.0
Oahu_Battery_Reg,3508041018,0.0
Oahu_Battery_Reg,3508041020,0.0
Oahu_Battery_Reg,3508041022,0.0
Oahu_Battery_Reg,3508061700,0.0
Oahu_Battery_Reg,3508061702,0.0
Oahu_Battery_Reg,3508061704,0.0
Oahu_Battery_Reg,3508061706,0.0
Oahu_Battery_Reg,3508061708,0.0
Oahu_Battery_Reg,3508061710,0.0
Oahu_Battery_Reg,3508061712,0.0
Oahu_Battery_Reg,3508061714,0.0
Oahu_Battery_Reg,3508061716,0.0
Oahu_Battery_Reg,3508061718,0.0
Oahu_Battery_Reg,3508061720,0.0
Oahu_Battery_Reg,3508061722,0.0
Oahu_Battery_Reg,3508081800,0.0
Oahu_Battery_Reg,3508081802,0.0
Oahu_Battery_Reg,3508081804,0.0
Oahu_Battery_Reg,3508081806,0.0
Oahu_Battery_Reg,3508081808,0.0
Oahu_Battery_Reg,3508081810,0.0
Oahu_Battery_Reg,3508081812,0.0
Oahu_Battery_Reg,3508081814,0.0
Oahu_Battery_Reg,3508081816,0.0
Oahu_Battery_Reg,3508081818,0.0
Oahu_Battery_Reg,3508081820,0.0
Oahu_Battery_Reg,3508081822,0.0
Oahu_Battery_Reg,3508091000,0.0
Oahu_Battery_Reg,3508091002,0.0
Oahu_Battery_Reg,3508091004,0.0
Oahu_Battery_Reg,3508091006,0.0
Oahu_Battery_Reg,3508091008,0.0
Oahu_Battery_Reg,3508091010,0.0
Oahu_Battery_Reg,3508091012,0.0
Oahu_Battery_Reg,3508091014,0.0
Oahu_Battery_Reg,3508091016,0.0
Oahu_Battery_Reg,3508091018,0.0
Oahu_Battery_Reg,3508091020,0.0
Oahu_Battery_Reg,3508091022,0.0
Oahu_Battery_Reg,3508112200,0.0
Oahu_Battery_Reg,3508112202,0.0
Oahu_Battery_Reg,3508112204,0.0
Oahu_Battery_Reg,3508112206,0.0
Oahu_Battery_Reg,3508112208,0.0
Oahu_Battery_Reg,3508112210,0.0
Oahu_Battery_Reg,3508112212,0.0
Oahu_Battery_Reg,3508112214,0.0
Oahu_Battery_Reg,3508112216,0.0
Oahu_Battery_Reg,3508112218,0.0
Oahu_Battery_Reg,3508112220,0.0
Oahu_Battery_Reg,3508112222,0.0
Oahu_Battery_Reg,4007011200,0.0
Oahu_Battery_Reg,4007011202,0.0
Oahu_Battery_Reg,4007011204,0.0
Oahu_Battery_Reg,4007011206,0.0
Oahu_Battery_Reg,4007011208,0.0
Oahu_Battery_Reg,4007011210,0.0
Oahu_Battery_Reg,4007011212,0.0
Oahu_Battery_Reg,4007011214,0.0
Oahu_Battery_Reg,4007011216,0.0
Oahu_Battery_Reg,4007011218,0.0
Oahu_Battery_Reg,4007011220,0.0
Oahu_Battery_Reg,4007011222,0.0
Oahu_Battery_Reg,4007011900,0.0
Oahu_Battery_Reg,4007011902,0.0
Oahu_Battery_Reg,4007011904,0.0
Oahu_Battery_Reg,4007011906,0.0
Oahu_Battery_Reg,4007011908,0.0
Oahu_Battery_Reg,4007011910,0.0
Oahu_Battery_Reg,4007011912,0.0
Oahu_Battery_Reg,4007011914,0.0
Oahu_Battery_Reg,4007011916,0.0
Oahu_Battery_Reg,4007011918,0.0
Oahu_Battery_Reg,4007011920,0.0
Oahu_Battery_Reg,4007011922,0.0
Oahu_Battery_Reg,4007021200,0.0
Oahu_Battery_Reg,4007021202,0.0
Oahu_Battery_Reg,4007021204,0.0
Oahu_Battery_Reg,4007021206,0.0
Oahu_Battery_Reg,4007021208,0.0
Oahu_Battery_Reg,4007021210,0.0
Oahu_Battery_Reg,4007021212,0.0
Oahu_Battery_Reg,4007021214,0.0
Oahu_Battery_Reg,4007021216,0.0
Oahu_Battery_Reg,4007021218,0.0
Oahu_Battery_Reg,4007021220,0.0
Oahu_Battery_Reg,4007021222,0.0
Oahu_Battery_Reg,4007050200,0.0
Oahu_Battery_Reg,4007050202,0.0
Oahu_Battery_Reg,4007050204,0.0
Oahu_Battery_Reg,4007050206,0.0
Oahu_Battery_Reg,4007050208,0.0
Oahu_Battery_Reg,4007050210,0.0
Oahu_Battery_Reg,4007050212,0.0
Oahu_Battery_Reg,4007050214,0.0
Oahu_Battery_Reg,4007050216,0.0
Oahu_Battery_Reg,4007050218,0.0
Oahu_Battery_Reg,4007050220,0.0
Oahu_Battery_Reg,4007050222,0.0
Oahu_Battery_Reg,4007092200,0.0
Oahu_Battery_Reg,4007092202,0.0
Oahu_Battery_Reg,4007092204,0.0
Oahu_Battery_Reg,4007092206,0.0
Oahu_Battery_Reg,4007092208,0.0
Oahu_Battery_Reg,4007092210,0.0
Oahu_Battery_Reg,4007092212,0.0
Oahu_Battery_Reg,4007092214,0.0
Oahu_Battery_Reg,4007092216,0.0
Oahu_Battery_Reg,4007092218,0.0
Oahu_Battery_Reg,4007092220,0.0
Oahu_Battery_Reg,4007092222,0.0
Oahu_Battery_Reg,4007102700,0.0
Oahu_Battery_Reg,4007102702,0.0
Oahu_Battery_Reg,4007102704,0.0
Oahu_Battery_Reg,4007102706,0.0
Oahu_Battery_Reg,4007102708,0.0
Oahu_Battery_Reg,4007102710,0.0
Oahu_Battery_Reg,4007102712,0.0
Oahu_Battery_Reg,4007102714,0.0
Oahu_Battery_Reg,4007102716,0.0
Oahu_Battery_Reg,4007102718,0.0
Oahu_Battery_Reg,4007102720,0.0
Oahu_Battery_Reg,4007102722,0.0
Oahu_Battery_Reg,4007121500,0.0
Oahu_Battery_Reg,4007121502,0.0
Oahu_Battery_Reg,4007121504,0.0
Oahu_Battery_Reg,4007121506,0.0
Oahu_Battery_Reg,4007121508,0.0
Oahu_Battery_Reg,4007121510,0.0
Oahu_Battery_Reg,4007121512,0.0
Oahu_Battery_Reg,4007121514,0.0
Oahu_Battery_Reg,4007121516,0.0
Oahu_Battery_Reg,4007121518,0.0
Oahu_Battery_Reg,4007121520,0.0
Oahu_Battery_Reg,4007121522,0.0
Oahu_Battery_Reg,4008022000,0.0
Oahu_Battery_Reg,4008022002,0.0
Oahu_Battery_Reg,4008022004,0.0
Oahu_Battery_Reg,4008022006,0.0
Oahu_Battery_Reg,4008022008,0.0
Oahu_Battery_Reg,4008022010,0.0
Oahu_Battery_Reg,4008022012,0.0
Oahu_Battery_Reg,4008022014,0.0
Oahu_Battery_Reg,4008022016,0.0
Oahu_Battery_Reg,4008022018,0.0
Oahu_Battery_Reg,4008022020,0.0
Oahu_Battery_Reg,4008022022,0.0
Oahu_Battery_Reg,4008041000,0.0
Oahu_Battery_Reg,4008041002,0.0
Oahu_Battery_Reg,4008041004,0.0
Oahu_Battery_Reg,4008041006,0.0
Oahu_Battery_Reg,4008041008,0.0
Oahu_Battery_Reg,4008041010,0.0
Oahu_Battery_Reg,4008041012,0.0
Oahu_Battery_Reg,4008041014,0.0
Oahu_Battery_Reg,4008041016,0.0
Oahu_Battery_Reg,4008041018,0.0
Oahu_Battery_Reg,4008041020,0.0
Oahu_Battery_Reg,4008041022,0.0
Oahu_Battery_Reg,4008061700,0.0
Oahu_Battery_Reg,4008061702,0.0
Oahu_Battery_Reg,4008061704,0.0
Oahu_Battery_Reg,4008061706,0.0
Oahu_Battery_Reg,4008061708,0.0
Oahu_Battery_Reg,4008061710,0.0
Oahu_Battery_Reg,4008061712,0.0
Oahu_Battery_Reg,4008061714,0.0
Oahu_Battery_Reg,4008061716,0.0
Oahu_Battery_Reg,4008061718,0.0
Oahu_Battery_Reg,4008061720,0.0
Oahu_Battery_Reg,4008061722,0.0
Oahu_Battery_Reg,4008081800,0.0
Oahu_Battery_Reg,4008081802,0.0
Oahu_Battery_Reg,4008081804,0.0
Oahu_Battery_Reg,4008081806,0.0
Oahu_Battery_Reg,4008081808,0.0
Oahu_Battery_Reg,4008081810,0.0
Oahu_Battery_Reg,4008081812,0.0
Oahu_Battery_Reg,4008081814,0.0
Oahu_Battery_Reg,4008081816,0.0
Oahu_Battery_Reg,4008081818,0.0
Oahu_Battery_Reg,4008081820,0.0
Oahu_Battery_Reg,4008081822,0.0
Oahu_Battery_Reg,4008091000,0.0
Oahu_Battery_Reg,4008091002,0.0
Oahu_Battery_Reg,4008091004,0.0
Oahu_Battery_Reg,4008091006,0.0
Oahu_Battery_Reg,4008091008,0.0
Oahu_Battery_Reg,4008091010,0.0
Oahu_Battery_Reg,4008091012,0.0
Oahu_Battery_Reg,4008091014,0.0
Oahu_Battery_Reg,4008091016,0.0
Oahu_Battery_Reg,4008091018,0.0
Oahu_Battery_Reg,4008091020,0.0
Oahu_Battery_Reg,4008091022,0.0
Oahu_Battery_Reg,4008112200,0.0
Oahu_Battery_Reg,4008112202,0.0
Oahu_Battery_Reg,4008112204,0.0
Oahu_Battery_Reg,4008112206,0.0
Oahu_Battery_Reg,4008112208,0.0
Oahu_Battery_Reg,4008112210,0.0
Oahu_Battery_Reg,4008112212,0.0
Oahu_Battery_Reg,4008112214,0.0
Oahu_Battery_Reg,4008112216,0.0
Oahu_Battery_Reg,4008112218,0.0
Oahu_Battery_Reg,4008112220,0.0
Oahu_Battery_Reg,4008112222,0.0
Oahu_Battery_Reg,4507011200,0.0
Oahu_Battery_Reg,4507011202,0.0
Oahu_Battery_Reg,4507011204,0.0
Oahu_Battery_Reg,4507011206,0.0
Oahu_Battery_Reg,4507011208,0.0
Oahu_Battery_Reg,4507011210,0.0
Oahu_Battery_Reg,4507011212,0.0
Oahu_Battery_Reg,4507011214,0.0
Oahu_Battery_Reg,4507011216,0.0
Oahu_Battery_Reg,4507011218,0.0
Oahu_Battery_Reg,4507011220,0.0
Oahu_Battery_Reg,4507011222,0.0
Oahu_Battery_Reg,4507011900,0.0
Oahu_Battery_Reg,4507011902,0.0
Oahu_Battery_Reg,4507011904,0.0
Oahu_Battery_Reg,4507011906,0.0
Oahu_Battery_Reg,4507011908,0.0
Oahu_Battery_Reg,4507011910,0.0
Oahu_Battery_Reg,4507011912,0.0
Oahu_Battery_Reg,4507011914,0.0
Oahu_Battery_Reg,4507011916,0.0
Oahu_Battery_Reg,4507011918,0.0
Oahu_Battery_Reg,4507011920,0.0
Oahu_Battery_Reg,4507011922,0.0
Oahu_Battery_Reg,4507021200,0.0
Oahu_Battery_Reg,4507021202,0.0
Oahu_Battery_Reg,4507021204,0.0
Oahu_Battery_Reg,4507021206,0.0
Oahu_Battery_Reg,4507021208,0.0
Oahu_Battery_Reg,4507021210,0.0
Oahu_Battery_Reg,4507021212,0.0
Oahu_Battery_Reg,4507021214,0.0
Oahu_Battery_Reg,4507021216,0.0
Oahu_Battery_Reg,4507021218,0.0
Oahu_Battery_Reg,4507021220,0.0
Oahu_Battery_Reg,4507021222,0.0
Oahu_Battery_Reg,4507050200,0.0
Oahu_Battery_Reg,4507050202,0.0
Oahu_Battery_Reg,4507050204,0.0
Oahu_Battery_Reg,4507050206,0.0
Oahu_Battery_Reg,4507050208,0.0
Oahu_Battery_Reg,4507050210,0.0
Oahu_Battery_Reg,4507050212,0.0
Oahu_Battery_Reg,4507050214,0.0
Oahu_Battery_Reg,4507050216,0.0
Oahu_Battery_Reg,4507050218,0.0
Oahu_Battery_Reg,4507050220,0.0
Oahu_Battery_Reg,4507050222,0.0
Oahu_Battery_Reg,4507092200,0.0
Oahu_Battery_Reg,4507092202,0.0
Oahu_Battery_Reg,4507092204,0.0
Oahu_Battery_Reg,4507092206,0.0
Oahu_Battery_Reg,4507092208,0.0
Oahu_Battery_Reg,4507092210,0.0
Oahu_Battery_Reg,4507092212,0.0
Oahu_Battery_Reg,4507092214,0.0
Oahu_Battery_Reg,4507092216,0.0
Oahu_Battery_Reg,4507092218,0.0
Oahu_Battery_Reg,4507092220,0.0
Oahu_Battery_Reg,4507092222,0.0
Oahu_Battery_Reg,4507102700,0.0
Oahu_Battery_Reg,4507102702,0.0
Oahu_Battery_Reg,4507102704,0.0
Oahu_Battery_Reg,4507102706,0.0
Oahu_Battery_Reg,4507102708,0.0
Oahu_Battery_Reg,4507102710,0.0
Oahu_Battery_Reg,4507102712,0.0
Oahu_Battery_Reg,4507102714,0.0
Oahu_Battery_Reg,4507102716,0.0
Oahu_Battery_Reg,4507102718,0.0
Oahu_Battery_Reg,4507102720,0.0
Oahu_Battery_Reg,4507102722,0.0
Oahu_Battery_Reg,4507121500,0.0
Oahu_Battery_Reg,4507121502,0.0
Oahu_Battery_Reg,4507121504,0.0
Oahu_Battery_Reg,4507121506,0.0
Oahu_Battery_Reg,4507121508,0.0
Oahu_Battery_Reg,4507121510,0.0
Oahu_Battery_Reg,4507121512,0.0
Oahu_Battery_Reg,4507121514,0.0
Oahu_Battery_Reg,4507121516,0.0
Oahu_Battery_Reg,4507121518,0.0
Oahu_Battery_Reg,4507121520,0.0
Oahu_Battery_Reg,4507121522,0.0
Oahu_Battery_Reg,4508022000,0.0
Oahu_Battery_Reg,4508022002,0.0
Oahu_Battery_Reg,4508022004,0.0
Oahu_Battery_Reg,4508022006,0.0
Oahu_Battery_Reg,4508022008,0.0
Oahu_Battery_Reg,4508022010,0.0
Oahu_Battery_Reg,4508022012,0.0
Oahu_Battery_Reg,4508022014,0.0
Oahu_Battery_Reg,4508022016,0.0
Oahu_Battery_Reg,4508022018,0.0
Oahu_Battery_Reg,4508022020,0.0
Oahu_Battery_Reg,4508022022,0.0
Oahu_Battery_Reg,4508041000,0.0
Oahu_Battery_Reg,4508041002,0.0
Oahu_Battery_Reg,4508041004,0.0
Oahu_Battery_Reg,4508041006,0.0
Oahu_Battery_Reg,4508041008,0.0
Oahu_Battery_Reg,4508041010,0.0
Oahu_Battery_Reg,4508041012,0.0
Oahu_Battery_Reg,4508041014,0.0
Oahu_Battery_Reg,4508041016,0.0
Oahu_Battery_Reg,4508041018,0.0
Oahu_Battery_Reg,4508041020,0.0
Oahu_Battery_Reg,4508041022,0.0
Oahu_Battery_Reg,4508061700,0.0
Oahu_Battery_Reg,4508061702,0.0
Oahu_Battery_Reg,4508061704,0.0
Oahu_Battery_Reg,4508061706,0.0
Oahu_Battery_Reg,4508061708,0.0
Oahu_Battery_Reg,4508061710,0.0
Oahu_Battery_Reg,4508061712,0.0
Oahu_Battery_Reg,4508061714,0.0
Oahu_Battery_Reg,4508061716,0.0
Oahu_Battery_Reg,4508061718,0.0
Oahu_Battery_Reg,4508061720,0.0
Oahu_Battery_Reg,4508061722,0.0
Oahu_Battery_Reg,4508081800,0.0
Oahu_Battery_Reg,4508081802,0.0
Oahu_Battery_Reg,4508081804,0.0
Oahu_Battery_Reg,4508081806,0.0
Oahu_Battery_Reg,4508081808,0.0
Oahu_Battery_Reg,4508081810,0.0
Oahu_Battery_Reg,4508081812,0.0
Oahu_Battery_Reg,4508081814,0.0
Oahu_Battery_Reg,4508081816,0.0
Oahu_Battery_Reg,4508081818,0.0
Oahu_Battery_Reg,4508081820,0.0
Oahu_Battery_Reg,4508081822,0.0
Oahu_Battery_Reg,4508091000,0.0
Oahu_Battery_Reg,4508091002,0.0
Oahu_Battery_Reg,4508091004,0.0
Oahu_Battery_Reg,4508091006,0.0
Oahu_Battery_Reg,4508091008,0.0
Oahu_Battery_Reg,4508091010,0.0
Oahu_Battery_Reg,4508091012,0.0
Oahu_Battery_Reg,4508091014,0.0
Oahu_Battery_Reg,4508091016,0.0
Oahu_Battery_Reg,4508091018,0.0
Oahu_Battery_Reg,4508091020,0.0
Oahu_Battery_Reg,4508091022,0.0
Oahu_Battery_Reg,4508112200,0.0
Oahu_Battery_Reg,4508112202,0.0
Oahu_Battery_Reg,4508112204,0.0
Oahu_Battery_Reg,4508112206,0.0
Oahu_Battery_Reg,4508112208,0.0
Oahu_Battery_Reg,4508112210,0.0
Oahu_Battery_Reg,4508112212,0.0
Oahu_Battery_Reg,4508112214,0.0
Oahu_Battery_Reg,4508112216,0.0
Oahu_Battery_Reg,4508112218,0.0
Oahu_Battery_Reg,4508112220,0.0
Oahu_Battery_Reg,4508112222,0.0
