RFM_SUPPLY_TIERS_1,RFM_SUPPLY_TIERS_2,RFM_SUPPLY_TIERS_3,ConsumeFuelTier
Hawaii_Biodiesel,2020,base,39384.41359122257
Hawaii_Biodiesel,2025,base,19921.54252565009
Hawaii_Biodiesel,2030,base,44837.92650150665
Hawaii_Biodiesel,2035,base,27217.607780462436
Hawaii_Biodiesel,2040,base,34718.11675064743
Hawaii_Biodiesel,2045,base,3947712.2516593076
Hawaii_Coal,2020,base,15501746.399231844
Hawaii_Coal,2025,base,0.0
Hawaii_Coal,2030,base,0.0
Hawaii_Coal,2035,base,0.0
Hawaii_Coal,2040,base,0.0
Hawaii_Coal,2045,base,0.0
Hawaii_Diesel,2020,base,334753.26672467316
Hawaii_Diesel,2025,base,393982.2851140738
Hawaii_Diesel,2030,base,319087.35550446395
Hawaii_Diesel,2035,base,212712.45623107316
Hawaii_Diesel,2040,base,231996.8760450169
Hawaii_Diesel,2045,base,0.0
Hawaii_LNG,2020,bulk_05,0.0
Hawaii_LNG,2020,bulk_10,0.0
Hawaii_LNG,2020,bulk_15,0.0
Hawaii_LNG,2020,bulk_20,0.0
Hawaii_LNG,2020,bulk_25,0.0
Hawaii_LNG,2020,container_05,0.0
Hawaii_LNG,2020,container_10,0.0
Hawaii_LNG,2020,container_15,0.0
Hawaii_LNG,2020,container_20,0.0
Hawaii_LNG,2020,container_25,0.0
Hawaii_LNG,2025,bulk_05,0.0
Hawaii_LNG,2025,bulk_10,0.0
Hawaii_LNG,2025,bulk_15,0.0
Hawaii_LNG,2025,bulk_20,0.0
Hawaii_LNG,2025,bulk_25,0.0
Hawaii_LNG,2025,container_05,0.0
Hawaii_LNG,2025,container_10,0.0
Hawaii_LNG,2025,container_15,0.0
Hawaii_LNG,2025,container_20,0.0
Hawaii_LNG,2025,container_25,0.0
Hawaii_LNG,2030,bulk_05,0.0
Hawaii_LNG,2030,bulk_10,0.0
Hawaii_LNG,2030,bulk_15,0.0
Hawaii_LNG,2030,bulk_20,0.0
Hawaii_LNG,2030,bulk_25,0.0
Hawaii_LNG,2030,container_05,0.0
Hawaii_LNG,2030,container_10,0.0
Hawaii_LNG,2030,container_15,0.0
Hawaii_LNG,2030,container_20,0.0
Hawaii_LNG,2030,container_25,0.0
Hawaii_LNG,2035,bulk_05,0.0
Hawaii_LNG,2035,bulk_10,0.0
Hawaii_LNG,2035,bulk_15,0.0
Hawaii_LNG,2035,bulk_20,0.0
Hawaii_LNG,2035,bulk_25,0.0
Hawaii_LNG,2035,container_05,0.0
Hawaii_LNG,2035,container_10,0.0
Hawaii_LNG,2035,container_15,0.0
Hawaii_LNG,2035,container_20,0.0
Hawaii_LNG,2035,container_25,0.0
Hawaii_LNG,2040,bulk_05,0.0
Hawaii_LNG,2040,bulk_10,0.0
Hawaii_LNG,2040,bulk_15,0.0
Hawaii_LNG,2040,bulk_20,0.0
Hawaii_LNG,2040,bulk_25,0.0
Hawaii_LNG,2040,container_05,0.0
Hawaii_LNG,2040,container_10,0.0
Hawaii_LNG,2040,container_15,0.0
Hawaii_LNG,2040,container_20,0.0
Hawaii_LNG,2040,container_25,0.0
Hawaii_LNG,2045,bulk_05,0.0
Hawaii_LNG,2045,bulk_10,0.0
Hawaii_LNG,2045,bulk_15,0.0
Hawaii_LNG,2045,bulk_20,0.0
Hawaii_LNG,2045,bulk_25,0.0
Hawaii_LNG,2045,container_05,0.0
Hawaii_LNG,2045,container_10,0.0
Hawaii_LNG,2045,container_15,0.0
Hawaii_LNG,2045,container_20,0.0
Hawaii_LNG,2045,container_25,0.0
Hawaii_LSFO,2020,base,25984366.350564755
Hawaii_LSFO,2025,base,32604811.53706827
Hawaii_LSFO,2030,base,19188166.744654592
Hawaii_LSFO,2035,base,18732959.372899503
Hawaii_LSFO,2040,base,15764886.667293888
Hawaii_LSFO,2045,base,0.0
Hawaii_Motor_Diesel,2020,base,0.0
Hawaii_Motor_Diesel,2025,base,0.0
Hawaii_Motor_Diesel,2030,base,0.0
Hawaii_Motor_Diesel,2035,base,0.0
Hawaii_Motor_Diesel,2040,base,0.0
Hawaii_Motor_Diesel,2045,base,0.0
Hawaii_Motor_Gasoline,2020,base,0.0
Hawaii_Motor_Gasoline,2025,base,0.0
Hawaii_Motor_Gasoline,2030,base,0.0
Hawaii_Motor_Gasoline,2035,base,0.0
Hawaii_Motor_Gasoline,2040,base,0.0
Hawaii_Motor_Gasoline,2045,base,0.0
Hawaii_Pellet-Biomass,2020,base,0.0
Hawaii_Pellet-Biomass,2025,base,0.0
Hawaii_Pellet-Biomass,2030,base,0.0
Hawaii_Pellet-Biomass,2035,base,0.0
Hawaii_Pellet-Biomass,2040,base,0.0
Hawaii_Pellet-Biomass,2045,base,0.0
